seed,agent,episode,reward,epsilon,llm_calls,mean_td_error,sabotage_active,sabotage_type,evaluation_mode
42,vanilla,0,10.0,1.0,0,0.9959120770295462,0,sensor_inversion,0
42,vanilla,1,10.0,1.0,0,0.9984602014223736,0,sensor_inversion,0
42,vanilla,2,35.0,1.0,0,1.0084434356008256,0,sensor_inversion,0
42,vanilla,3,32.0,0.8866535105013078,0,0.6921117765208085,0,sensor_inversion,0
42,vanilla,4,30.0,0.7628626641409962,0,0.19532253543535869,0,sensor_inversion,0
42,vanilla,5,21.0,0.6866430931872001,0,0.03326014204630777,0,sensor_inversion,0
42,vanilla,6,11.0,0.6498078359349755,0,0.02892990184552742,0,sensor_inversion,0
42,vanilla,7,18.0,0.5937455908197752,0,0.03522536268940678,0,sensor_inversion,0
42,vanilla,8,16.0,0.547986285490042,0,0.018042451391617458,0,sensor_inversion,0
42,vanilla,9,63.0,0.3995984329713264,0,0.014931179543651602,0,sensor_inversion,0
42,vanilla,10,11.0,0.37816180712868996,0,0.012554204825199011,0,sensor_inversion,0
42,vanilla,11,12.0,0.35608578229633,0,0.6231755101018482,0,sensor_inversion,0
42,vanilla,12,9.0,0.3403786882983606,0,0.456978925952205,0,sensor_inversion,0
42,vanilla,13,8.0,0.326999438029567,0,0.46401142577330273,0,sensor_inversion,0
42,vanilla,14,29.0,0.2827589419554058,0,0.08462301616010995,0,sensor_inversion,0
42,vanilla,15,9.0,0.2702863258025825,0,0.18654494373886674,0,sensor_inversion,0
42,vanilla,16,9.0,0.2583638820072446,0,0.1898191902372572,0,sensor_inversion,0
42,vanilla,17,19.0,0.23489314109365644,0,0.09059675743705348,0,sensor_inversion,0
42,vanilla,18,13.0,0.22007483514733558,0,0.10751248934330083,0,sensor_inversion,0
42,vanilla,19,12.0,0.20722748400265262,0,0.1408450504144033,0,sensor_inversion,0
42,vanilla,20,13.0,0.19415447453059972,0,0.09989999807797946,0,sensor_inversion,0
42,vanilla,21,15.0,0.1800916657318127,0,0.46314331955379906,0,sensor_inversion,0
42,vanilla,22,13.0,0.16873052768933355,0,0.32072844872107875,0,sensor_inversion,0
42,vanilla,23,18.0,0.15417328217978102,0,0.197882405033818,0,sensor_inversion,0
42,vanilla,24,13.0,0.14444721332374086,0,0.18605885750208145,0,sensor_inversion,0
42,vanilla,25,10.0,0.13738520790976036,0,0.3227745771408081,0,sensor_inversion,0
42,vanilla,26,41.0,0.11186295456362313,0,0.1259376363056462,0,sensor_inversion,0
42,vanilla,27,9.0,0.10692863247165257,0,0.26006389105761496,0,sensor_inversion,0
42,vanilla,28,10.0,0.10170090558064004,0,0.20540000200271608,0,sensor_inversion,0
42,vanilla,29,9.0,0.09721483575406,0,0.22137870611967866,0,sensor_inversion,0
42,vanilla,30,13.0,0.09108200798387568,0,0.16457144419352215,0,sensor_inversion,0
42,vanilla,31,9.0,0.08706434220766679,0,0.6807406743367512,0,sensor_inversion,0
42,vanilla,32,10.0,0.08280777787605056,0,0.6036805470784505,0,sensor_inversion,0
42,vanilla,33,11.0,0.07836551983717477,0,0.28188807314092457,0,sensor_inversion,0
42,vanilla,34,15.0,0.07268942442628039,0,0.28570169342888724,0,sensor_inversion,0
42,vanilla,35,11.0,0.06878996970981359,0,0.29668646147756866,0,sensor_inversion,0
42,vanilla,36,13.0,0.06445033334388098,0,0.2574639136974628,0,sensor_inversion,0
42,vanilla,37,12.0,0.060687903789832374,0,0.30355306466420495,0,sensor_inversion,0
42,vanilla,38,20.0,0.05489891379418004,0,0.18495607773462933,0,sensor_inversion,0
42,vanilla,39,10.0,0.052214913061211746,0,0.24142339229583737,0,sensor_inversion,0
42,vanilla,40,13.0,0.04892091923449087,0,0.2817567372933412,0,sensor_inversion,0
42,vanilla,41,16.0,0.0451506389749415,0,0.5031113450725873,0,sensor_inversion,0
42,vanilla,42,9.0,0.043159025252331236,0,0.40455118815104163,0,sensor_inversion,0
42,vanilla,43,14.0,0.04023414326483323,0,0.39925737608046763,0,sensor_inversion,0
42,vanilla,44,12.0,0.0378853869148274,0,0.34009021520614624,0,sensor_inversion,0
42,vanilla,45,11.0,0.03585300941485119,0,0.33511905959158234,0,sensor_inversion,0
42,vanilla,46,18.0,0.03275978694079333,0,0.23388776072749382,0,sensor_inversion,0
42,vanilla,47,28.0,0.028469990974320916,0,0.12906743231273832,0,sensor_inversion,0
42,vanilla,48,11.0,0.02694270634579598,0,0.348280516537753,0,sensor_inversion,0
42,vanilla,49,27.0,0.023532301163728918,0,0.13900383607840833,0,sensor_inversion,0
42,vanilla,50,53.0,0.018042124582040707,0,0.1265416775109633,0,sensor_inversion,0
42,vanilla,51,15.0,0.016735314893855303,0,0.506072696050008,0,sensor_inversion,0
42,vanilla,52,31.0,0.014326806379480736,0,0.12600917713616483,0,sensor_inversion,0
42,vanilla,53,30.0,0.012326557729527843,0,0.1972353908750746,0,sensor_inversion,0
42,vanilla,54,15.0,0.011433732442257729,0,0.30113844871520995,0,sensor_inversion,0
42,vanilla,55,147.0,0.01,0,0.21516546316427979,0,sensor_inversion,0
42,vanilla,56,202.0,0.01,0,0.12158363290352399,0,sensor_inversion,0
42,vanilla,57,54.0,0.01,0,0.18506747704965096,0,sensor_inversion,0
42,vanilla,58,109.0,0.01,0,0.1358137356761034,0,sensor_inversion,0
42,vanilla,59,67.0,0.01,0,0.19353469568698559,0,sensor_inversion,0
42,vanilla,60,189.0,0.01,0,0.10675882662414873,0,sensor_inversion,0
42,vanilla,61,121.0,0.01,0,0.21163346271541164,0,sensor_inversion,0
42,vanilla,62,174.0,0.01,0,0.09232692037962408,0,sensor_inversion,0
42,vanilla,63,221.0,0.01,0,0.08692305264250007,0,sensor_inversion,0
42,vanilla,64,135.0,0.01,0,0.1292744392230187,0,sensor_inversion,0
42,vanilla,65,282.0,0.01,0,0.15136127557878518,0,sensor_inversion,0
42,vanilla,66,128.0,0.01,0,0.1012160979832212,0,sensor_inversion,0
42,vanilla,67,163.0,0.01,0,0.09201860135318311,0,sensor_inversion,0
42,vanilla,68,305.0,0.01,0,0.06293628723894963,0,sensor_inversion,0
42,vanilla,69,146.0,0.01,0,0.0662483689991851,0,sensor_inversion,0
42,vanilla,70,181.0,0.01,0,0.07057293563477463,0,sensor_inversion,0
42,vanilla,71,105.0,0.01,0,0.1781494549342564,0,sensor_inversion,0
42,vanilla,72,86.0,0.01,0,0.24955115761867794,0,sensor_inversion,0
42,vanilla,73,93.0,0.01,0,0.17682903727322924,0,sensor_inversion,0
42,vanilla,74,106.0,0.01,0,0.17455881946491744,0,sensor_inversion,0
42,vanilla,75,34.0,1.0,0,0.1509101951823515,1,sensor_inversion,0
42,vanilla,76,15.0,1.0,0,0.6346635288662381,1,sensor_inversion,0
42,vanilla,77,16.0,0.990025,0,0.6090933283170065,1,sensor_inversion,0
42,vanilla,78,12.0,0.9322301194154049,0,1.1316582096947565,1,sensor_inversion,0
42,vanilla,79,18.0,0.851801859600347,0,1.004628234439426,1,sensor_inversion,0
42,vanilla,80,18.0,0.778312557068642,0,0.567782958348592,1,sensor_inversion,0
42,vanilla,81,43.0,0.6274028820538087,0,0.44994041531584983,1,sensor_inversion,0
42,vanilla,82,25.0,0.5535075230322891,0,0.4868849309285481,1,sensor_inversion,0
42,vanilla,83,23.0,0.4932355662165453,0,0.6343406041463218,1,sensor_inversion,0
42,vanilla,84,14.0,0.4598090507939749,0,0.9030258769080752,1,sensor_inversion,0
42,vanilla,85,47.0,0.3632974174544486,0,0.47981191696004666,1,sensor_inversion,0
42,vanilla,86,63.0,0.2649210072611673,0,0.2826460252993952,1,sensor_inversion,0
42,vanilla,87,88.0,0.17043057265153258,0,0.2674761035225608,1,sensor_inversion,0
42,vanilla,88,14.0,0.15888051309497406,0,0.698135534922282,1,sensor_inversion,0
42,vanilla,89,90.0,0.10119240105273684,0,0.27995907995435926,1,sensor_inversion,0
42,vanilla,90,18.0,0.09246201511725258,0,0.5198161337110732,1,sensor_inversion,0
42,vanilla,91,18.0,0.08448484422350626,0,0.8088002381501374,1,sensor_inversion,0
42,vanilla,92,19.0,0.07680992513462537,0,0.512598338880037,1,sensor_inversion,0
42,vanilla,93,34.0,0.06477420436570952,0,0.4190999947342218,1,sensor_inversion,0
42,vanilla,94,13.0,0.060687903789832374,0,1.1874420337187936,1,sensor_inversion,0
42,vanilla,95,23.0,0.05407954064343768,0,0.45710882933243463,1,sensor_inversion,0
42,vanilla,96,15.0,0.050162503748802344,0,0.8180614153544108,1,sensor_inversion,0
42,vanilla,97,10.0,0.04771006548501318,0,1.0990530014038085,1,sensor_inversion,0
42,vanilla,98,37.0,0.03963364364733769,0,0.3973786723506343,1,sensor_inversion,0
42,vanilla,99,15.0,0.036762937968474095,0,0.8322067896525064,1,sensor_inversion,0
42,vanilla,100,11.0,0.03479077471386296,0,0.8506641243443344,1,sensor_inversion,0
42,vanilla,101,15.0,0.03227084302572862,0,0.7839838981628419,1,sensor_inversion,0
42,vanilla,102,12.0,0.03038696179137978,0,0.5414073202345105,1,sensor_inversion,0
42,vanilla,103,13.0,0.028469990974320916,0,0.6624083641247872,1,sensor_inversion,0
42,vanilla,104,62.0,0.020864997436994256,0,0.33655057671249555,1,sensor_inversion,0
42,vanilla,105,16.0,0.019256955536244666,0,0.6721707135438919,1,sensor_inversion,0
42,vanilla,106,22.0,0.01724627885940145,0,0.46653132005171344,1,sensor_inversion,0
42,vanilla,107,14.0,0.01607750060057119,0,0.6814579509553456,1,sensor_inversion,0
42,vanilla,108,26.0,0.014112977003416188,0,0.47131012036250186,1,sensor_inversion,0
42,vanilla,109,36.0,0.011782828070678488,0,0.40725483717741784,1,sensor_inversion,0
42,vanilla,110,28.0,0.010239902030817916,0,0.37771059785570416,1,sensor_inversion,0
42,vanilla,111,13.0,0.01,0,0.7116340612753843,1,sensor_inversion,0
42,vanilla,112,17.0,0.01,0,0.5899361722609577,1,sensor_inversion,0
42,vanilla,113,42.0,0.01,0,0.43390768671792657,1,sensor_inversion,0
42,vanilla,114,64.0,0.01,0,0.5150508756438892,1,sensor_inversion,0
42,vanilla,115,66.0,0.01,0,0.3633754108891343,1,sensor_inversion,0
42,vanilla,116,72.0,0.01,0,0.6064992502883628,1,sensor_inversion,0
42,vanilla,117,63.0,0.01,0,0.29343331049359034,1,sensor_inversion,0
42,vanilla,118,58.0,0.01,0,0.32079628144187494,1,sensor_inversion,0
42,vanilla,119,194.0,0.01,0,0.20871123825151897,1,sensor_inversion,0
42,vanilla,120,86.0,0.01,0,0.24951464815657265,1,sensor_inversion,0
42,vanilla,121,144.0,0.01,0,0.2855374321893409,1,sensor_inversion,0
42,vanilla,122,207.0,0.01,0,0.1663950107715748,1,sensor_inversion,0
42,vanilla,123,141.0,0.01,0,0.26201443553816345,1,sensor_inversion,0
42,vanilla,124,194.0,0.01,0,0.1412276521171491,1,sensor_inversion,0
42,vanilla,125,226.0,0.0,0,0.15760858150358398,1,sensor_inversion,1
42,vanilla,126,140.0,0.0,0,0.1627601424853007,1,sensor_inversion,1
42,vanilla,127,111.0,0.0,0,0.17325231334468622,1,sensor_inversion,1
42,vanilla,128,128.0,0.0,0,0.17507075021664303,1,sensor_inversion,1
42,vanilla,129,232.0,0.0,0,0.16390188637821151,1,sensor_inversion,1
42,vanilla,130,268.0,0.0,0,0.16118727394597446,1,sensor_inversion,1
42,vanilla,131,161.0,0.0,0,0.8494879730493138,1,sensor_inversion,1
42,vanilla,132,129.0,0.0,0,0.814297543015591,1,sensor_inversion,1
42,vanilla,133,162.0,0.0,0,0.8193529854095521,1,sensor_inversion,1
42,vanilla,134,132.0,0.0,0,0.8367696049237493,1,sensor_inversion,1
42,vanilla,135,125.0,0.0,0,0.8123148886362711,1,sensor_inversion,1
42,vanilla,136,187.0,0.0,0,0.8483942383750874,1,sensor_inversion,1
42,vanilla,137,114.0,0.0,0,0.8089083481950369,1,sensor_inversion,1
42,vanilla,138,228.0,0.0,0,0.8303078235241405,1,sensor_inversion,1
42,vanilla,139,182.0,0.0,0,0.8216166339077793,1,sensor_inversion,1
42,vanilla,140,162.0,0.0,0,0.8421016897193688,1,sensor_inversion,1
42,vanilla,141,162.0,0.0,0,0.8249576641208352,1,sensor_inversion,1
42,vanilla,142,180.0,0.0,0,0.8478582912021213,1,sensor_inversion,1
42,vanilla,143,133.0,0.0,0,0.8505488015655288,1,sensor_inversion,1
42,vanilla,144,159.0,0.0,0,0.8300502220289762,1,sensor_inversion,1
42,vanilla,145,192.0,0.0,0,0.8482236696614159,1,sensor_inversion,1
42,vanilla,146,227.0,0.0,0,0.835684545239688,1,sensor_inversion,1
42,vanilla,147,122.0,0.0,0,0.8031265944079624,1,sensor_inversion,1
42,vanilla,148,149.0,0.0,0,0.8423602469015441,1,sensor_inversion,1
42,vanilla,149,170.0,0.0,0,0.8532876033408968,1,sensor_inversion,1
42,hpd,0,10.0,1.0,0,0.9959120770295462,0,sensor_inversion,0
42,hpd,1,10.0,1.0,0,0.9984602014223736,0,sensor_inversion,0
42,hpd,2,35.0,1.0,0,1.0084434356008256,0,sensor_inversion,0
42,hpd,3,32.0,0.8866535105013078,0,0.6921117765208085,0,sensor_inversion,0
42,hpd,4,30.0,0.7628626641409962,0,0.19532253543535869,0,sensor_inversion,0
42,hpd,5,21.0,0.6866430931872001,0,0.03326014204630777,0,sensor_inversion,0
42,hpd,6,11.0,0.6498078359349755,0,0.02892990184552742,0,sensor_inversion,0
42,hpd,7,18.0,0.5937455908197752,0,0.03522536268940678,0,sensor_inversion,0
42,hpd,8,16.0,0.547986285490042,0,0.018042451391617458,0,sensor_inversion,0
42,hpd,9,63.0,0.3995984329713264,0,0.014931179543651602,0,sensor_inversion,0
42,hpd,10,11.0,0.37816180712868996,0,0.012554204825199011,0,sensor_inversion,0
42,hpd,11,12.0,0.35608578229633,0,0.6231755101018482,0,sensor_inversion,0
42,hpd,12,9.0,0.3403786882983606,0,0.456978925952205,0,sensor_inversion,0
42,hpd,13,8.0,0.326999438029567,0,0.46401142577330273,0,sensor_inversion,0
42,hpd,14,29.0,0.2827589419554058,0,0.08462301616010995,0,sensor_inversion,0
42,hpd,15,9.0,0.2702863258025825,0,0.18654494373886674,0,sensor_inversion,0
42,hpd,16,9.0,0.2583638820072446,0,0.1898191902372572,0,sensor_inversion,0
42,hpd,17,19.0,0.23489314109365644,0,0.09059675743705348,0,sensor_inversion,0
42,hpd,18,13.0,0.22007483514733558,0,0.10751248934330083,0,sensor_inversion,0
42,hpd,19,12.0,0.20722748400265262,0,0.1408450504144033,0,sensor_inversion,0
42,hpd,20,13.0,0.19415447453059972,0,0.09989999807797946,0,sensor_inversion,0
42,hpd,21,15.0,0.1800916657318127,0,0.46314331955379906,0,sensor_inversion,0
42,hpd,22,13.0,0.16873052768933355,0,0.32072844872107875,0,sensor_inversion,0
42,hpd,23,18.0,0.15417328217978102,0,0.197882405033818,0,sensor_inversion,0
42,hpd,24,13.0,0.14444721332374086,0,0.18605885750208145,0,sensor_inversion,0
42,hpd,25,10.0,0.13738520790976036,0,0.3227745771408081,0,sensor_inversion,0
42,hpd,26,41.0,0.11186295456362313,0,0.1259376363056462,0,sensor_inversion,0
42,hpd,27,9.0,0.10692863247165257,0,0.26006389105761496,0,sensor_inversion,0
42,hpd,28,10.0,0.10170090558064004,0,0.20540000200271608,0,sensor_inversion,0
42,hpd,29,9.0,0.09721483575406,0,0.22137870611967866,0,sensor_inversion,0
42,hpd,30,13.0,0.09108200798387568,0,0.16457144419352215,0,sensor_inversion,0
42,hpd,31,9.0,0.08706434220766679,0,0.6807406743367512,0,sensor_inversion,0
42,hpd,32,10.0,0.08280777787605056,0,0.6036805470784505,0,sensor_inversion,0
42,hpd,33,11.0,0.07836551983717477,0,0.28188807314092457,0,sensor_inversion,0
42,hpd,34,15.0,0.07268942442628039,0,0.28570169342888724,0,sensor_inversion,0
42,hpd,35,11.0,0.06878996970981359,0,0.29668646147756866,0,sensor_inversion,0
42,hpd,36,13.0,0.06445033334388098,0,0.2574639136974628,0,sensor_inversion,0
42,hpd,37,12.0,0.060687903789832374,0,0.30355306466420495,0,sensor_inversion,0
42,hpd,38,20.0,0.05489891379418004,0,0.18495607773462933,0,sensor_inversion,0
42,hpd,39,10.0,0.052214913061211746,0,0.24142339229583737,0,sensor_inversion,0
42,hpd,40,13.0,0.04892091923449087,0,0.2817567372933412,0,sensor_inversion,0
42,hpd,41,16.0,0.0451506389749415,0,0.5031113450725873,0,sensor_inversion,0
42,hpd,42,9.0,0.043159025252331236,0,0.40455118815104163,0,sensor_inversion,0
42,hpd,43,14.0,0.04023414326483323,0,0.39925737608046763,0,sensor_inversion,0
42,hpd,44,12.0,0.0378853869148274,0,0.34009021520614624,0,sensor_inversion,0
42,hpd,45,11.0,0.03585300941485119,0,0.33511905959158234,0,sensor_inversion,0
42,hpd,46,18.0,0.03275978694079333,0,0.23388776072749382,0,sensor_inversion,0
42,hpd,47,28.0,0.028469990974320916,0,0.12906743231273832,0,sensor_inversion,0
42,hpd,48,11.0,0.02694270634579598,0,0.348280516537753,0,sensor_inversion,0
42,hpd,49,27.0,0.023532301163728918,0,0.13900383607840833,0,sensor_inversion,0
42,hpd,50,53.0,0.018042124582040707,0,0.1265416775109633,0,sensor_inversion,0
42,hpd,51,15.0,0.016735314893855303,0,0.506072696050008,0,sensor_inversion,0
42,hpd,52,31.0,0.014326806379480736,0,0.12600917713616483,0,sensor_inversion,0
42,hpd,53,30.0,0.012326557729527843,0,0.1972353908750746,0,sensor_inversion,0
42,hpd,54,15.0,0.011433732442257729,0,0.30113844871520995,0,sensor_inversion,0
42,hpd,55,147.0,0.01,0,0.21516546316427979,0,sensor_inversion,0
42,hpd,56,202.0,0.01,0,0.12158363290352399,0,sensor_inversion,0
42,hpd,57,54.0,0.01,0,0.18506747704965096,0,sensor_inversion,0
42,hpd,58,109.0,0.01,0,0.1358137356761034,0,sensor_inversion,0
42,hpd,59,67.0,0.01,0,0.19353469568698559,0,sensor_inversion,0
42,hpd,60,189.0,0.01,0,0.10675882662414873,0,sensor_inversion,0
42,hpd,61,121.0,0.01,0,0.21163346271541164,0,sensor_inversion,0
42,hpd,62,174.0,0.01,0,0.09232692037962408,0,sensor_inversion,0
42,hpd,63,221.0,0.01,0,0.08692305264250007,0,sensor_inversion,0
42,hpd,64,135.0,0.01,0,0.1292744392230187,0,sensor_inversion,0
42,hpd,65,282.0,0.01,0,0.15136127557878518,0,sensor_inversion,0
42,hpd,66,128.0,0.01,0,0.1012160979832212,0,sensor_inversion,0
42,hpd,67,163.0,0.01,0,0.09201860135318311,0,sensor_inversion,0
42,hpd,68,305.0,0.01,0,0.06293628723894963,0,sensor_inversion,0
42,hpd,69,146.0,0.01,0,0.0662483689991851,0,sensor_inversion,0
42,hpd,70,181.0,0.01,0,0.07057293563477463,0,sensor_inversion,0
42,hpd,71,105.0,0.01,0,0.1781494549342564,0,sensor_inversion,0
42,hpd,72,86.0,0.01,0,0.24955115761867794,0,sensor_inversion,0
42,hpd,73,93.0,0.01,0,0.17682903727322924,0,sensor_inversion,0
42,hpd,74,106.0,0.01,0,0.17455881946491744,0,sensor_inversion,0
42,hpd,75,39.0,1.0,1,1.3446654621352496,1,sensor_inversion,0
42,hpd,76,43.0,0.9091562615825302,1,1.5362878141477128,1,sensor_inversion,0
42,hpd,77,65.0,0.6563549768288433,1,0.9613875242379994,1,sensor_inversion,0
42,hpd,78,105.0,0.3877593341372176,1,0.6901155259874131,1,sensor_inversion,0
42,hpd,79,30.0,0.33362200135903064,1,0.9096887800428604,1,sensor_inversion,0
42,hpd,80,60.0,0.24696734223472733,1,0.5737659931182862,1,sensor_inversion,0
42,hpd,81,57.0,0.18559023879528855,1,0.49997342539112466,1,sensor_inversion,0
42,hpd,82,44.0,0.14885748713096328,1,0.49307979236949584,1,sensor_inversion,0
42,hpd,83,167.0,0.06445033334388098,1,0.6490690731954669,1,sensor_inversion,0
42,hpd,84,63.0,0.046997986793891174,1,0.4532525362791838,1,sensor_inversion,0
42,hpd,85,102.0,0.028186002814352063,1,0.43427550558950384,1,sensor_inversion,0
42,hpd,86,58.0,0.021075222784267326,1,0.38698578428948066,1,sensor_inversion,0
42,hpd,87,220.0,0.01,1,0.8682582082170427,1,sensor_inversion,0
42,hpd,88,152.0,0.01,1,0.32882073155620645,1,sensor_inversion,0
42,hpd,89,174.0,0.01,1,0.38783762098728924,1,sensor_inversion,0
42,hpd,90,102.0,0.01,1,0.2926286684921364,1,sensor_inversion,0
42,hpd,91,150.0,0.01,1,0.2142092768351237,1,sensor_inversion,0
42,hpd,92,171.0,0.01,1,0.2285712824927436,1,sensor_inversion,0
42,hpd,93,158.0,0.01,1,0.1774530833280539,1,sensor_inversion,0
42,hpd,94,153.0,0.01,1,0.18598990970187718,1,sensor_inversion,0
42,hpd,95,154.0,0.01,1,0.23201980735316421,1,sensor_inversion,0
42,hpd,96,269.0,0.01,1,0.19220748650835642,1,sensor_inversion,0
42,hpd,97,214.0,0.01,1,0.2817921908659355,1,sensor_inversion,0
42,hpd,98,192.0,0.01,1,0.23095692870103648,1,sensor_inversion,0
42,hpd,99,253.0,0.01,1,0.21159792825952664,1,sensor_inversion,0
42,hpd,100,177.0,0.01,1,0.20987662308184668,1,sensor_inversion,0
42,hpd,101,155.0,0.01,1,0.28851912406183056,1,sensor_inversion,0
42,hpd,102,63.0,0.01,1,0.36170619379275676,1,sensor_inversion,0
42,hpd,103,61.0,0.01,1,0.3084138703476536,1,sensor_inversion,0
42,hpd,104,27.0,0.01,1,0.36338759351659705,1,sensor_inversion,0
42,hpd,105,91.0,0.01,1,0.30057792633007735,1,sensor_inversion,0
42,hpd,106,88.0,0.01,1,0.24913324393106231,1,sensor_inversion,0
42,hpd,107,95.0,0.01,1,0.23788777025122393,1,sensor_inversion,0
42,hpd,108,142.0,0.01,1,0.2638663904207973,1,sensor_inversion,0
42,hpd,109,134.0,0.01,1,0.2478216460984738,1,sensor_inversion,0
42,hpd,110,135.0,0.01,1,0.21359525462727488,1,sensor_inversion,0
42,hpd,111,192.0,0.01,1,0.23819302063849235,1,sensor_inversion,0
42,hpd,112,192.0,0.01,1,0.2321937744402223,1,sensor_inversion,0
42,hpd,113,175.0,0.01,1,0.20274875232151576,1,sensor_inversion,0
42,hpd,114,243.0,0.01,1,0.27908381905575347,1,sensor_inversion,0
42,hpd,115,213.0,0.01,1,0.20956702075653794,1,sensor_inversion,0
42,hpd,116,192.0,0.01,1,0.26266686639024156,1,sensor_inversion,0
42,hpd,117,139.0,0.01,1,0.23893694082895914,1,sensor_inversion,0
42,hpd,118,250.0,0.01,1,0.24569731346766152,1,sensor_inversion,0
42,hpd,119,130.0,0.01,1,0.23096829377687897,1,sensor_inversion,0
42,hpd,120,191.0,0.01,1,0.23697385821250927,1,sensor_inversion,0
42,hpd,121,241.0,0.01,1,0.3227075717590986,1,sensor_inversion,0
42,hpd,122,211.0,0.01,1,0.34592602339589384,1,sensor_inversion,0
42,hpd,123,211.0,0.01,1,0.22044484743386458,1,sensor_inversion,0
42,hpd,124,230.0,0.01,1,0.32847823371057927,1,sensor_inversion,0
42,hpd,125,315.0,0.0,0,0.94678454418031,1,sensor_inversion,1
42,hpd,126,273.0,0.0,0,0.9498895061394524,1,sensor_inversion,1
42,hpd,127,500.0,0.0,0,0.9685382318099339,1,sensor_inversion,1
42,hpd,128,500.0,0.0,0,0.9595727344353994,1,sensor_inversion,1
42,hpd,129,214.0,0.0,0,0.8817575642160166,1,sensor_inversion,1
42,hpd,130,200.0,0.0,0,0.9003171022733052,1,sensor_inversion,1
42,hpd,131,223.0,0.0,0,0.9259718059157043,1,sensor_inversion,1
42,hpd,132,157.0,0.0,0,0.8821713863664372,1,sensor_inversion,1
42,hpd,133,264.0,0.0,0,0.9290762725427295,1,sensor_inversion,1
42,hpd,134,207.0,0.0,0,0.8966994916663269,1,sensor_inversion,1
42,hpd,135,243.0,0.0,0,0.9358943765382545,1,sensor_inversion,1
42,hpd,136,270.0,0.0,0,0.9492059600206069,1,sensor_inversion,1
42,hpd,137,500.0,0.0,0,0.9812844181060791,1,sensor_inversion,1
42,hpd,138,263.0,0.0,0,0.913753399641946,1,sensor_inversion,1
42,hpd,139,190.0,0.0,0,0.8984383102048905,1,sensor_inversion,1
42,hpd,140,179.0,0.0,0,0.8844388089588457,1,sensor_inversion,1
42,hpd,141,256.0,0.0,0,0.9238072635683542,1,sensor_inversion,1
42,hpd,142,207.0,0.0,0,0.9084992024825583,1,sensor_inversion,1
42,hpd,143,201.0,0.0,0,0.8962190437376203,1,sensor_inversion,1
42,hpd,144,500.0,0.0,0,1.0087583989898363,1,sensor_inversion,1
42,hpd,145,215.0,0.0,0,0.9274228448553602,1,sensor_inversion,1
42,hpd,146,225.0,0.0,0,0.9332163446479373,1,sensor_inversion,1
42,hpd,147,500.0,0.0,0,0.9973713758140802,1,sensor_inversion,1
42,hpd,148,182.0,0.0,0,0.8733142906929546,1,sensor_inversion,1
42,hpd,149,219.0,0.0,0,0.8838997930061507,1,sensor_inversion,1
43,vanilla,0,30.0,1.0,0,1.0329590115282268,0,sensor_inversion,0
43,vanilla,1,11.0,1.0,0,1.063880949309378,0,sensor_inversion,0
43,vanilla,2,26.0,0.9801495006250001,0,1.0369509015327845,0,sensor_inversion,0
43,vanilla,3,25.0,0.8647077305675338,0,0.45170789718627924,0,sensor_inversion,0
43,vanilla,4,15.0,0.8020760579717637,0,0.20324086878034803,0,sensor_inversion,0
43,vanilla,5,13.0,0.7514768435208588,0,0.15049526935968643,0,sensor_inversion,0
43,vanilla,6,18.0,0.6866430931872001,0,0.08504462794021324,0,sensor_inversion,0
43,vanilla,7,20.0,0.6211445383053219,0,0.03341163992881775,0,sensor_inversion,0
43,vanilla,8,17.0,0.5704072587541458,0,0.01757620596418194,0,sensor_inversion,0
43,vanilla,9,16.0,0.5264466124450268,0,0.01839704935749372,0,sensor_inversion,0
43,vanilla,10,13.0,0.4932355662165453,0,0.013694828901535425,0,sensor_inversion,0
43,vanilla,11,10.0,0.46912134373457726,0,0.5444129268328348,0,sensor_inversion,0
43,vanilla,12,13.0,0.43952667968844233,0,0.2959918119968512,0,sensor_inversion,0
43,vanilla,13,9.0,0.42013897252428334,0,0.29616032264850756,0,sensor_inversion,0
43,vanilla,14,29.0,0.3632974174544486,0,0.10714856372482476,0,sensor_inversion,0
43,vanilla,15,25.0,0.32050833588933575,0,0.0721468448638916,0,sensor_inversion,0
43,vanilla,16,12.0,0.3017979588795719,0,0.1556718217002021,0,sensor_inversion,0
43,vanilla,17,11.0,0.285607880564032,0,0.1120436733419245,0,sensor_inversion,0
43,vanilla,18,17.0,0.26227842021373715,0,0.08608736945133583,0,sensor_inversion,0
43,vanilla,19,10.0,0.2494556624678441,0,0.14769817193349202,0,sensor_inversion,0
43,vanilla,20,14.0,0.23255008201124722,0,0.09545826628094627,0,sensor_inversion,0
43,vanilla,21,11.0,0.22007483514733558,0,0.5780304742581918,0,sensor_inversion,0
43,vanilla,22,20.0,0.19908200231898848,0,0.2394482930501302,0,sensor_inversion,0
43,vanilla,23,9.0,0.1903004112552766,0,0.35647872642234524,0,sensor_inversion,0
43,vanilla,24,10.0,0.18099664897669618,0,0.27199107011159257,0,sensor_inversion,0
43,vanilla,25,12.0,0.17043057265153258,0,0.252735435962677,0,sensor_inversion,0
43,vanilla,26,35.0,0.14300635237083656,0,0.13907715479532878,0,sensor_inversion,0
43,vanilla,27,9.0,0.13669828187021155,0,0.32586645196985314,0,sensor_inversion,0
43,vanilla,28,10.0,0.13001512070402377,0,0.2464278300603231,0,sensor_inversion,0
43,vanilla,29,31.0,0.11130363979080501,0,0.14280729909096995,0,sensor_inversion,0
43,vanilla,30,11.0,0.10533270926593409,0,0.2453174916180697,0,sensor_inversion,0
43,vanilla,31,9.0,0.10068643904747315,0,0.6403460149411803,0,sensor_inversion,0
43,vanilla,32,12.0,0.09480864735409487,0,0.43466571304533214,0,sensor_inversion,0
43,vanilla,33,12.0,0.089273984641318,0,0.32433532343970406,0,sensor_inversion,0
43,vanilla,34,16.0,0.08239373898667031,0,0.23204639554023743,0,sensor_inversion,0
43,vanilla,35,9.0,0.07875931641927113,0,0.31698540404990866,0,sensor_inversion,0
43,vanilla,36,10.0,0.07490878371492794,0,0.29966591993967695,0,sensor_inversion,0
43,vanilla,37,21.0,0.06742445445908266,0,0.20294022181677446,0,sensor_inversion,0
43,vanilla,38,10.0,0.06412808167716157,0,0.41356557210286454,0,sensor_inversion,0
43,vanilla,39,12.0,0.06038446427088321,0,0.27524205711152816,0,sensor_inversion,0
43,vanilla,40,17.0,0.0554520479727078,0,0.24976589165481866,0,sensor_inversion,0
43,vanilla,41,17.0,0.05092252885731386,0,0.5619172301946902,0,sensor_inversion,0
43,vanilla,42,27.0,0.04447676004441063,0,0.2728713471212505,0,sensor_inversion,0
43,vanilla,43,29.0,0.03845939824099909,0,0.1732903486010672,0,sensor_inversion,0
43,vanilla,44,30.0,0.03308985827710748,0,0.1940200805664062,0,sensor_inversion,0
43,vanilla,45,26.0,0.02904658009432929,0,0.2308916953893808,0,sensor_inversion,0
43,vanilla,46,56.0,0.021937519923982282,0,0.16856303101494197,0,sensor_inversion,0
43,vanilla,47,19.0,0.019944633602480003,0,0.21697703579015898,0,sensor_inversion,0
43,vanilla,48,32.0,0.016988875991640028,0,0.27071691304445267,0,sensor_inversion,0
43,vanilla,49,40.0,0.013902339057518077,0,0.22012850642204285,0,sensor_inversion,0
43,vanilla,50,54.0,0.010605575411209664,0,0.16969725673581346,0,sensor_inversion,0
43,vanilla,51,29.0,0.01,0,0.44082151610275794,0,sensor_inversion,0
43,vanilla,52,101.0,0.01,0,0.4696239354980268,0,sensor_inversion,0
43,vanilla,53,223.0,0.01,0,0.2322426840150659,0,sensor_inversion,0
43,vanilla,54,124.0,0.01,0,0.21566468669522196,0,sensor_inversion,0
43,vanilla,55,261.0,0.01,0,0.20951475676905607,0,sensor_inversion,0
43,vanilla,56,188.0,0.01,0,0.17996601517318836,0,sensor_inversion,0
43,vanilla,57,77.0,0.01,0,0.24083578947818643,0,sensor_inversion,0
43,vanilla,58,82.0,0.01,0,0.19723483217440968,0,sensor_inversion,0
43,vanilla,59,157.0,0.01,0,0.17105918021718408,0,sensor_inversion,0
43,vanilla,60,46.0,0.01,0,0.22235637816829962,0,sensor_inversion,0
43,vanilla,61,95.0,0.01,0,0.29182877624244014,0,sensor_inversion,0
43,vanilla,62,262.0,0.01,0,0.12358594699063678,0,sensor_inversion,0
43,vanilla,63,85.0,0.01,0,0.14205857725704416,0,sensor_inversion,0
43,vanilla,64,276.0,0.01,0,0.14090854591793486,0,sensor_inversion,0
43,vanilla,65,240.0,0.01,0,0.14741558829943338,0,sensor_inversion,0
43,vanilla,66,215.0,0.01,0,0.1549471271130466,0,sensor_inversion,0
43,vanilla,67,204.0,0.01,0,0.1418632479274974,0,sensor_inversion,0
43,vanilla,68,167.0,0.01,0,0.1398092505936613,0,sensor_inversion,0
43,vanilla,69,240.0,0.01,0,0.13292843202749888,0,sensor_inversion,0
43,vanilla,70,297.0,0.01,0,0.12442716711966947,0,sensor_inversion,0
43,vanilla,71,264.0,0.01,0,0.17119352444253783,0,sensor_inversion,0
43,vanilla,72,126.0,0.01,0,0.15687580588002686,0,sensor_inversion,0
43,vanilla,73,262.0,0.01,0,0.12251819545076094,0,sensor_inversion,0
43,vanilla,74,208.0,0.01,0,0.12079237859982711,0,sensor_inversion,0
43,vanilla,75,30.0,1.0,0,0.1417100535498725,1,sensor_inversion,0
43,vanilla,76,12.0,1.0,0,0.80852829085456,1,sensor_inversion,0
43,vanilla,77,18.0,1.0,0,0.5903192096286349,1,sensor_inversion,0
43,vanilla,78,16.0,0.9369146928798039,0,0.9386446376641591,1,sensor_inversion,0
43,vanilla,79,39.0,0.7705488893118823,0,0.4175653946705354,1,sensor_inversion,0
43,vanilla,80,55.0,0.5848838636585911,0,1.181812167890144,1,sensor_inversion,0
43,vanilla,81,45.0,0.46677573701590436,0,0.5669166988796657,1,sensor_inversion,0
43,vanilla,82,36.0,0.3897078735047413,0,0.3924477453585024,1,sensor_inversion,0
43,vanilla,83,30.0,0.3352984938281715,0,0.4031500180562338,1,sensor_inversion,0
43,vanilla,84,105.0,0.19808659230739353,0,0.3253559945121644,1,sensor_inversion,0
43,vanilla,85,63.0,0.14444721332374086,0,0.4843104503772877,1,sensor_inversion,0
43,vanilla,86,56.0,0.10909420695870241,0,0.3377976928438459,1,sensor_inversion,0
43,vanilla,87,34.0,0.09199970504166631,0,0.48337828411775474,1,sensor_inversion,0
43,vanilla,88,69.0,0.06509970288011008,0,0.36500551850323515,1,sensor_inversion,0
43,vanilla,89,57.0,0.04892091923449087,0,0.44951590041668094,1,sensor_inversion,0
43,vanilla,90,30.0,0.04209078556329156,0,0.48926505512661406,1,sensor_inversion,0
43,vanilla,91,22.0,0.03769595998025326,0,0.688053492343787,1,sensor_inversion,0
43,vanilla,92,83.0,0.024866262250633264,0,0.22437234863219968,1,sensor_inversion,0
43,vanilla,93,22.0,0.022269900979844076,0,0.3690736257668697,1,sensor_inversion,0
43,vanilla,94,52.0,0.017160047465104442,0,0.25145106285046304,1,sensor_inversion,0
43,vanilla,95,151.0,0.01,0,0.2036303042312858,1,sensor_inversion,0
43,vanilla,96,95.0,0.01,0,0.27689511315864435,1,sensor_inversion,0
43,vanilla,97,174.0,0.01,0,0.28296549566860857,1,sensor_inversion,0
43,vanilla,98,51.0,0.01,0,0.3990014394124349,1,sensor_inversion,0
43,vanilla,99,107.0,0.01,0,0.3266035225532508,1,sensor_inversion,0
43,vanilla,100,51.0,0.01,0,0.42538712694754,1,sensor_inversion,0
43,vanilla,101,99.0,0.01,0,0.28868406469171703,1,sensor_inversion,0
43,vanilla,102,145.0,0.01,0,0.32882573138708354,1,sensor_inversion,0
43,vanilla,103,68.0,0.01,0,0.42612342039744056,1,sensor_inversion,0
43,vanilla,104,59.0,0.01,0,0.33877118697947706,1,sensor_inversion,0
43,vanilla,105,95.0,0.01,0,0.2726854081739459,1,sensor_inversion,0
43,vanilla,106,78.0,0.01,0,0.3063521273115762,1,sensor_inversion,0
43,vanilla,107,144.0,0.01,0,0.3014773842361238,1,sensor_inversion,0
43,vanilla,108,85.0,0.01,0,0.4079814055386712,1,sensor_inversion,0
43,vanilla,109,152.0,0.01,0,0.3124073979101683,1,sensor_inversion,0
43,vanilla,110,141.0,0.01,0,0.2872625186370056,1,sensor_inversion,0
43,vanilla,111,85.0,0.01,0,0.3638177086325252,1,sensor_inversion,0
43,vanilla,112,138.0,0.01,0,0.1741326788197393,1,sensor_inversion,0
43,vanilla,113,225.0,0.01,0,0.2222093310179534,1,sensor_inversion,0
43,vanilla,114,233.0,0.01,0,0.16568143377999892,1,sensor_inversion,0
43,vanilla,115,96.0,0.01,0,0.1631524794631534,1,sensor_inversion,0
43,vanilla,116,129.0,0.01,0,0.18822646479890018,1,sensor_inversion,0
43,vanilla,117,82.0,0.01,0,0.1586335606691314,1,sensor_inversion,0
43,vanilla,118,105.0,0.01,0,0.2700644001128181,1,sensor_inversion,0
43,vanilla,119,81.0,0.01,0,0.27117752538296425,1,sensor_inversion,0
43,vanilla,120,121.0,0.01,0,0.15441550630511658,1,sensor_inversion,0
43,vanilla,121,82.0,0.01,0,0.24663692276652263,1,sensor_inversion,0
43,vanilla,122,90.0,0.01,0,0.27267205317815146,1,sensor_inversion,0
43,vanilla,123,220.0,0.01,0,0.20712780302221126,1,sensor_inversion,0
43,vanilla,124,106.0,0.01,0,0.18219969482541834,1,sensor_inversion,0
43,vanilla,125,127.0,0.0,0,0.11668520806029713,1,sensor_inversion,1
43,vanilla,126,161.0,0.0,0,0.12384609850297063,1,sensor_inversion,1
43,vanilla,127,112.0,0.0,0,0.12782053649425507,1,sensor_inversion,1
43,vanilla,128,214.0,0.0,0,0.1903345792835747,1,sensor_inversion,1
43,vanilla,129,105.0,0.0,0,0.1593679522711133,1,sensor_inversion,1
43,vanilla,130,88.0,0.0,0,0.14550883255221628,1,sensor_inversion,1
43,vanilla,131,125.0,0.0,0,0.7920175450642905,1,sensor_inversion,1
43,vanilla,132,92.0,0.0,0,0.7671942373980647,1,sensor_inversion,1
43,vanilla,133,98.0,0.0,0,0.7718313048485995,1,sensor_inversion,1
43,vanilla,134,208.0,0.0,0,0.8421613692473143,1,sensor_inversion,1
43,vanilla,135,186.0,0.0,0,0.8498205728428339,1,sensor_inversion,1
43,vanilla,136,106.0,0.0,0,0.8028558803804264,1,sensor_inversion,1
43,vanilla,137,167.0,0.0,0,0.8361599616661757,1,sensor_inversion,1
43,vanilla,138,192.0,0.0,0,0.8519739036758741,1,sensor_inversion,1
43,vanilla,139,128.0,0.0,0,0.8134552100673318,1,sensor_inversion,1
43,vanilla,140,97.0,0.0,0,0.7688432612369969,1,sensor_inversion,1
43,vanilla,141,126.0,0.0,0,0.7889667553876445,1,sensor_inversion,1
43,vanilla,142,165.0,0.0,0,0.8260681494317875,1,sensor_inversion,1
43,vanilla,143,119.0,0.0,0,0.7998791178401445,1,sensor_inversion,1
43,vanilla,144,212.0,0.0,0,0.8240500283691118,1,sensor_inversion,1
43,vanilla,145,222.0,0.0,0,0.8280540998275574,1,sensor_inversion,1
43,vanilla,146,119.0,0.0,0,0.7909941249200945,1,sensor_inversion,1
43,vanilla,147,122.0,0.0,0,0.7896890366663697,1,sensor_inversion,1
43,vanilla,148,111.0,0.0,0,0.7853016846172804,1,sensor_inversion,1
43,vanilla,149,117.0,0.0,0,0.800553266818707,1,sensor_inversion,1
43,hpd,0,30.0,1.0,0,1.0329590115282268,0,sensor_inversion,0
43,hpd,1,11.0,1.0,0,1.063880949309378,0,sensor_inversion,0
43,hpd,2,26.0,0.9801495006250001,0,1.0369509015327845,0,sensor_inversion,0
43,hpd,3,25.0,0.8647077305675338,0,0.45170789718627924,0,sensor_inversion,0
43,hpd,4,15.0,0.8020760579717637,0,0.20324086878034803,0,sensor_inversion,0
43,hpd,5,13.0,0.7514768435208588,0,0.15049526935968643,0,sensor_inversion,0
43,hpd,6,18.0,0.6866430931872001,0,0.08504462794021324,0,sensor_inversion,0
43,hpd,7,20.0,0.6211445383053219,0,0.03341163992881775,0,sensor_inversion,0
43,hpd,8,17.0,0.5704072587541458,0,0.01757620596418194,0,sensor_inversion,0
43,hpd,9,16.0,0.5264466124450268,0,0.01839704935749372,0,sensor_inversion,0
43,hpd,10,13.0,0.4932355662165453,0,0.013694828901535425,0,sensor_inversion,0
43,hpd,11,10.0,0.46912134373457726,0,0.5444129268328348,0,sensor_inversion,0
43,hpd,12,13.0,0.43952667968844233,0,0.2959918119968512,0,sensor_inversion,0
43,hpd,13,9.0,0.42013897252428334,0,0.29616032264850756,0,sensor_inversion,0
43,hpd,14,29.0,0.3632974174544486,0,0.10714856372482476,0,sensor_inversion,0
43,hpd,15,25.0,0.32050833588933575,0,0.0721468448638916,0,sensor_inversion,0
43,hpd,16,12.0,0.3017979588795719,0,0.1556718217002021,0,sensor_inversion,0
43,hpd,17,11.0,0.285607880564032,0,0.1120436733419245,0,sensor_inversion,0
43,hpd,18,17.0,0.26227842021373715,0,0.08608736945133583,0,sensor_inversion,0
43,hpd,19,10.0,0.2494556624678441,0,0.14769817193349202,0,sensor_inversion,0
43,hpd,20,14.0,0.23255008201124722,0,0.09545826628094627,0,sensor_inversion,0
43,hpd,21,11.0,0.22007483514733558,0,0.5780304742581918,0,sensor_inversion,0
43,hpd,22,20.0,0.19908200231898848,0,0.2394482930501302,0,sensor_inversion,0
43,hpd,23,9.0,0.1903004112552766,0,0.35647872642234524,0,sensor_inversion,0
43,hpd,24,10.0,0.18099664897669618,0,0.27199107011159257,0,sensor_inversion,0
43,hpd,25,12.0,0.17043057265153258,0,0.252735435962677,0,sensor_inversion,0
43,hpd,26,35.0,0.14300635237083656,0,0.13907715479532878,0,sensor_inversion,0
43,hpd,27,9.0,0.13669828187021155,0,0.32586645196985314,0,sensor_inversion,0
43,hpd,28,10.0,0.13001512070402377,0,0.2464278300603231,0,sensor_inversion,0
43,hpd,29,31.0,0.11130363979080501,0,0.14280729909096995,0,sensor_inversion,0
43,hpd,30,11.0,0.10533270926593409,0,0.2453174916180697,0,sensor_inversion,0
43,hpd,31,9.0,0.10068643904747315,0,0.6403460149411803,0,sensor_inversion,0
43,hpd,32,12.0,0.09480864735409487,0,0.43466571304533214,0,sensor_inversion,0
43,hpd,33,12.0,0.089273984641318,0,0.32433532343970406,0,sensor_inversion,0
43,hpd,34,16.0,0.08239373898667031,0,0.23204639554023743,0,sensor_inversion,0
43,hpd,35,9.0,0.07875931641927113,0,0.31698540404990866,0,sensor_inversion,0
43,hpd,36,10.0,0.07490878371492794,0,0.29966591993967695,0,sensor_inversion,0
43,hpd,37,21.0,0.06742445445908266,0,0.20294022181677446,0,sensor_inversion,0
43,hpd,38,10.0,0.06412808167716157,0,0.41356557210286454,0,sensor_inversion,0
43,hpd,39,12.0,0.06038446427088321,0,0.27524205711152816,0,sensor_inversion,0
43,hpd,40,17.0,0.0554520479727078,0,0.24976589165481866,0,sensor_inversion,0
43,hpd,41,17.0,0.05092252885731386,0,0.5619172301946902,0,sensor_inversion,0
43,hpd,42,27.0,0.04447676004441063,0,0.2728713471212505,0,sensor_inversion,0
43,hpd,43,29.0,0.03845939824099909,0,0.1732903486010672,0,sensor_inversion,0
43,hpd,44,30.0,0.03308985827710748,0,0.1940200805664062,0,sensor_inversion,0
43,hpd,45,26.0,0.02904658009432929,0,0.2308916953893808,0,sensor_inversion,0
43,hpd,46,56.0,0.021937519923982282,0,0.16856303101494197,0,sensor_inversion,0
43,hpd,47,19.0,0.019944633602480003,0,0.21697703579015898,0,sensor_inversion,0
43,hpd,48,32.0,0.016988875991640028,0,0.27071691304445267,0,sensor_inversion,0
43,hpd,49,40.0,0.013902339057518077,0,0.22012850642204285,0,sensor_inversion,0
43,hpd,50,54.0,0.010605575411209664,0,0.16969725673581346,0,sensor_inversion,0
43,hpd,51,29.0,0.01,0,0.44082151610275794,0,sensor_inversion,0
43,hpd,52,101.0,0.01,0,0.4696239354980268,0,sensor_inversion,0
43,hpd,53,223.0,0.01,0,0.2322426840150659,0,sensor_inversion,0
43,hpd,54,124.0,0.01,0,0.21566468669522196,0,sensor_inversion,0
43,hpd,55,261.0,0.01,0,0.20951475676905607,0,sensor_inversion,0
43,hpd,56,188.0,0.01,0,0.17996601517318836,0,sensor_inversion,0
43,hpd,57,77.0,0.01,0,0.24083578947818643,0,sensor_inversion,0
43,hpd,58,82.0,0.01,0,0.19723483217440968,0,sensor_inversion,0
43,hpd,59,157.0,0.01,0,0.17105918021718408,0,sensor_inversion,0
43,hpd,60,46.0,0.01,0,0.22235637816829962,0,sensor_inversion,0
43,hpd,61,95.0,0.01,0,0.29182877624244014,0,sensor_inversion,0
43,hpd,62,262.0,0.01,0,0.12358594699063678,0,sensor_inversion,0
43,hpd,63,85.0,0.01,0,0.14205857725704416,0,sensor_inversion,0
43,hpd,64,276.0,0.01,0,0.14090854591793486,0,sensor_inversion,0
43,hpd,65,240.0,0.01,0,0.14741558829943338,0,sensor_inversion,0
43,hpd,66,215.0,0.01,0,0.1549471271130466,0,sensor_inversion,0
43,hpd,67,204.0,0.01,0,0.1418632479274974,0,sensor_inversion,0
43,hpd,68,167.0,0.01,0,0.1398092505936613,0,sensor_inversion,0
43,hpd,69,240.0,0.01,0,0.13292843202749888,0,sensor_inversion,0
43,hpd,70,297.0,0.01,0,0.12442716711966947,0,sensor_inversion,0
43,hpd,71,264.0,0.01,0,0.17119352444253783,0,sensor_inversion,0
43,hpd,72,126.0,0.01,0,0.15687580588002686,0,sensor_inversion,0
43,hpd,73,262.0,0.01,0,0.12251819545076094,0,sensor_inversion,0
43,hpd,74,208.0,0.01,0,0.12079237859982711,0,sensor_inversion,0
43,hpd,75,37.0,1.0,1,0.8961598336159645,1,sensor_inversion,0
43,hpd,76,13.0,1.0,1,1.938749582339556,1,sensor_inversion,0
43,hpd,77,26.0,0.9369146928798039,1,1.315569847058027,1,sensor_inversion,0
43,hpd,78,41.0,0.7628626641409962,1,0.9020515612470424,1,sensor_inversion,0
43,hpd,79,12.0,0.7183288830986236,1,1.368842297130161,1,sensor_inversion,0
43,hpd,80,47.0,0.567555222460375,1,1.0904244767858629,1,sensor_inversion,0
43,hpd,81,26.0,0.4982051627146237,1,1.0605545105078282,1,sensor_inversion,0
43,hpd,82,46.0,0.39561243860243744,1,0.8810701128365336,1,sensor_inversion,0
43,hpd,83,49.0,0.30945741577570285,1,0.7781623042359644,1,sensor_inversion,0
43,hpd,84,37.0,0.2570720625972084,1,0.7017104174639728,1,sensor_inversion,0
43,hpd,85,37.0,0.21355457002808648,1,0.7400379997115951,1,sensor_inversion,0
43,hpd,86,22.0,0.1912566947289212,1,0.907476974256111,1,sensor_inversion,0
43,hpd,87,29.0,0.16538114245489302,1,0.774297155182937,1,sensor_inversion,0
43,hpd,88,56.0,0.12490462201997637,1,0.5509004905110314,1,sensor_inversion,0
43,hpd,89,25.0,0.11019338598389174,1,0.7182068506876628,1,sensor_inversion,0
43,hpd,90,23.0,0.09819432413732986,1,0.6729914623758068,1,sensor_inversion,0
43,hpd,91,26.0,0.08619587539414532,1,0.7682296251639342,1,sensor_inversion,0
43,hpd,92,45.0,0.06878996970981359,1,0.7266026214317038,1,sensor_inversion,0
43,hpd,93,58.0,0.05143559895690903,1,0.5757477256073348,1,sensor_inversion,0
43,hpd,94,181.0,0.020760672449809284,1,0.8301338128622066,1,sensor_inversion,0
43,hpd,95,231.0,0.01,1,0.6596655796616624,1,sensor_inversion,0
43,hpd,96,65.0,0.01,1,0.4698300117101425,1,sensor_inversion,0
43,hpd,97,39.0,0.01,1,0.5383936401106352,1,sensor_inversion,0
43,hpd,98,40.0,0.01,1,0.4494697690010071,1,sensor_inversion,0
43,hpd,99,42.0,0.01,1,0.6529921255414448,1,sensor_inversion,0
43,hpd,100,28.0,0.01,1,0.5789681048620315,1,sensor_inversion,0
43,hpd,101,30.0,0.01,1,0.6294777181413438,1,sensor_inversion,0
43,hpd,102,176.0,0.01,1,0.36338071096124075,1,sensor_inversion,0
43,hpd,103,39.0,0.01,1,0.4861673045362163,1,sensor_inversion,0
43,hpd,104,55.0,0.01,1,0.512442862626278,1,sensor_inversion,0
43,hpd,105,41.0,0.01,1,0.4044650802767374,1,sensor_inversion,0
43,hpd,106,152.0,0.01,1,0.3158938152748242,1,sensor_inversion,0
43,hpd,107,47.0,0.01,1,0.5558329702269101,1,sensor_inversion,0
43,hpd,108,43.0,0.01,1,0.4766974975896435,1,sensor_inversion,0
43,hpd,109,162.0,0.01,1,0.38087535002594625,1,sensor_inversion,0
43,hpd,110,177.0,0.01,1,0.2664303555102447,1,sensor_inversion,0
43,hpd,111,29.0,0.01,1,0.5338657450401919,1,sensor_inversion,0
43,hpd,112,215.0,0.01,1,0.4540547825338304,1,sensor_inversion,0
43,hpd,113,218.0,0.01,1,0.30356420380624427,1,sensor_inversion,0
43,hpd,114,246.0,0.01,1,0.27204351082726863,1,sensor_inversion,0
43,hpd,115,168.0,0.01,1,0.34998536866808694,1,sensor_inversion,0
43,hpd,116,230.0,0.01,1,0.3390002969382466,1,sensor_inversion,0
43,hpd,117,154.0,0.01,1,0.24662651644124614,1,sensor_inversion,0
43,hpd,118,236.0,0.01,1,0.33128660311133173,1,sensor_inversion,0
43,hpd,119,161.0,0.01,1,0.2575261879164733,1,sensor_inversion,0
43,hpd,120,228.0,0.01,1,0.22353025800303408,1,sensor_inversion,0
43,hpd,121,365.0,0.01,1,0.26247164408365886,1,sensor_inversion,0
43,hpd,122,251.0,0.01,0,0.24889110157372626,1,sensor_inversion,0
43,hpd,123,207.0,0.01,0,0.2633903767559648,1,sensor_inversion,0
43,hpd,124,253.0,0.01,0,0.24062610112317154,1,sensor_inversion,0
43,hpd,125,340.0,0.0,0,0.8635106607979418,1,sensor_inversion,1
43,hpd,126,183.0,0.0,0,0.8458218813376784,1,sensor_inversion,1
43,hpd,127,217.0,0.0,0,0.8807757439151886,1,sensor_inversion,1
43,hpd,128,232.0,0.0,0,0.8472295627854336,1,sensor_inversion,1
43,hpd,129,200.0,0.0,0,0.8678711108366648,1,sensor_inversion,1
43,hpd,130,188.0,0.0,0,0.8748908545954007,1,sensor_inversion,1
43,hpd,131,193.0,0.0,0,0.8703901920088007,1,sensor_inversion,1
43,hpd,132,155.0,0.0,0,0.8578111602414039,1,sensor_inversion,1
43,hpd,133,215.0,0.0,0,0.8683863126030265,1,sensor_inversion,1
43,hpd,134,231.0,0.0,0,0.8442639654332941,1,sensor_inversion,1
43,hpd,135,192.0,0.0,0,0.8635037816647028,1,sensor_inversion,1
43,hpd,136,156.0,0.0,0,0.8567047164990351,1,sensor_inversion,1
43,hpd,137,248.0,0.0,0,0.8422586941911329,1,sensor_inversion,1
43,hpd,138,190.0,0.0,0,0.8709324083830181,1,sensor_inversion,1
43,hpd,139,208.0,0.0,0,0.8571885008460435,1,sensor_inversion,1
43,hpd,140,166.0,0.0,0,0.8598343524109409,1,sensor_inversion,1
43,hpd,141,181.0,0.0,0,0.8656708614602273,1,sensor_inversion,1
43,hpd,142,212.0,0.0,0,0.8442190484430805,1,sensor_inversion,1
43,hpd,143,171.0,0.0,0,0.8446668688549169,1,sensor_inversion,1
43,hpd,144,314.0,0.0,0,0.8598955350823209,1,sensor_inversion,1
43,hpd,145,377.0,0.0,0,0.8534627037697613,1,sensor_inversion,1
43,hpd,146,224.0,0.0,0,0.8555333417441163,1,sensor_inversion,1
43,hpd,147,221.0,0.0,0,0.8775767172443741,1,sensor_inversion,1
43,hpd,148,245.0,0.0,0,0.8569246759220045,1,sensor_inversion,1
43,hpd,149,213.0,0.0,0,0.8611156237144053,1,sensor_inversion,1
44,vanilla,0,23.0,1.0,0,1.1562584483105203,0,sensor_inversion,0
44,vanilla,1,63.0,0.8911090557802088,0,0.9782646746231766,0,sensor_inversion,0
44,vanilla,2,21.0,0.8020760579717637,0,0.15424732934860957,0,sensor_inversion,0
44,vanilla,3,37.0,0.6662995813682115,0,0.05978759774216661,0,sensor_inversion,0
44,vanilla,4,15.0,0.6180388156137953,0,0.05175701247321234,0,sensor_inversion,0
44,vanilla,5,32.0,0.5264466124450268,0,0.02873657767971357,0,sensor_inversion,0
44,vanilla,6,25.0,0.46444185833082485,0,0.023812721570332845,0,sensor_inversion,0
44,vanilla,7,13.0,0.4351424010585501,0,0.036500099377754405,0,sensor_inversion,0
44,vanilla,8,21.0,0.39166620452737816,0,0.023782444378686336,0,sensor_inversion,0
44,vanilla,9,14.0,0.36512303261753626,0,0.03271140938713436,0,sensor_inversion,0
44,vanilla,10,9.0,0.34901730169741024,0,0.05023314776243987,0,sensor_inversion,0
44,vanilla,11,10.0,0.33195389135223546,0,0.6207329789797466,0,sensor_inversion,0
44,vanilla,12,20.0,0.30028896908517405,0,0.27028128107388816,0,sensor_inversion,0
44,vanilla,13,18.0,0.2743815040481898,0,0.16675735844506157,0,sensor_inversion,0
44,vanilla,14,21.0,0.24696734223472733,0,0.11327862171899705,0,sensor_inversion,0
44,vanilla,15,20.0,0.22340924607110255,0,0.13434948523839313,0,sensor_inversion,0
44,vanilla,16,9.0,0.21355457002808648,0,0.20383076756088822,0,sensor_inversion,0
44,vanilla,17,38.0,0.17651675623376062,0,0.08219916883267854,0,sensor_inversion,0
44,vanilla,18,11.0,0.16704744067563246,0,0.14495400948957962,0,sensor_inversion,0
44,vanilla,19,9.0,0.15967890763313974,0,0.18099969404715077,0,sensor_inversion,0
44,vanilla,20,11.0,0.15111286553822956,0,0.19875826980128436,0,sensor_inversion,0
44,vanilla,21,13.0,0.14157986400593744,0,0.6127956891671205,0,sensor_inversion,0
44,vanilla,22,9.0,0.1353347165085562,0,0.45613016905608006,0,sensor_inversion,0
44,vanilla,23,10.0,0.12871821987500112,0,0.25218777656555175,0,sensor_inversion,0
44,vanilla,24,10.0,0.12242520289863423,0,0.3887572447458903,0,sensor_inversion,0
44,vanilla,25,10.0,0.11643985070121858,0,0.30273796717325846,0,sensor_inversion,0
44,vanilla,26,10.0,0.11074712159185099,0,0.3137431462605794,0,sensor_inversion,0
44,vanilla,27,11.0,0.10480604571960442,0,0.24941341804735587,0,sensor_inversion,0
44,vanilla,28,10.0,0.0996820918179746,0,0.28495676517486573,0,sensor_inversion,0
44,vanilla,29,9.0,0.09528507271768329,0,0.3383158401206688,0,sensor_inversion,0
44,vanilla,30,11.0,0.09017346495423652,0,0.30134184432752203,0,sensor_inversion,0
44,vanilla,31,10.0,0.08576489601717459,0,0.678516952196757,0,sensor_inversion,0
44,vanilla,32,10.0,0.08157186144027828,0,0.5705272912979125,0,sensor_inversion,0
44,vanilla,33,11.0,0.07719590465791494,0,0.35692380413864594,0,sensor_inversion,0
44,vanilla,34,10.0,0.07342180695061275,0,0.31452620824178057,0,sensor_inversion,0
44,vanilla,35,16.0,0.0677632708131484,0,0.2102332313855489,0,sensor_inversion,0
44,vanilla,36,12.0,0.06380744126877576,0,0.35439032316207886,0,sensor_inversion,0
44,vanilla,37,9.0,0.0609928681304848,0,0.3502848324952302,0,sensor_inversion,0
44,vanilla,38,9.0,0.05830244700006734,0,0.3678434248323794,0,sensor_inversion,0
44,vanilla,39,10.0,0.0554520479727078,0,0.3218666235605876,0,sensor_inversion,0
44,vanilla,40,8.0,0.05327239673939179,0,0.31733805934588116,0,sensor_inversion,0
44,vanilla,41,9.0,0.05092252885731386,0,0.6547440422905816,0,sensor_inversion,0
44,vanilla,42,11.0,0.048190768399801194,0,0.6902745420282538,0,sensor_inversion,0
44,vanilla,43,11.0,0.045605554379880814,0,0.5811460198778094,0,sensor_inversion,0
44,vanilla,44,14.0,0.04251487140556204,0,0.2429255247116089,0,sensor_inversion,0
44,vanilla,45,10.0,0.04043632488927963,0,0.38887429237365717,0,sensor_inversion,0
44,vanilla,46,20.0,0.03657912327863173,0,0.25876449346542363,0,sensor_inversion,0
44,vanilla,47,45.0,0.029192542808371146,0,0.13646988692107026,0,sensor_inversion,0
44,vanilla,48,10.0,0.027765323199097504,0,0.33365643024444586,0,sensor_inversion,0
44,vanilla,49,207.0,0.01,0,0.23533502331486453,0,sensor_inversion,0
44,vanilla,50,59.0,0.01,0,0.17453948656717935,0,sensor_inversion,0
44,vanilla,51,44.0,0.01,0,0.24506974220275876,0,sensor_inversion,0
44,vanilla,52,64.0,0.01,0,0.1683481925477584,0,sensor_inversion,0
44,vanilla,53,136.0,0.01,0,0.11919947815876383,0,sensor_inversion,0
44,vanilla,54,127.0,0.01,0,0.10305154167135243,0,sensor_inversion,0
44,vanilla,55,124.0,0.01,0,0.1288454500577783,0,sensor_inversion,0
44,vanilla,56,362.0,0.01,0,0.06099157065537314,0,sensor_inversion,0
44,vanilla,57,139.0,0.01,0,0.09536120016797842,0,sensor_inversion,0
44,vanilla,58,186.0,0.01,0,0.06196959706617512,0,sensor_inversion,0
44,vanilla,59,118.0,0.01,0,0.06628665681612694,0,sensor_inversion,0
44,vanilla,60,155.0,0.01,0,0.07419773327407014,0,sensor_inversion,0
44,vanilla,61,159.0,0.01,0,0.1302373544225153,0,sensor_inversion,0
44,vanilla,62,128.0,0.01,0,0.06727522301177183,0,sensor_inversion,0
44,vanilla,63,176.0,0.01,0,0.1037743254141374,0,sensor_inversion,0
44,vanilla,64,214.0,0.01,0,0.165314799528627,0,sensor_inversion,0
44,vanilla,65,221.0,0.01,0,0.10795875156626981,0,sensor_inversion,0
44,vanilla,66,242.0,0.01,0,0.09796650777506762,0,sensor_inversion,0
44,vanilla,67,179.0,0.01,0,0.08133233992081115,0,sensor_inversion,0
44,vanilla,68,230.0,0.01,0,0.09265423650326936,0,sensor_inversion,0
44,vanilla,69,178.0,0.01,0,0.10426894689767102,0,sensor_inversion,0
44,vanilla,70,221.0,0.01,0,0.08150238293148633,0,sensor_inversion,0
44,vanilla,71,178.0,0.01,0,0.12441907750533315,0,sensor_inversion,0
44,vanilla,72,256.0,0.01,0,0.07300134872396787,0,sensor_inversion,0
44,vanilla,73,283.0,0.01,0,0.11225154851996574,0,sensor_inversion,0
44,vanilla,74,193.0,0.01,0,0.16314740419799595,0,sensor_inversion,0
44,vanilla,75,14.0,1.0,0,0.32606568790617446,1,sensor_inversion,0
44,vanilla,76,12.0,1.0,0,0.9353839953740439,1,sensor_inversion,0
44,vanilla,77,19.0,1.0,0,0.5613013150399191,1,sensor_inversion,0
44,vanilla,78,27.0,0.9558895783575597,0,0.4172297701423551,1,sensor_inversion,0
44,vanilla,79,16.0,0.8822202429488013,0,0.9385685125986736,1,sensor_inversion,0
44,vanilla,80,30.0,0.7590483508202912,0,0.6066181023915609,1,sensor_inversion,0
44,vanilla,81,17.0,0.697046600835495,0,0.8210517097921932,1,sensor_inversion,0
44,vanilla,82,10.0,0.6629680834613705,0,1.000690793991089,1,sensor_inversion,0
44,vanilla,83,30.0,0.5704072587541458,0,0.42010003195868595,1,sensor_inversion,0
44,vanilla,84,15.0,0.5290920728090721,0,0.7624230172899035,1,sensor_inversion,0
44,vanilla,85,12.0,0.4982051627146237,0,1.0364428891075983,1,sensor_inversion,0
44,vanilla,86,28.0,0.43296668905325736,0,0.5597142548788161,1,sensor_inversion,0
44,vanilla,87,18.0,0.39561243860243744,0,0.6975932916005454,1,sensor_inversion,0
44,vanilla,88,16.0,0.36512303261753626,0,0.7141752044359843,1,sensor_inversion,0
44,vanilla,89,14.0,0.3403786882983606,0,0.7886124224889847,1,sensor_inversion,0
44,vanilla,90,20.0,0.3079101286968243,0,0.6821977694829304,1,sensor_inversion,0
44,vanilla,91,12.0,0.28993519966087045,0,0.8288898997836643,1,sensor_inversion,0
44,vanilla,92,20.0,0.26227842021373715,0,0.5935781876246133,1,sensor_inversion,0
44,vanilla,93,23.0,0.23371867538818816,0,0.48285337807475653,1,sensor_inversion,0
44,vanilla,94,15.0,0.2167901907234072,0,0.833128293355306,1,sensor_inversion,0
44,vanilla,95,20.0,0.19611067854912728,0,0.5702375094095866,1,sensor_inversion,0
44,vanilla,96,15.0,0.18190617987607657,0,0.5693266868591309,1,sensor_inversion,0
44,vanilla,97,17.0,0.16704744067563246,0,0.683511173023897,1,sensor_inversion,0
44,vanilla,98,14.0,0.1557266555690826,0,0.6168009213038853,1,sensor_inversion,0
44,vanilla,99,17.0,0.14300635237083656,0,0.42556630863862877,1,sensor_inversion,0
44,vanilla,100,14.0,0.13331482894782642,0,0.709747314453125,1,sensor_inversion,0
44,vanilla,101,11.0,0.1261630989318213,0,0.6353025869889692,1,sensor_inversion,0
44,vanilla,102,26.0,0.11074712159185099,0,0.47349239618350303,1,sensor_inversion,0
44,vanilla,103,13.0,0.10376060541355137,0,0.4471196516966209,1,sensor_inversion,0
44,vanilla,104,16.0,0.09576389217857617,0,0.4008764972289403,1,sensor_inversion,0
44,vanilla,105,22.0,0.08576489601717459,0,0.37499254038839624,1,sensor_inversion,0
44,vanilla,106,15.0,0.07955285615946175,0,0.40567576090494784,1,sensor_inversion,0
44,vanilla,107,22.0,0.0712465030521374,0,0.4277168006607981,1,sensor_inversion,0
44,vanilla,108,18.0,0.06509970288011008,0,0.43465450074937606,1,sensor_inversion,0
44,vanilla,109,14.0,0.060687903789832374,0,0.6728967825571697,1,sensor_inversion,0
44,vanilla,110,18.0,0.0554520479727078,0,0.4721512794494629,1,sensor_inversion,0
44,vanilla,111,21.0,0.049911691230058335,0,0.5755087458898152,1,sensor_inversion,0
44,vanilla,112,24.0,0.04425437624418858,0,0.42193886306550765,1,sensor_inversion,0
44,vanilla,113,30.0,0.038075765743545126,0,0.3150828017128839,1,sensor_inversion,0
44,vanilla,114,20.0,0.034443736736092176,0,0.31765112678209945,1,sensor_inversion,0
44,vanilla,115,24.0,0.030539660091838977,0,0.3159154935015573,1,sensor_inversion,0
44,vanilla,116,16.0,0.028186002814352063,0,0.5474421878655751,1,sensor_inversion,0
44,vanilla,117,18.0,0.025754252208694463,0,0.442150526576572,1,sensor_inversion,0
44,vanilla,118,26.0,0.02260731802731653,0,0.3402318312571599,1,sensor_inversion,0
44,vanilla,119,20.0,0.020450816818411825,0,0.4690175612767537,1,sensor_inversion,0
44,vanilla,120,19.0,0.018592988164936427,0,0.6811903192285906,1,sensor_inversion,0
44,vanilla,121,31.0,0.015917127532080494,0,0.4709379826822588,1,sensor_inversion,0
44,vanilla,122,39.0,0.013090759526015528,0,0.34141295995467746,1,sensor_inversion,0
44,vanilla,123,23.0,0.01166529436067347,0,0.44681982372118073,1,sensor_inversion,0
44,vanilla,124,46.0,0.01,0,0.3347300005995709,1,sensor_inversion,0
44,vanilla,125,30.0,0.0,0,0.403708020846049,1,sensor_inversion,1
44,vanilla,126,45.0,0.0,0,0.32036469247606064,1,sensor_inversion,1
44,vanilla,127,35.0,0.0,0,0.3313871043069022,1,sensor_inversion,1
44,vanilla,128,32.0,0.0,0,0.34876643121242523,1,sensor_inversion,1
44,vanilla,129,47.0,0.0,0,0.2908772035693446,1,sensor_inversion,1
44,vanilla,130,28.0,0.0,0,0.38606921264103483,1,sensor_inversion,1
44,vanilla,131,26.0,0.0,0,0.6276981097001296,1,sensor_inversion,1
44,vanilla,132,30.0,0.0,0,0.6466897673077054,1,sensor_inversion,1
44,vanilla,133,30.0,0.0,0,0.6097876575258042,1,sensor_inversion,1
44,vanilla,134,30.0,0.0,0,0.6170606851577759,1,sensor_inversion,1
44,vanilla,135,30.0,0.0,0,0.633759429719713,1,sensor_inversion,1
44,vanilla,136,37.0,0.0,0,0.6625272282608993,1,sensor_inversion,1
44,vanilla,137,30.0,0.0,0,0.6290521727667914,1,sensor_inversion,1
44,vanilla,138,39.0,0.0,0,0.6753214016938822,1,sensor_inversion,1
44,vanilla,139,32.0,0.0,0,0.6630822469790776,1,sensor_inversion,1
44,vanilla,140,34.0,0.0,0,0.680861377248577,1,sensor_inversion,1
44,vanilla,141,25.0,0.0,0,0.5909987195332845,1,sensor_inversion,1
44,vanilla,142,38.0,0.0,0,0.6568040366758378,1,sensor_inversion,1
44,vanilla,143,40.0,0.0,0,0.6692608376344046,1,sensor_inversion,1
44,vanilla,144,39.0,0.0,0,0.6624613623333793,1,sensor_inversion,1
44,vanilla,145,28.0,0.0,0,0.6267833340735663,1,sensor_inversion,1
44,vanilla,146,23.0,0.0,0,0.6491182092307269,1,sensor_inversion,1
44,vanilla,147,32.0,0.0,0,0.6738759353756905,1,sensor_inversion,1
44,vanilla,148,43.0,0.0,0,0.6989111863365469,1,sensor_inversion,1
44,vanilla,149,25.0,0.0,0,0.6413692315419515,1,sensor_inversion,1
44,hpd,0,23.0,1.0,0,1.1562584483105203,0,sensor_inversion,0
44,hpd,1,63.0,0.8911090557802088,0,0.9782646746231766,0,sensor_inversion,0
44,hpd,2,21.0,0.8020760579717637,0,0.15424732934860957,0,sensor_inversion,0
44,hpd,3,37.0,0.6662995813682115,0,0.05978759774216661,0,sensor_inversion,0
44,hpd,4,15.0,0.6180388156137953,0,0.05175701247321234,0,sensor_inversion,0
44,hpd,5,32.0,0.5264466124450268,0,0.02873657767971357,0,sensor_inversion,0
44,hpd,6,25.0,0.46444185833082485,0,0.023812721570332845,0,sensor_inversion,0
44,hpd,7,13.0,0.4351424010585501,0,0.036500099377754405,0,sensor_inversion,0
44,hpd,8,21.0,0.39166620452737816,0,0.023782444378686336,0,sensor_inversion,0
44,hpd,9,14.0,0.36512303261753626,0,0.03271140938713436,0,sensor_inversion,0
44,hpd,10,9.0,0.34901730169741024,0,0.05023314776243987,0,sensor_inversion,0
44,hpd,11,10.0,0.33195389135223546,0,0.6207329789797466,0,sensor_inversion,0
44,hpd,12,20.0,0.30028896908517405,0,0.27028128107388816,0,sensor_inversion,0
44,hpd,13,18.0,0.2743815040481898,0,0.16675735844506157,0,sensor_inversion,0
44,hpd,14,21.0,0.24696734223472733,0,0.11327862171899705,0,sensor_inversion,0
44,hpd,15,20.0,0.22340924607110255,0,0.13434948523839313,0,sensor_inversion,0
44,hpd,16,9.0,0.21355457002808648,0,0.20383076756088822,0,sensor_inversion,0
44,hpd,17,38.0,0.17651675623376062,0,0.08219916883267854,0,sensor_inversion,0
44,hpd,18,11.0,0.16704744067563246,0,0.14495400948957962,0,sensor_inversion,0
44,hpd,19,9.0,0.15967890763313974,0,0.18099969404715077,0,sensor_inversion,0
44,hpd,20,11.0,0.15111286553822956,0,0.19875826980128436,0,sensor_inversion,0
44,hpd,21,13.0,0.14157986400593744,0,0.6127956891671205,0,sensor_inversion,0
44,hpd,22,9.0,0.1353347165085562,0,0.45613016905608006,0,sensor_inversion,0
44,hpd,23,10.0,0.12871821987500112,0,0.25218777656555175,0,sensor_inversion,0
44,hpd,24,10.0,0.12242520289863423,0,0.3887572447458903,0,sensor_inversion,0
44,hpd,25,10.0,0.11643985070121858,0,0.30273796717325846,0,sensor_inversion,0
44,hpd,26,10.0,0.11074712159185099,0,0.3137431462605794,0,sensor_inversion,0
44,hpd,27,11.0,0.10480604571960442,0,0.24941341804735587,0,sensor_inversion,0
44,hpd,28,10.0,0.0996820918179746,0,0.28495676517486573,0,sensor_inversion,0
44,hpd,29,9.0,0.09528507271768329,0,0.3383158401206688,0,sensor_inversion,0
44,hpd,30,11.0,0.09017346495423652,0,0.30134184432752203,0,sensor_inversion,0
44,hpd,31,10.0,0.08576489601717459,0,0.678516952196757,0,sensor_inversion,0
44,hpd,32,10.0,0.08157186144027828,0,0.5705272912979125,0,sensor_inversion,0
44,hpd,33,11.0,0.07719590465791494,0,0.35692380413864594,0,sensor_inversion,0
44,hpd,34,10.0,0.07342180695061275,0,0.31452620824178057,0,sensor_inversion,0
44,hpd,35,16.0,0.0677632708131484,0,0.2102332313855489,0,sensor_inversion,0
44,hpd,36,12.0,0.06380744126877576,0,0.35439032316207886,0,sensor_inversion,0
44,hpd,37,9.0,0.0609928681304848,0,0.3502848324952302,0,sensor_inversion,0
44,hpd,38,9.0,0.05830244700006734,0,0.3678434248323794,0,sensor_inversion,0
44,hpd,39,10.0,0.0554520479727078,0,0.3218666235605876,0,sensor_inversion,0
44,hpd,40,8.0,0.05327239673939179,0,0.31733805934588116,0,sensor_inversion,0
44,hpd,41,9.0,0.05092252885731386,0,0.6547440422905816,0,sensor_inversion,0
44,hpd,42,11.0,0.048190768399801194,0,0.6902745420282538,0,sensor_inversion,0
44,hpd,43,11.0,0.045605554379880814,0,0.5811460198778094,0,sensor_inversion,0
44,hpd,44,14.0,0.04251487140556204,0,0.2429255247116089,0,sensor_inversion,0
44,hpd,45,10.0,0.04043632488927963,0,0.38887429237365717,0,sensor_inversion,0
44,hpd,46,20.0,0.03657912327863173,0,0.25876449346542363,0,sensor_inversion,0
44,hpd,47,45.0,0.029192542808371146,0,0.13646988692107026,0,sensor_inversion,0
44,hpd,48,10.0,0.027765323199097504,0,0.33365643024444586,0,sensor_inversion,0
44,hpd,49,207.0,0.01,0,0.23533502331486453,0,sensor_inversion,0
44,hpd,50,59.0,0.01,0,0.17453948656717935,0,sensor_inversion,0
44,hpd,51,44.0,0.01,0,0.24506974220275876,0,sensor_inversion,0
44,hpd,52,64.0,0.01,0,0.1683481925477584,0,sensor_inversion,0
44,hpd,53,136.0,0.01,0,0.11919947815876383,0,sensor_inversion,0
44,hpd,54,127.0,0.01,0,0.10305154167135243,0,sensor_inversion,0
44,hpd,55,124.0,0.01,0,0.1288454500577783,0,sensor_inversion,0
44,hpd,56,362.0,0.01,0,0.06099157065537314,0,sensor_inversion,0
44,hpd,57,139.0,0.01,0,0.09536120016797842,0,sensor_inversion,0
44,hpd,58,186.0,0.01,0,0.06196959706617512,0,sensor_inversion,0
44,hpd,59,118.0,0.01,0,0.06628665681612694,0,sensor_inversion,0
44,hpd,60,155.0,0.01,0,0.07419773327407014,0,sensor_inversion,0
44,hpd,61,159.0,0.01,0,0.1302373544225153,0,sensor_inversion,0
44,hpd,62,128.0,0.01,0,0.06727522301177183,0,sensor_inversion,0
44,hpd,63,176.0,0.01,0,0.1037743254141374,0,sensor_inversion,0
44,hpd,64,214.0,0.01,0,0.165314799528627,0,sensor_inversion,0
44,hpd,65,221.0,0.01,0,0.10795875156626981,0,sensor_inversion,0
44,hpd,66,242.0,0.01,0,0.09796650777506762,0,sensor_inversion,0
44,hpd,67,179.0,0.01,0,0.08133233992081115,0,sensor_inversion,0
44,hpd,68,230.0,0.01,0,0.09265423650326936,0,sensor_inversion,0
44,hpd,69,178.0,0.01,0,0.10426894689767102,0,sensor_inversion,0
44,hpd,70,221.0,0.01,0,0.08150238293148633,0,sensor_inversion,0
44,hpd,71,178.0,0.01,0,0.12441907750533315,0,sensor_inversion,0
44,hpd,72,256.0,0.01,0,0.07300134872396787,0,sensor_inversion,0
44,hpd,73,283.0,0.01,0,0.11225154851996574,0,sensor_inversion,0
44,hpd,74,193.0,0.01,0,0.16314740419799595,0,sensor_inversion,0
44,hpd,75,28.0,1.0,1,1.2967714979535057,1,sensor_inversion,0
44,hpd,76,34.0,1.0,1,2.1443573937696563,1,sensor_inversion,0
44,hpd,77,56.0,0.7590483508202912,1,0.8340352404685246,1,sensor_inversion,0
44,hpd,78,60.0,0.5618938591163328,1,0.8055282937155829,1,sensor_inversion,0
44,hpd,79,59.0,0.4180382776616619,1,0.6382955804383015,1,sensor_inversion,0
44,hpd,80,66.0,0.30028896908517405,1,0.6304904017785584,1,sensor_inversion,0
44,hpd,81,38.0,0.24820838415550486,1,0.5797752246522067,1,sensor_inversion,0
44,hpd,82,88.0,0.15967890763313974,1,0.5599541772495616,1,sensor_inversion,0
44,hpd,83,239.0,0.048190768399801194,1,0.667450696687153,1,sensor_inversion,0
44,hpd,84,291.0,0.011206767143558775,1,0.5810034012876425,1,sensor_inversion,0
44,hpd,85,174.0,0.01,1,0.46182593166599784,1,sensor_inversion,0
44,hpd,86,205.0,0.01,1,0.32374118246683253,1,sensor_inversion,0
44,hpd,87,192.0,0.01,1,0.32519004162814885,1,sensor_inversion,0
44,hpd,88,338.0,0.01,1,0.28434860682816665,1,sensor_inversion,0
44,hpd,89,120.0,0.01,1,0.27784440384970766,1,sensor_inversion,0
44,hpd,90,137.0,0.01,1,0.2882825162288916,1,sensor_inversion,0
44,hpd,91,39.0,0.01,1,0.45923646291097003,1,sensor_inversion,0
44,hpd,92,107.0,0.01,1,0.2669220030122086,1,sensor_inversion,0
44,hpd,93,276.0,0.01,1,0.23252286254495813,1,sensor_inversion,0
44,hpd,94,155.0,0.01,1,0.21146857764131277,1,sensor_inversion,0
44,hpd,95,180.0,0.01,1,0.22209332695713752,1,sensor_inversion,0
44,hpd,96,302.0,0.01,1,0.20418507531778698,1,sensor_inversion,0
44,hpd,97,191.0,0.01,1,0.1803913449325695,1,sensor_inversion,0
44,hpd,98,237.0,0.01,1,0.23835764186124092,1,sensor_inversion,0
44,hpd,99,148.0,0.01,1,0.19757439531721513,1,sensor_inversion,0
44,hpd,100,161.0,0.01,1,0.27011598069722115,1,sensor_inversion,0
44,hpd,101,103.0,0.01,1,0.21862735408795303,1,sensor_inversion,0
44,hpd,102,259.0,0.01,1,0.39669465098141704,1,sensor_inversion,0
44,hpd,103,145.0,0.01,1,0.35144544031428193,1,sensor_inversion,0
44,hpd,104,140.0,0.01,1,0.27451727390289304,1,sensor_inversion,0
44,hpd,105,175.0,0.01,1,0.31132610366457986,1,sensor_inversion,0
44,hpd,106,500.0,0.01,1,0.39868452294667567,1,sensor_inversion,0
44,hpd,107,500.0,0.01,0,0.25887178802490235,1,sensor_inversion,0
44,hpd,108,122.0,0.01,1,0.32093159162281637,1,sensor_inversion,0
44,hpd,109,218.0,0.01,1,0.8571760873182106,1,sensor_inversion,0
44,hpd,110,150.0,0.01,1,0.6885190847184922,1,sensor_inversion,0
44,hpd,111,50.0,0.01,1,0.402345810731252,1,sensor_inversion,0
44,hpd,112,29.0,0.01,1,0.2745183123939339,1,sensor_inversion,0
44,hpd,113,29.0,0.01,1,0.23778262768668687,1,sensor_inversion,0
44,hpd,114,26.0,0.01,1,0.36475366506821066,1,sensor_inversion,0
44,hpd,115,29.0,0.01,1,0.4767933898958667,1,sensor_inversion,0
44,hpd,116,31.0,0.01,1,0.29849805370453864,1,sensor_inversion,0
44,hpd,117,80.0,0.01,1,0.21983268956343335,1,sensor_inversion,0
44,hpd,118,55.0,0.01,1,0.3959929964759133,1,sensor_inversion,0
44,hpd,119,139.0,0.01,1,0.26167281011311555,1,sensor_inversion,0
44,hpd,120,194.0,0.01,1,0.19779954251554824,1,sensor_inversion,0
44,hpd,121,32.0,0.01,1,0.5425113886594772,1,sensor_inversion,0
44,hpd,122,72.0,0.01,1,0.22119877542610522,1,sensor_inversion,0
44,hpd,123,102.0,0.01,1,0.16117047796062395,1,sensor_inversion,0
44,hpd,124,332.0,0.01,1,0.2656042367578989,1,sensor_inversion,0
44,hpd,125,500.0,0.0,0,0.8753475111325582,1,sensor_inversion,1
44,hpd,126,209.0,0.0,0,0.9274072981717293,1,sensor_inversion,1
44,hpd,127,409.0,0.0,0,0.9375920571635775,1,sensor_inversion,1
44,hpd,128,500.0,0.0,0,0.8844940268198649,1,sensor_inversion,1
44,hpd,129,218.0,0.0,0,0.9699507955381995,1,sensor_inversion,1
44,hpd,130,500.0,0.0,0,0.8858936443328858,1,sensor_inversion,1
44,hpd,131,500.0,0.0,0,0.8705536543528238,1,sensor_inversion,1
44,hpd,132,500.0,0.0,0,0.8736698087056477,1,sensor_inversion,1
44,hpd,133,382.0,0.0,0,0.944089494034466,1,sensor_inversion,1
44,hpd,134,249.0,0.0,0,0.9852424634987091,1,sensor_inversion,1
44,hpd,135,500.0,0.0,0,0.8848585866292318,1,sensor_inversion,1
44,hpd,136,181.0,0.0,0,0.881494846572314,1,sensor_inversion,1
44,hpd,137,382.0,0.0,0,0.9021391740644166,1,sensor_inversion,1
44,hpd,138,360.0,0.0,0,0.8983661382286636,1,sensor_inversion,1
44,hpd,139,500.0,0.0,0,0.8733830680847168,1,sensor_inversion,1
44,hpd,140,500.0,0.0,0,0.8728858598073322,1,sensor_inversion,1
44,hpd,141,500.0,0.0,0,0.8743390992482503,1,sensor_inversion,1
44,hpd,142,245.0,0.0,0,0.9385652331267894,1,sensor_inversion,1
44,hpd,143,221.0,0.0,0,0.9581642668711114,1,sensor_inversion,1
44,hpd,144,239.0,0.0,0,1.028388081235367,1,sensor_inversion,1
44,hpd,145,166.0,0.0,0,0.9021126364608366,1,sensor_inversion,1
44,hpd,146,102.0,0.0,0,0.846009238093507,1,sensor_inversion,1
44,hpd,147,500.0,0.0,0,0.8715728816986084,1,sensor_inversion,1
44,hpd,148,245.0,0.0,0,0.9295869493160119,1,sensor_inversion,1
44,hpd,149,500.0,0.0,0,0.8755899314880371,1,sensor_inversion,1
45,vanilla,0,14.0,1.0,0,1.0775813879001708,0,sensor_inversion,0
45,vanilla,1,15.0,1.0,0,1.1744594785902234,0,sensor_inversion,0
45,vanilla,2,16.0,1.0,0,1.0617239512503147,0,sensor_inversion,0
45,vanilla,3,38.0,0.9046104802746175,0,0.8448915042375263,0,sensor_inversion,0
45,vanilla,4,16.0,0.8348931673187264,0,0.09985275069872537,0,sensor_inversion,0
45,vanilla,5,41.0,0.6797938283326578,0,0.09166787310344417,0,sensor_inversion,0
45,vanilla,6,17.0,0.6242658676435396,0,0.030112364712883446,0,sensor_inversion,0
45,vanilla,7,16.0,0.5761543988830038,0,0.017794926961263023,0,sensor_inversion,0
45,vanilla,8,18.0,0.5264466124450268,0,0.01892087636170564,0,sensor_inversion,0
45,vanilla,9,13.0,0.4932355662165453,0,0.023285651818299908,0,sensor_inversion,0
45,vanilla,10,8.0,0.4738479773082268,0,0.025716895858446758,0,sensor_inversion,0
45,vanilla,11,16.0,0.43732904629000013,0,0.5744425803422928,0,sensor_inversion,0
45,vanilla,12,10.0,0.4159480862733536,0,0.3245624383290609,0,sensor_inversion,0
45,vanilla,13,14.0,0.3877593341372176,0,0.151517805599031,0,sensor_inversion,0
45,vanilla,14,14.0,0.3614809303671764,0,0.19163879610243298,0,sensor_inversion,0
45,vanilla,15,14.0,0.33698341088258443,0,0.1479589059239342,0,sensor_inversion,0
45,vanilla,16,11.0,0.31890579420988907,0,0.16138338320183032,0,sensor_inversion,0
45,vanilla,17,12.0,0.30028896908517405,0,0.16590792271826002,0,sensor_inversion,0
45,vanilla,18,22.0,0.2689348941735696,0,0.15404774022824838,0,sensor_inversion,0
45,vanilla,19,10.0,0.25578670228422234,0,0.1691747506459554,0,sensor_inversion,0
45,vanilla,20,11.0,0.24206491716205145,0,0.20425009727478027,0,sensor_inversion,0
45,vanilla,21,9.0,0.231387331601191,0,0.6097081325672291,0,sensor_inversion,0
45,vanilla,22,8.0,0.22229219984074702,0,0.47896673281987506,0,sensor_inversion,0
45,vanilla,23,12.0,0.20931540516921554,0,0.3447041246626112,0,sensor_inversion,0
45,vanilla,24,16.0,0.19318370215794672,0,0.23444995284080505,0,sensor_inversion,0
45,vanilla,25,15.0,0.17919120740315364,0,0.18130791452195907,0,sensor_inversion,0
45,vanilla,26,10.0,0.17043057265153258,0,0.3282881339391073,0,sensor_inversion,0
45,vanilla,27,15.0,0.1580861105294992,0,0.19714253213670518,0,sensor_inversion,0
45,vanilla,28,15.0,0.14663577052834775,0,0.19447489844428167,0,sensor_inversion,0
45,vanilla,29,11.0,0.138769433003975,0,0.23677954529270984,0,sensor_inversion,0
45,vanilla,30,16.0,0.12807462877562611,0,0.2263009746869405,0,sensor_inversion,0
45,vanilla,31,18.0,0.11702497557911415,0,0.4950025655605175,0,sensor_inversion,0
45,vanilla,32,38.0,0.09672876157528969,0,0.1621177531125253,0,sensor_inversion,0
45,vanilla,33,27.0,0.08448484422350626,0,0.2178078904563998,0,sensor_inversion,0
45,vanilla,34,16.0,0.07797369223798889,0,0.3280603537956873,0,sensor_inversion,0
45,vanilla,35,43.0,0.06285510723190912,0,0.11019304556440014,0,sensor_inversion,0
45,vanilla,36,29.0,0.0543512971290831,0,0.15867963330499057,0,sensor_inversion,0
45,vanilla,37,36.0,0.04537752660798141,0,0.16709831025865343,0,sensor_inversion,0
45,vanilla,38,17.0,0.041670929977297724,0,0.2781502873289819,0,sensor_inversion,0
45,vanilla,39,17.0,0.03826710124979409,0,0.2823047170452043,0,sensor_inversion,0
45,vanilla,40,26.0,0.03359121130473201,0,0.12680432735345304,0,sensor_inversion,0
45,vanilla,41,16.0,0.03100237440513238,0,0.5360200305779775,0,sensor_inversion,0
45,vanilla,42,54.0,0.023650553933395897,0,0.2028663070113571,0,sensor_inversion,0
45,vanilla,43,39.0,0.019450979052291272,0,0.2643260955810547,0,sensor_inversion,0
45,vanilla,44,27.0,0.016988875991640028,0,0.23318240377638075,0,sensor_inversion,0
45,vanilla,45,46.0,0.013490447637165436,0,0.25123269316078956,0,sensor_inversion,0
45,vanilla,46,391.0,0.01,0,0.10786706712239844,0,sensor_inversion,0
45,vanilla,47,271.0,0.01,0,0.09091445470061542,0,sensor_inversion,0
45,vanilla,48,80.0,0.01,0,0.13121459633111954,0,sensor_inversion,0
45,vanilla,49,141.0,0.01,0,0.09545071398394608,0,sensor_inversion,0
45,vanilla,50,95.0,0.01,0,0.09883565149809184,0,sensor_inversion,0
45,vanilla,51,254.0,0.01,0,0.1167615860153058,0,sensor_inversion,0
45,vanilla,52,224.0,0.01,0,0.09549603859583536,0,sensor_inversion,0
45,vanilla,53,184.0,0.01,0,0.08334901799326358,0,sensor_inversion,0
45,vanilla,54,307.0,0.01,0,0.0999098785795943,0,sensor_inversion,0
45,vanilla,55,237.0,0.01,0,0.07644901061024512,0,sensor_inversion,0
45,vanilla,56,460.0,0.01,0,0.0577639973681906,0,sensor_inversion,0
45,vanilla,57,226.0,0.01,0,0.07587222574734759,0,sensor_inversion,0
45,vanilla,58,253.0,0.01,0,0.08599996943718831,0,sensor_inversion,0
45,vanilla,59,217.0,0.01,0,0.08187556010420605,0,sensor_inversion,0
45,vanilla,60,254.0,0.01,0,0.0786832536612283,0,sensor_inversion,0
45,vanilla,61,273.0,0.01,0,0.12775952708299051,0,sensor_inversion,0
45,vanilla,62,323.0,0.01,0,0.07318928760886807,0,sensor_inversion,0
45,vanilla,63,293.0,0.01,0,0.08540309302771594,0,sensor_inversion,0
45,vanilla,64,333.0,0.01,0,0.07638923685113946,0,sensor_inversion,0
45,vanilla,65,322.0,0.01,0,0.0827612751018927,0,sensor_inversion,0
45,vanilla,66,248.0,0.01,0,0.10181736561559862,0,sensor_inversion,0
45,vanilla,67,194.0,0.01,0,0.09122584980378035,0,sensor_inversion,0
45,vanilla,68,400.0,0.01,0,0.07398501897851625,0,sensor_inversion,0
45,vanilla,69,254.0,0.01,0,0.07122286113854157,0,sensor_inversion,0
45,vanilla,70,248.0,0.01,0,0.08304150706978256,0,sensor_inversion,0
45,vanilla,71,254.0,0.01,0,0.12236231706273835,0,sensor_inversion,0
45,vanilla,72,214.0,0.01,0,0.10742276257072284,0,sensor_inversion,0
45,vanilla,73,241.0,0.01,0,0.11176912352587012,0,sensor_inversion,0
45,vanilla,74,219.0,0.01,0,0.09408900001096217,0,sensor_inversion,0
45,vanilla,75,15.0,1.0,0,0.19461792839898,1,sensor_inversion,0
45,vanilla,76,14.0,1.0,0,0.6036835284460159,1,sensor_inversion,0
45,vanilla,77,20.0,1.0,0,0.4132213036219278,1,sensor_inversion,0
45,vanilla,78,17.0,0.985074875,0,0.5120694029564952,1,sensor_inversion,0
45,vanilla,79,16.0,0.9091562615825302,0,0.9295506179332733,1,sensor_inversion,0
45,vanilla,80,14.0,0.8475428503023453,0,0.8616972537267776,1,sensor_inversion,0
45,vanilla,81,13.0,0.7940753492934954,0,1.4415966058388734,1,sensor_inversion,0
45,vanilla,82,15.0,0.736559652908221,0,1.0130818790859648,1,sensor_inversion,0
45,vanilla,83,28.0,0.6401093727576664,0,0.7832446438925605,1,sensor_inversion,0
45,vanilla,84,24.0,0.567555222460375,0,0.6707683735423619,1,sensor_inversion,0
45,vanilla,85,32.0,0.483444593917636,0,0.6334928969542186,1,sensor_inversion,0
45,vanilla,86,29.0,0.4180382776616619,0,0.7209680710715808,1,sensor_inversion,0
45,vanilla,87,42.0,0.3386767948568688,0,0.4758234856620668,1,sensor_inversion,0
45,vanilla,88,17.0,0.31101247816653554,0,1.111540158589681,1,sensor_inversion,0
45,vanilla,89,11.0,0.2943280830920294,0,1.1303297967621775,1,sensor_inversion,0
45,vanilla,90,13.0,0.2757603055760701,0,0.8564221553313426,1,sensor_inversion,0
45,vanilla,91,15.0,0.25578670228422234,0,0.9466905805799698,1,sensor_inversion,0
45,vanilla,92,22.0,0.2290792429684691,0,0.6096022923787436,1,sensor_inversion,0
45,vanilla,93,14.0,0.21355457002808648,0,0.7845327740623836,1,sensor_inversion,0
45,vanilla,94,10.0,0.2031139149609751,0,1.047036854426066,1,sensor_inversion,0
45,vanilla,95,13.0,0.1903004112552766,0,1.0661284006558933,1,sensor_inversion,0
45,vanilla,96,12.0,0.17919120740315364,0,0.8359614743126764,1,sensor_inversion,0
45,vanilla,97,15.0,0.1662122034722543,0,0.506885634528266,1,sensor_inversion,0
45,vanilla,98,11.0,0.1572956799768517,0,0.6759716669718425,1,sensor_inversion,0
45,vanilla,99,17.0,0.14444721332374086,0,0.6627563869251925,1,sensor_inversion,0
45,vanilla,100,14.0,0.1346580429260134,0,0.8884213878994895,1,sensor_inversion,0
45,vanilla,101,12.0,0.12679708435358925,0,1.0430403153101604,1,sensor_inversion,0
45,vanilla,102,11.0,0.11999500148501063,0,0.7981577208547882,1,sensor_inversion,0
45,vanilla,103,12.0,0.11299003011401039,0,0.6590272585550945,1,sensor_inversion,0
45,vanilla,104,16.0,0.1042820154910064,0,0.6730292042096456,1,sensor_inversion,0
45,vanilla,105,19.0,0.09480864735409487,0,0.695955527456183,1,sensor_inversion,0
45,vanilla,106,22.0,0.08490939117940327,0,0.5249489112333818,1,sensor_inversion,0
45,vanilla,107,16.0,0.07836551983717477,0,0.7133203645547231,1,sensor_inversion,0
45,vanilla,108,53.0,0.06008254194952879,0,0.5320856856100215,1,sensor_inversion,0
45,vanilla,109,132.0,0.03100237440513238,0,0.5040084051363397,1,sensor_inversion,0
45,vanilla,110,11.0,0.029339239003388088,0,1.1919863007285378,1,sensor_inversion,0
45,vanilla,111,123.0,0.01583754189442009,0,0.3885144993541686,1,sensor_inversion,0
45,vanilla,112,210.0,0.01,0,0.2221967152186802,1,sensor_inversion,0
45,vanilla,113,115.0,0.01,0,0.2728375172269517,1,sensor_inversion,0
45,vanilla,114,132.0,0.01,0,0.24252399772104594,1,sensor_inversion,0
45,vanilla,115,136.0,0.01,0,0.25507121576982383,1,sensor_inversion,0
45,vanilla,116,120.0,0.01,0,0.22777139478259614,1,sensor_inversion,0
45,vanilla,117,155.0,0.01,0,0.222886933049848,1,sensor_inversion,0
45,vanilla,118,129.0,0.01,0,0.23588526279735317,1,sensor_inversion,0
45,vanilla,119,129.0,0.01,0,0.2016518137559718,1,sensor_inversion,0
45,vanilla,120,122.0,0.01,0,0.20476920357167397,1,sensor_inversion,0
45,vanilla,121,138.0,0.01,0,0.22691153788912125,1,sensor_inversion,0
45,vanilla,122,177.0,0.01,0,0.202138168888128,1,sensor_inversion,0
45,vanilla,123,166.0,0.01,0,0.2167690326889835,1,sensor_inversion,0
45,vanilla,124,191.0,0.01,0,0.1988879573282771,1,sensor_inversion,0
45,vanilla,125,217.0,0.0,0,0.16151393723377983,1,sensor_inversion,1
45,vanilla,126,243.0,0.0,0,0.15979318985069077,1,sensor_inversion,1
45,vanilla,127,409.0,0.0,0,0.11822067360228995,1,sensor_inversion,1
45,vanilla,128,177.0,0.0,0,0.1915417319188235,1,sensor_inversion,1
45,vanilla,129,183.0,0.0,0,0.19434997162532286,1,sensor_inversion,1
45,vanilla,130,219.0,0.0,0,0.16209028119184474,1,sensor_inversion,1
45,vanilla,131,178.0,0.0,0,0.9156186410996797,1,sensor_inversion,1
45,vanilla,132,289.0,0.0,0,0.8967711196776216,1,sensor_inversion,1
45,vanilla,133,211.0,0.0,0,0.9056007737797018,1,sensor_inversion,1
45,vanilla,134,277.0,0.0,0,0.8945073628110002,1,sensor_inversion,1
45,vanilla,135,418.0,0.0,0,0.8556438036607593,1,sensor_inversion,1
45,vanilla,136,245.0,0.0,0,0.882536893312623,1,sensor_inversion,1
45,vanilla,137,500.0,0.0,0,0.8714849351247151,1,sensor_inversion,1
45,vanilla,138,208.0,0.0,0,0.8895457341120794,1,sensor_inversion,1
45,vanilla,139,299.0,0.0,0,0.895594871695358,1,sensor_inversion,1
45,vanilla,140,259.0,0.0,0,0.895256773385302,1,sensor_inversion,1
45,vanilla,141,255.0,0.0,0,0.8961838946622961,1,sensor_inversion,1
45,vanilla,142,297.0,0.0,0,0.8885154964947941,1,sensor_inversion,1
45,vanilla,143,401.0,0.0,0,0.8871265904465421,1,sensor_inversion,1
45,vanilla,144,244.0,0.0,0,0.8490139796434204,1,sensor_inversion,1
45,vanilla,145,286.0,0.0,0,0.8412488657972473,1,sensor_inversion,1
45,vanilla,146,169.0,0.0,0,0.8856376455380366,1,sensor_inversion,1
45,vanilla,147,187.0,0.0,0,0.9069627007061147,1,sensor_inversion,1
45,vanilla,148,188.0,0.0,0,0.919001264775053,1,sensor_inversion,1
45,vanilla,149,189.0,0.0,0,0.9082223036091583,1,sensor_inversion,1
45,hpd,0,14.0,1.0,0,1.0775813879001708,0,sensor_inversion,0
45,hpd,1,15.0,1.0,0,1.1744594785902234,0,sensor_inversion,0
45,hpd,2,16.0,1.0,0,1.0617239512503147,0,sensor_inversion,0
45,hpd,3,38.0,0.9046104802746175,0,0.8448915042375263,0,sensor_inversion,0
45,hpd,4,16.0,0.8348931673187264,0,0.09985275069872537,0,sensor_inversion,0
45,hpd,5,41.0,0.6797938283326578,0,0.09166787310344417,0,sensor_inversion,0
45,hpd,6,17.0,0.6242658676435396,0,0.030112364712883446,0,sensor_inversion,0
45,hpd,7,16.0,0.5761543988830038,0,0.017794926961263023,0,sensor_inversion,0
45,hpd,8,18.0,0.5264466124450268,0,0.01892087636170564,0,sensor_inversion,0
45,hpd,9,13.0,0.4932355662165453,0,0.023285651818299908,0,sensor_inversion,0
45,hpd,10,8.0,0.4738479773082268,0,0.025716895858446758,0,sensor_inversion,0
45,hpd,11,16.0,0.43732904629000013,0,0.5744425803422928,0,sensor_inversion,0
45,hpd,12,10.0,0.4159480862733536,0,0.3245624383290609,0,sensor_inversion,0
45,hpd,13,14.0,0.3877593341372176,0,0.151517805599031,0,sensor_inversion,0
45,hpd,14,14.0,0.3614809303671764,0,0.19163879610243298,0,sensor_inversion,0
45,hpd,15,14.0,0.33698341088258443,0,0.1479589059239342,0,sensor_inversion,0
45,hpd,16,11.0,0.31890579420988907,0,0.16138338320183032,0,sensor_inversion,0
45,hpd,17,12.0,0.30028896908517405,0,0.16590792271826002,0,sensor_inversion,0
45,hpd,18,22.0,0.2689348941735696,0,0.15404774022824838,0,sensor_inversion,0
45,hpd,19,10.0,0.25578670228422234,0,0.1691747506459554,0,sensor_inversion,0
45,hpd,20,11.0,0.24206491716205145,0,0.20425009727478027,0,sensor_inversion,0
45,hpd,21,9.0,0.231387331601191,0,0.6097081325672291,0,sensor_inversion,0
45,hpd,22,8.0,0.22229219984074702,0,0.47896673281987506,0,sensor_inversion,0
45,hpd,23,12.0,0.20931540516921554,0,0.3447041246626112,0,sensor_inversion,0
45,hpd,24,16.0,0.19318370215794672,0,0.23444995284080505,0,sensor_inversion,0
45,hpd,25,15.0,0.17919120740315364,0,0.18130791452195907,0,sensor_inversion,0
45,hpd,26,10.0,0.17043057265153258,0,0.3282881339391073,0,sensor_inversion,0
45,hpd,27,15.0,0.1580861105294992,0,0.19714253213670518,0,sensor_inversion,0
45,hpd,28,15.0,0.14663577052834775,0,0.19447489844428167,0,sensor_inversion,0
45,hpd,29,11.0,0.138769433003975,0,0.23677954529270984,0,sensor_inversion,0
45,hpd,30,16.0,0.12807462877562611,0,0.2263009746869405,0,sensor_inversion,0
45,hpd,31,18.0,0.11702497557911415,0,0.4950025655605175,0,sensor_inversion,0
45,hpd,32,38.0,0.09672876157528969,0,0.1621177531125253,0,sensor_inversion,0
45,hpd,33,27.0,0.08448484422350626,0,0.2178078904563998,0,sensor_inversion,0
45,hpd,34,16.0,0.07797369223798889,0,0.3280603537956873,0,sensor_inversion,0
45,hpd,35,43.0,0.06285510723190912,0,0.11019304556440014,0,sensor_inversion,0
45,hpd,36,29.0,0.0543512971290831,0,0.15867963330499057,0,sensor_inversion,0
45,hpd,37,36.0,0.04537752660798141,0,0.16709831025865343,0,sensor_inversion,0
45,hpd,38,17.0,0.041670929977297724,0,0.2781502873289819,0,sensor_inversion,0
45,hpd,39,17.0,0.03826710124979409,0,0.2823047170452043,0,sensor_inversion,0
45,hpd,40,26.0,0.03359121130473201,0,0.12680432735345304,0,sensor_inversion,0
45,hpd,41,16.0,0.03100237440513238,0,0.5360200305779775,0,sensor_inversion,0
45,hpd,42,54.0,0.023650553933395897,0,0.2028663070113571,0,sensor_inversion,0
45,hpd,43,39.0,0.019450979052291272,0,0.2643260955810547,0,sensor_inversion,0
45,hpd,44,27.0,0.016988875991640028,0,0.23318240377638075,0,sensor_inversion,0
45,hpd,45,46.0,0.013490447637165436,0,0.25123269316078956,0,sensor_inversion,0
45,hpd,46,391.0,0.01,0,0.10786706712239844,0,sensor_inversion,0
45,hpd,47,271.0,0.01,0,0.09091445470061542,0,sensor_inversion,0
45,hpd,48,80.0,0.01,0,0.13121459633111954,0,sensor_inversion,0
45,hpd,49,141.0,0.01,0,0.09545071398394608,0,sensor_inversion,0
45,hpd,50,95.0,0.01,0,0.09883565149809184,0,sensor_inversion,0
45,hpd,51,254.0,0.01,0,0.1167615860153058,0,sensor_inversion,0
45,hpd,52,224.0,0.01,0,0.09549603859583536,0,sensor_inversion,0
45,hpd,53,184.0,0.01,0,0.08334901799326358,0,sensor_inversion,0
45,hpd,54,307.0,0.01,0,0.0999098785795943,0,sensor_inversion,0
45,hpd,55,237.0,0.01,0,0.07644901061024512,0,sensor_inversion,0
45,hpd,56,460.0,0.01,0,0.0577639973681906,0,sensor_inversion,0
45,hpd,57,226.0,0.01,0,0.07587222574734759,0,sensor_inversion,0
45,hpd,58,253.0,0.01,0,0.08599996943718831,0,sensor_inversion,0
45,hpd,59,217.0,0.01,0,0.08187556010420605,0,sensor_inversion,0
45,hpd,60,254.0,0.01,0,0.0786832536612283,0,sensor_inversion,0
45,hpd,61,273.0,0.01,0,0.12775952708299051,0,sensor_inversion,0
45,hpd,62,323.0,0.01,0,0.07318928760886807,0,sensor_inversion,0
45,hpd,63,293.0,0.01,0,0.08540309302771594,0,sensor_inversion,0
45,hpd,64,333.0,0.01,0,0.07638923685113946,0,sensor_inversion,0
45,hpd,65,322.0,0.01,0,0.0827612751018927,0,sensor_inversion,0
45,hpd,66,248.0,0.01,0,0.10181736561559862,0,sensor_inversion,0
45,hpd,67,194.0,0.01,0,0.09122584980378035,0,sensor_inversion,0
45,hpd,68,400.0,0.01,0,0.07398501897851625,0,sensor_inversion,0
45,hpd,69,254.0,0.01,0,0.07122286113854157,0,sensor_inversion,0
45,hpd,70,248.0,0.01,0,0.08304150706978256,0,sensor_inversion,0
45,hpd,71,254.0,0.01,0,0.12236231706273835,0,sensor_inversion,0
45,hpd,72,214.0,0.01,0,0.10742276257072284,0,sensor_inversion,0
45,hpd,73,241.0,0.01,0,0.11176912352587012,0,sensor_inversion,0
45,hpd,74,219.0,0.01,0,0.09408900001096217,0,sensor_inversion,0
45,hpd,75,15.0,1.0,1,0.4339702818128798,1,sensor_inversion,0
45,hpd,76,36.0,1.0,1,1.7165383586177119,1,sensor_inversion,0
45,hpd,77,37.0,0.8822202429488013,1,1.0373311214618857,1,sensor_inversion,0
45,hpd,78,13.0,0.8265651079747222,1,1.0475851939274716,1,sensor_inversion,0
45,hpd,79,45.0,0.6596532430440636,1,0.8319248340747976,1,sensor_inversion,0
45,hpd,80,37.0,0.547986285490042,1,0.7267442222114081,1,sensor_inversion,0
45,hpd,81,62.0,0.4016064652978155,1,0.6955625882712745,1,sensor_inversion,0
45,hpd,82,64.0,0.2913921604631864,1,0.7302938774228096,1,sensor_inversion,0
45,hpd,83,33.0,0.24696734223472733,1,0.9129764094497218,1,sensor_inversion,0
45,hpd,84,31.0,0.21142436319205632,1,0.7236818395635133,1,sensor_inversion,0
45,hpd,85,51.0,0.16373146555890544,1,0.9152242810118432,1,sensor_inversion,0
45,hpd,86,47.0,0.12936504510050365,1,0.6473832772978655,1,sensor_inversion,0
45,hpd,87,52.0,0.0996820918179746,1,0.6173492945157565,1,sensor_inversion,0
45,hpd,88,55.0,0.07566352740075044,1,0.5520027854225852,1,sensor_inversion,0
45,hpd,89,65.0,0.05462441922520914,1,0.7141480201329939,1,sensor_inversion,0
45,hpd,90,58.0,0.04084374120782771,1,0.5471631329635095,1,sensor_inversion,0
45,hpd,91,62.0,0.029933432588273214,1,0.5188571253130513,1,sensor_inversion,0
45,hpd,92,84.0,0.01964695745288379,1,0.5666504663134377,1,sensor_inversion,0
45,hpd,93,29.0,0.016988875991640028,1,0.6547247733192882,1,sensor_inversion,0
45,hpd,94,95.0,0.010552547534153616,1,0.39892122034440963,1,sensor_inversion,0
45,hpd,95,229.0,0.01,1,0.2551202177133796,1,sensor_inversion,0
45,hpd,96,58.0,0.01,1,0.42514226902490376,1,sensor_inversion,0
45,hpd,97,55.0,0.01,1,0.4128737550793273,1,sensor_inversion,0
45,hpd,98,377.0,0.01,1,0.4800576271998155,1,sensor_inversion,0
45,hpd,99,292.0,0.01,1,0.27069505600080096,1,sensor_inversion,0
45,hpd,100,352.0,0.01,1,0.30812871681921405,1,sensor_inversion,0
45,hpd,101,28.0,0.01,1,0.35057343755449566,1,sensor_inversion,0
45,hpd,102,254.0,0.01,1,0.3163162216426819,1,sensor_inversion,0
45,hpd,103,229.0,0.01,1,0.2917053727256853,1,sensor_inversion,0
45,hpd,104,216.0,0.01,1,0.33103725718863214,1,sensor_inversion,0
45,hpd,105,200.0,0.01,1,0.34489927649497987,1,sensor_inversion,0
45,hpd,106,28.0,0.01,1,0.2752767176855178,1,sensor_inversion,0
45,hpd,107,158.0,0.01,1,0.3316899970613954,1,sensor_inversion,0
45,hpd,108,174.0,0.01,1,0.31538365444461053,1,sensor_inversion,0
45,hpd,109,184.0,0.01,1,0.29573639341886493,1,sensor_inversion,0
45,hpd,110,178.0,0.01,1,0.3476879114515326,1,sensor_inversion,0
45,hpd,111,229.0,0.01,1,0.316900274942709,1,sensor_inversion,0
45,hpd,112,261.0,0.01,1,0.2923672930034185,1,sensor_inversion,0
45,hpd,113,197.0,0.01,1,0.2264708293674359,1,sensor_inversion,0
45,hpd,114,226.0,0.01,1,0.31415982496070294,1,sensor_inversion,0
45,hpd,115,164.0,0.01,1,0.34006232023239136,1,sensor_inversion,0
45,hpd,116,239.0,0.01,1,0.27271877399631456,1,sensor_inversion,0
45,hpd,117,252.0,0.01,1,0.3079766328569758,1,sensor_inversion,0
45,hpd,118,358.0,0.01,1,0.1776155354923376,1,sensor_inversion,0
45,hpd,119,204.0,0.01,1,0.22062842547893524,1,sensor_inversion,0
45,hpd,120,202.0,0.01,1,0.39299888599036953,1,sensor_inversion,0
45,hpd,121,373.0,0.01,1,0.23158642846734745,1,sensor_inversion,0
45,hpd,122,171.0,0.01,1,0.38270405254401196,1,sensor_inversion,0
45,hpd,123,251.0,0.01,1,0.3486078434573069,1,sensor_inversion,0
45,hpd,124,180.0,0.01,1,0.46324273877673694,1,sensor_inversion,0
45,hpd,125,357.0,0.0,0,0.9027799054576792,1,sensor_inversion,1
45,hpd,126,303.0,0.0,0,0.9218996990763053,1,sensor_inversion,1
45,hpd,127,500.0,0.0,0,0.8792270968755087,1,sensor_inversion,1
45,hpd,128,246.0,0.0,0,0.9420111726131544,1,sensor_inversion,1
45,hpd,129,229.0,0.0,0,0.9246190172095486,1,sensor_inversion,1
45,hpd,130,500.0,0.0,0,0.87399169921875,1,sensor_inversion,1
45,hpd,131,230.0,0.0,0,0.9051633048748624,1,sensor_inversion,1
45,hpd,132,392.0,0.0,0,0.8864301452223136,1,sensor_inversion,1
45,hpd,133,320.0,0.0,0,0.9018125964328647,1,sensor_inversion,1
45,hpd,134,236.0,0.0,0,0.9040755300366947,1,sensor_inversion,1
45,hpd,135,477.0,0.0,0,0.8859880963544758,1,sensor_inversion,1
45,hpd,136,488.0,0.0,0,0.9405053012439462,1,sensor_inversion,1
45,hpd,137,500.0,0.0,0,0.872827207883199,1,sensor_inversion,1
45,hpd,138,415.0,0.0,0,0.9207462004389628,1,sensor_inversion,1
45,hpd,139,385.0,0.0,0,0.8895176118070429,1,sensor_inversion,1
45,hpd,140,500.0,0.0,0,0.8651071077187855,1,sensor_inversion,1
45,hpd,141,500.0,0.0,0,0.8708412844340008,1,sensor_inversion,1
45,hpd,142,500.0,0.0,0,0.8918236554463704,1,sensor_inversion,1
45,hpd,143,190.0,0.0,0,0.968732337784349,1,sensor_inversion,1
45,hpd,144,453.0,0.0,0,0.9619497533577869,1,sensor_inversion,1
45,hpd,145,354.0,0.0,0,1.0301681129496874,1,sensor_inversion,1
45,hpd,146,235.0,0.0,0,0.9369082860067383,1,sensor_inversion,1
45,hpd,147,248.0,0.0,0,0.9142718297499484,1,sensor_inversion,1
45,hpd,148,327.0,0.0,0,0.9229526260941765,1,sensor_inversion,1
45,hpd,149,241.0,0.0,0,0.9217163496657197,1,sensor_inversion,1
46,vanilla,0,11.0,1.0,0,1.0068195444164856,0,sensor_inversion,0
46,vanilla,1,19.0,1.0,0,1.1296894090217457,0,sensor_inversion,0
46,vanilla,2,42.0,0.9558895783575597,0,1.0376737382676866,0,sensor_inversion,0
46,vanilla,3,24.0,0.8475428503023453,0,0.30323925117651623,0,sensor_inversion,0
46,vanilla,4,69.0,0.5997278763867329,0,0.07340009316154149,0,sensor_inversion,0
46,vanilla,5,15.0,0.5562889678716474,0,0.05284388860066732,0,sensor_inversion,0
46,vanilla,6,14.0,0.5185893309484582,0,0.05743415298916044,0,sensor_inversion,0
46,vanilla,7,12.0,0.4883155414435353,0,0.05809889568222893,0,sensor_inversion,0
46,vanilla,8,9.0,0.46677573701590436,0,0.08200970843986227,0,sensor_inversion,0
46,vanilla,9,11.0,0.4417353564707963,0,0.05319391055540605,0,sensor_inversion,0
46,vanilla,10,11.0,0.4180382776616619,0,0.04398235046502315,0,sensor_inversion,0
46,vanilla,11,11.0,0.39561243860243744,0,0.6843816150318492,0,sensor_inversion,0
46,vanilla,12,23.0,0.35253382661792404,0,0.23301100730896,0,sensor_inversion,0
46,vanilla,13,36.0,0.2943280830920294,0,0.10760235565680044,0,sensor_inversion,0
46,vanilla,14,15.0,0.2730095965279488,0,0.1402984645631578,0,sensor_inversion,0
46,vanilla,15,18.0,0.2494556624678441,0,0.09955897154631438,0,sensor_inversion,0
46,vanilla,16,11.0,0.23607350863684065,0,0.20417371663180264,0,sensor_inversion,0
46,vanilla,17,14.0,0.22007483514733558,0,0.12053012280237108,0,sensor_inversion,0
46,vanilla,18,11.0,0.20826882814336947,0,0.10150094827016196,0,sensor_inversion,0
46,vanilla,19,10.0,0.19808659230739353,0,0.1665604472160339,0,sensor_inversion,0
46,vanilla,20,10.0,0.18840216465300522,0,0.19263112545013428,0,sensor_inversion,0
46,vanilla,21,10.0,0.17919120740315364,0,0.6381689071655273,0,sensor_inversion,0
46,vanilla,22,23.0,0.15967890763313974,0,0.2480881559676019,0,sensor_inversion,0
46,vanilla,23,24.0,0.14157986400593744,0,0.13827092945575714,0,sensor_inversion,0
46,vanilla,24,9.0,0.1353347165085562,0,0.19383718790831392,0,sensor_inversion,0
46,vanilla,25,13.0,0.12679708435358925,0,0.18537105658115482,0,sensor_inversion,0
46,vanilla,26,13.0,0.11879805134519765,0,0.14244694587511897,0,sensor_inversion,0
46,vanilla,27,14.0,0.11074712159185099,0,0.16207333121980935,0,sensor_inversion,0
46,vanilla,28,9.0,0.10586201936274783,0,0.19243309232923717,0,sensor_inversion,0
46,vanilla,29,9.0,0.10119240105273684,0,0.2317408897258617,0,sensor_inversion,0
46,vanilla,30,15.0,0.09386293109673778,0,0.13658086723751495,0,sensor_inversion,0
46,vanilla,31,10.0,0.089273984641318,0,0.5607912500699361,0,sensor_inversion,0
46,vanilla,32,31.0,0.07642587550895225,0,0.19257816576188613,0,sensor_inversion,0
46,vanilla,33,60.0,0.056575091797066025,0,0.08051246537102594,0,sensor_inversion,0
46,vanilla,34,75.0,0.03884689602888724,0,0.08579861852857802,0,sensor_inversion,0
46,vanilla,35,60.0,0.028756840457888354,0,0.11271704832712809,0,sensor_inversion,0
46,vanilla,36,111.0,0.016485538227150154,0,0.07825058072178931,0,sensor_inversion,0
46,vanilla,37,45.0,0.013156542237201536,0,0.12324388998526113,0,sensor_inversion,0
46,vanilla,38,31.0,0.011263082556340478,0,0.15750772978669852,0,sensor_inversion,0
46,vanilla,39,60.0,0.01,0,0.1036053525076972,0,sensor_inversion,0
46,vanilla,40,17.0,0.01,0,0.26399211790047444,0,sensor_inversion,0
46,vanilla,41,51.0,0.01,0,0.24444376876930782,0,sensor_inversion,0
46,vanilla,42,190.0,0.01,0,0.0956294348365382,0,sensor_inversion,0
46,vanilla,43,65.0,0.01,0,0.16007922490437826,0,sensor_inversion,0
46,vanilla,44,92.0,0.01,0,0.11631086425504822,0,sensor_inversion,0
46,vanilla,45,17.0,0.01,0,0.34834733663820755,0,sensor_inversion,0
46,vanilla,46,25.0,0.01,0,0.24361668904622394,0,sensor_inversion,0
46,vanilla,47,9.0,0.01,0,0.517926604659469,0,sensor_inversion,0
46,vanilla,48,13.0,0.01,0,0.4593953474974021,0,sensor_inversion,0
46,vanilla,49,45.0,0.01,0,0.24099370638529455,0,sensor_inversion,0
46,vanilla,50,40.0,0.01,0,0.11562793850898742,0,sensor_inversion,0
46,vanilla,51,27.0,0.01,0,0.49048938280270427,0,sensor_inversion,0
46,vanilla,52,17.0,0.01,0,0.46653318405151367,0,sensor_inversion,0
46,vanilla,53,18.0,0.01,0,0.3880983811837655,0,sensor_inversion,0
46,vanilla,54,18.0,0.01,0,0.43732462105927644,0,sensor_inversion,0
46,vanilla,55,52.0,0.01,0,0.2585236995648115,0,sensor_inversion,0
46,vanilla,56,78.0,0.01,0,0.23322575112693328,0,sensor_inversion,0
46,vanilla,57,23.0,0.01,0,0.2408754410951034,0,sensor_inversion,0
46,vanilla,58,181.0,0.01,0,0.10634802630373566,0,sensor_inversion,0
46,vanilla,59,93.0,0.01,0,0.14033383536936989,0,sensor_inversion,0
46,vanilla,60,123.0,0.01,0,0.12858203949967054,0,sensor_inversion,0
46,vanilla,61,89.0,0.01,0,0.29249399878112564,0,sensor_inversion,0
46,vanilla,62,82.0,0.01,0,0.20222445232112232,0,sensor_inversion,0
46,vanilla,63,157.0,0.01,0,0.13377532533779266,0,sensor_inversion,0
46,vanilla,64,113.0,0.01,0,0.16973364247684983,0,sensor_inversion,0
46,vanilla,65,208.0,0.01,0,0.11679741434561902,0,sensor_inversion,0
46,vanilla,66,231.0,0.01,0,0.11571474577613382,0,sensor_inversion,0
46,vanilla,67,196.0,0.01,0,0.12068304926359734,0,sensor_inversion,0
46,vanilla,68,122.0,0.01,0,0.11829824004668356,0,sensor_inversion,0
46,vanilla,69,210.0,0.01,0,0.1270169833349803,0,sensor_inversion,0
46,vanilla,70,140.0,0.01,0,0.1346349931898571,0,sensor_inversion,0
46,vanilla,71,170.0,0.01,0,0.22755033923130408,0,sensor_inversion,0
46,vanilla,72,215.0,0.01,0,0.14071887297223706,0,sensor_inversion,0
46,vanilla,73,231.0,0.01,0,0.3179093068640298,0,sensor_inversion,0
46,vanilla,74,370.0,0.01,0,0.15158631844563528,0,sensor_inversion,0
46,vanilla,75,12.0,1.0,0,0.40564523802863234,1,sensor_inversion,0
46,vanilla,76,23.0,1.0,0,0.4459614546402641,1,sensor_inversion,0
46,vanilla,77,38.0,0.9511101304657719,0,0.3656594836921022,1,sensor_inversion,0
46,vanilla,78,23.0,0.8475428503023453,0,0.5971387365589971,1,sensor_inversion,0
46,vanilla,79,18.0,0.7744209942832988,0,0.6651248666975234,1,sensor_inversion,0
46,vanilla,80,14.0,0.7219385759785162,0,0.8054546855744862,1,sensor_inversion,0
46,vanilla,81,15.0,0.6696478204705644,0,0.9036683612399634,1,sensor_inversion,0
46,vanilla,82,10.0,0.6369088258938781,0,1.6675064166386921,1,sensor_inversion,0
46,vanilla,83,13.0,0.5967292370047992,0,0.5328619174468211,1,sensor_inversion,0
46,vanilla,84,16.0,0.5507399854171277,0,0.836363712946574,1,sensor_inversion,0
46,vanilla,85,12.0,0.5185893309484582,0,1.045127166642083,1,sensor_inversion,0
46,vanilla,86,12.0,0.4883155414435353,0,0.7266769674089218,1,sensor_inversion,0
46,vanilla,87,17.0,0.4484282034609769,0,0.521838057274912,1,sensor_inversion,0
46,vanilla,88,13.0,0.42013897252428334,0,0.8675582042107214,1,sensor_inversion,0
46,vanilla,89,15.0,0.3897078735047413,0,0.6284184561835394,1,sensor_inversion,0
46,vanilla,90,23.0,0.3472722151889232,0,0.5098184917284094,1,sensor_inversion,0
46,vanilla,91,15.0,0.322118930542046,0,0.7218494097391766,1,sensor_inversion,0
46,vanilla,92,13.0,0.3017979588795719,0,0.5608376845335349,1,sensor_inversion,0
46,vanilla,93,26.0,0.2649210072611673,0,0.5271114019247202,1,sensor_inversion,0
46,vanilla,94,11.0,0.2507092085103961,0,1.12107379508741,1,sensor_inversion,0
46,vanilla,95,13.0,0.23489314109365644,0,0.9478829701741536,1,sensor_inversion,0
46,vanilla,96,24.0,0.20826882814336947,0,0.533577561378479,1,sensor_inversion,0
46,vanilla,97,23.0,0.18559023879528855,0,0.5390036002449368,1,sensor_inversion,0
46,vanilla,98,12.0,0.17475600159032884,0,1.0681278705596922,1,sensor_inversion,0
46,vanilla,99,18.0,0.15967890763313974,0,0.5982254611121284,1,sensor_inversion,0
46,vanilla,100,13.0,0.14960551470448571,0,0.753011214427459,1,sensor_inversion,0
46,vanilla,101,11.0,0.14157986400593744,0,1.0348693963253135,1,sensor_inversion,0
46,vanilla,102,22.0,0.12679708435358925,0,0.7750022772586707,1,sensor_inversion,0
46,vanilla,103,12.0,0.11939502647758558,0,0.9135703113343979,1,sensor_inversion,0
46,vanilla,104,15.0,0.11074712159185099,0,0.7310949325561523,1,sensor_inversion,0
46,vanilla,105,15.0,0.10272559337455119,0,0.5515858756171332,1,sensor_inversion,0
46,vanilla,106,12.0,0.09672876157528969,0,0.60363593366411,1,sensor_inversion,0
46,vanilla,107,27.0,0.08448484422350626,0,0.7413180433673624,1,sensor_inversion,0
46,vanilla,108,24.0,0.07490878371492794,0,0.606825934516059,1,sensor_inversion,0
46,vanilla,109,24.0,0.06641813604822402,0,0.6079224348068238,1,sensor_inversion,0
46,vanilla,110,14.0,0.06191698689958447,0,0.8504746414366222,1,sensor_inversion,0
46,vanilla,111,16.0,0.05714511431233153,0,0.9082318445046742,1,sensor_inversion,0
46,vanilla,112,13.0,0.05354009722551939,0,0.6232358003273989,1,sensor_inversion,0
46,vanilla,113,13.0,0.050162503748802344,0,0.6451100447239019,1,sensor_inversion,0
46,vanilla,114,72.0,0.03496560272750046,0,1.051394896650756,1,sensor_inversion,0
46,vanilla,115,10.0,0.03325613897196732,0,0.526129694779714,1,sensor_inversion,0
46,vanilla,116,13.0,0.031158165231288826,0,0.6092320711184771,1,sensor_inversion,0
46,vanilla,117,17.0,0.02861305625559891,0,0.5805708520552691,1,sensor_inversion,0
46,vanilla,118,33.0,0.024250791254731636,0,0.5376738755389898,1,sensor_inversion,0
46,vanilla,119,18.0,0.022158551474944856,0,0.557868551324915,1,sensor_inversion,0
46,vanilla,120,16.0,0.020450816818411825,0,0.6136094381411871,1,sensor_inversion,0
46,vanilla,121,20.0,0.018500023224111744,0,0.773925030231476,1,sensor_inversion,0
46,vanilla,122,20.0,0.016735314893855303,0,0.5340585867563884,1,sensor_inversion,0
46,vanilla,123,23.0,0.014912990653247866,0,0.558779970459316,1,sensor_inversion,0
46,vanilla,124,19.0,0.013558238831322046,0,0.4891720445532548,1,sensor_inversion,0
46,vanilla,125,39.0,0.0,0,0.37670201317876834,1,sensor_inversion,1
46,vanilla,126,35.0,0.0,0,0.4846461909157889,1,sensor_inversion,1
46,vanilla,127,18.0,0.0,0,0.5542672695936981,1,sensor_inversion,1
46,vanilla,128,34.0,0.0,0,0.47856686278885485,1,sensor_inversion,1
46,vanilla,129,36.0,0.0,0,0.41537897012851854,1,sensor_inversion,1
46,vanilla,130,16.0,0.0,0,0.705737461646398,1,sensor_inversion,1
46,vanilla,131,19.0,0.0,0,0.8198980615850082,1,sensor_inversion,1
46,vanilla,132,37.0,0.0,0,0.84918635600322,1,sensor_inversion,1
46,vanilla,133,29.0,0.0,0,0.7880074703830411,1,sensor_inversion,1
46,vanilla,134,32.0,0.0,0,0.8285881578922272,1,sensor_inversion,1
46,vanilla,135,42.0,0.0,0,0.8514998716021341,1,sensor_inversion,1
46,vanilla,136,38.0,0.0,0,0.8026639777317383,1,sensor_inversion,1
46,vanilla,137,36.0,0.0,0,0.8325471723521196,1,sensor_inversion,1
46,vanilla,138,17.0,0.0,0,0.7662731338949764,1,sensor_inversion,1
46,vanilla,139,21.0,0.0,0,0.765864746911185,1,sensor_inversion,1
46,vanilla,140,35.0,0.0,0,0.8108206113179525,1,sensor_inversion,1
46,vanilla,141,35.0,0.0,0,0.7973010222117105,1,sensor_inversion,1
46,vanilla,142,37.0,0.0,0,0.8047708047402871,1,sensor_inversion,1
46,vanilla,143,37.0,0.0,0,0.8068763006914843,1,sensor_inversion,1
46,vanilla,144,40.0,0.0,0,0.8321901082992553,1,sensor_inversion,1
46,vanilla,145,18.0,0.0,0,0.7455958392884996,1,sensor_inversion,1
46,vanilla,146,36.0,0.0,0,0.8420434660381741,1,sensor_inversion,1
46,vanilla,147,36.0,0.0,0,0.8136799953601979,1,sensor_inversion,1
46,vanilla,148,23.0,0.0,0,0.7613311988719995,1,sensor_inversion,1
46,vanilla,149,34.0,0.0,0,0.8007215962690466,1,sensor_inversion,1
46,hpd,0,11.0,1.0,0,1.0068195444164856,0,sensor_inversion,0
46,hpd,1,19.0,1.0,0,1.1296894090217457,0,sensor_inversion,0
46,hpd,2,42.0,0.9558895783575597,0,1.0376737382676866,0,sensor_inversion,0
46,hpd,3,24.0,0.8475428503023453,0,0.30323925117651623,0,sensor_inversion,0
46,hpd,4,69.0,0.5997278763867329,0,0.07340009316154149,0,sensor_inversion,0
46,hpd,5,15.0,0.5562889678716474,0,0.05284388860066732,0,sensor_inversion,0
46,hpd,6,14.0,0.5185893309484582,0,0.05743415298916044,0,sensor_inversion,0
46,hpd,7,12.0,0.4883155414435353,0,0.05809889568222893,0,sensor_inversion,0
46,hpd,8,9.0,0.46677573701590436,0,0.08200970843986227,0,sensor_inversion,0
46,hpd,9,11.0,0.4417353564707963,0,0.05319391055540605,0,sensor_inversion,0
46,hpd,10,11.0,0.4180382776616619,0,0.04398235046502315,0,sensor_inversion,0
46,hpd,11,11.0,0.39561243860243744,0,0.6843816150318492,0,sensor_inversion,0
46,hpd,12,23.0,0.35253382661792404,0,0.23301100730896,0,sensor_inversion,0
46,hpd,13,36.0,0.2943280830920294,0,0.10760235565680044,0,sensor_inversion,0
46,hpd,14,15.0,0.2730095965279488,0,0.1402984645631578,0,sensor_inversion,0
46,hpd,15,18.0,0.2494556624678441,0,0.09955897154631438,0,sensor_inversion,0
46,hpd,16,11.0,0.23607350863684065,0,0.20417371663180264,0,sensor_inversion,0
46,hpd,17,14.0,0.22007483514733558,0,0.12053012280237108,0,sensor_inversion,0
46,hpd,18,11.0,0.20826882814336947,0,0.10150094827016196,0,sensor_inversion,0
46,hpd,19,10.0,0.19808659230739353,0,0.1665604472160339,0,sensor_inversion,0
46,hpd,20,10.0,0.18840216465300522,0,0.19263112545013428,0,sensor_inversion,0
46,hpd,21,10.0,0.17919120740315364,0,0.6381689071655273,0,sensor_inversion,0
46,hpd,22,23.0,0.15967890763313974,0,0.2480881559676019,0,sensor_inversion,0
46,hpd,23,24.0,0.14157986400593744,0,0.13827092945575714,0,sensor_inversion,0
46,hpd,24,9.0,0.1353347165085562,0,0.19383718790831392,0,sensor_inversion,0
46,hpd,25,13.0,0.12679708435358925,0,0.18537105658115482,0,sensor_inversion,0
46,hpd,26,13.0,0.11879805134519765,0,0.14244694587511897,0,sensor_inversion,0
46,hpd,27,14.0,0.11074712159185099,0,0.16207333121980935,0,sensor_inversion,0
46,hpd,28,9.0,0.10586201936274783,0,0.19243309232923717,0,sensor_inversion,0
46,hpd,29,9.0,0.10119240105273684,0,0.2317408897258617,0,sensor_inversion,0
46,hpd,30,15.0,0.09386293109673778,0,0.13658086723751495,0,sensor_inversion,0
46,hpd,31,10.0,0.089273984641318,0,0.5607912500699361,0,sensor_inversion,0
46,hpd,32,31.0,0.07642587550895225,0,0.19257816576188613,0,sensor_inversion,0
46,hpd,33,60.0,0.056575091797066025,0,0.08051246537102594,0,sensor_inversion,0
46,hpd,34,75.0,0.03884689602888724,0,0.08579861852857802,0,sensor_inversion,0
46,hpd,35,60.0,0.028756840457888354,0,0.11271704832712809,0,sensor_inversion,0
46,hpd,36,111.0,0.016485538227150154,0,0.07825058072178931,0,sensor_inversion,0
46,hpd,37,45.0,0.013156542237201536,0,0.12324388998526113,0,sensor_inversion,0
46,hpd,38,31.0,0.011263082556340478,0,0.15750772978669852,0,sensor_inversion,0
46,hpd,39,60.0,0.01,0,0.1036053525076972,0,sensor_inversion,0
46,hpd,40,17.0,0.01,0,0.26399211790047444,0,sensor_inversion,0
46,hpd,41,51.0,0.01,0,0.24444376876930782,0,sensor_inversion,0
46,hpd,42,190.0,0.01,0,0.0956294348365382,0,sensor_inversion,0
46,hpd,43,65.0,0.01,0,0.16007922490437826,0,sensor_inversion,0
46,hpd,44,92.0,0.01,0,0.11631086425504822,0,sensor_inversion,0
46,hpd,45,17.0,0.01,0,0.34834733663820755,0,sensor_inversion,0
46,hpd,46,25.0,0.01,0,0.24361668904622394,0,sensor_inversion,0
46,hpd,47,9.0,0.01,0,0.517926604659469,0,sensor_inversion,0
46,hpd,48,13.0,0.01,0,0.4593953474974021,0,sensor_inversion,0
46,hpd,49,45.0,0.01,0,0.24099370638529455,0,sensor_inversion,0
46,hpd,50,40.0,0.01,0,0.11562793850898742,0,sensor_inversion,0
46,hpd,51,27.0,0.01,0,0.49048938280270427,0,sensor_inversion,0
46,hpd,52,17.0,0.01,0,0.46653318405151367,0,sensor_inversion,0
46,hpd,53,18.0,0.01,0,0.3880983811837655,0,sensor_inversion,0
46,hpd,54,18.0,0.01,0,0.43732462105927644,0,sensor_inversion,0
46,hpd,55,52.0,0.01,0,0.2585236995648115,0,sensor_inversion,0
46,hpd,56,78.0,0.01,0,0.23322575112693328,0,sensor_inversion,0
46,hpd,57,23.0,0.01,0,0.2408754410951034,0,sensor_inversion,0
46,hpd,58,181.0,0.01,0,0.10634802630373566,0,sensor_inversion,0
46,hpd,59,93.0,0.01,0,0.14033383536936989,0,sensor_inversion,0
46,hpd,60,123.0,0.01,0,0.12858203949967054,0,sensor_inversion,0
46,hpd,61,89.0,0.01,0,0.29249399878112564,0,sensor_inversion,0
46,hpd,62,82.0,0.01,0,0.20222445232112232,0,sensor_inversion,0
46,hpd,63,157.0,0.01,0,0.13377532533779266,0,sensor_inversion,0
46,hpd,64,113.0,0.01,0,0.16973364247684983,0,sensor_inversion,0
46,hpd,65,208.0,0.01,0,0.11679741434561902,0,sensor_inversion,0
46,hpd,66,231.0,0.01,0,0.11571474577613382,0,sensor_inversion,0
46,hpd,67,196.0,0.01,0,0.12068304926359734,0,sensor_inversion,0
46,hpd,68,122.0,0.01,0,0.11829824004668356,0,sensor_inversion,0
46,hpd,69,210.0,0.01,0,0.1270169833349803,0,sensor_inversion,0
46,hpd,70,140.0,0.01,0,0.1346349931898571,0,sensor_inversion,0
46,hpd,71,170.0,0.01,0,0.22755033923130408,0,sensor_inversion,0
46,hpd,72,215.0,0.01,0,0.14071887297223706,0,sensor_inversion,0
46,hpd,73,231.0,0.01,0,0.3179093068640298,0,sensor_inversion,0
46,hpd,74,370.0,0.01,0,0.15158631844563528,0,sensor_inversion,0
46,hpd,75,26.0,1.0,1,1.4952693657997325,1,sensor_inversion,0
46,hpd,76,50.0,0.9369146928798039,1,1.0028802903493246,1,sensor_inversion,0
46,hpd,77,40.0,0.7666961448653229,1,1.1493833661079407,1,sensor_inversion,0
46,hpd,78,29.0,0.6629680834613705,1,0.9145293564632022,1,sensor_inversion,0
46,hpd,79,32.0,0.5647174463480732,1,0.7991766482591629,1,sensor_inversion,0
46,hpd,80,50.0,0.43952667968844233,1,0.576337064107259,1,sensor_inversion,0
46,hpd,81,128.0,0.231387331601191,1,0.6540374451627333,1,sensor_inversion,0
46,hpd,82,170.0,0.09868776295209031,1,0.4136290924221861,1,sensor_inversion,0
46,hpd,83,75.0,0.0677632708131484,1,0.43116721471150715,1,sensor_inversion,0
46,hpd,84,203.0,0.02449513017825978,1,0.37299678439185735,1,sensor_inversion,0
46,hpd,85,87.0,0.01583754189442009,1,0.43709342415762137,1,sensor_inversion,0
46,hpd,86,88.0,0.010188702520663827,1,0.4268371119643703,1,sensor_inversion,0
46,hpd,87,106.0,0.01,1,0.43437662064654275,1,sensor_inversion,0
46,hpd,88,295.0,0.01,1,0.33554065698957714,1,sensor_inversion,0
46,hpd,89,258.0,0.01,1,0.442769004315985,1,sensor_inversion,0
46,hpd,90,190.0,0.01,1,0.2929684411015427,1,sensor_inversion,0
46,hpd,91,271.0,0.01,1,0.3504149623462635,1,sensor_inversion,0
46,hpd,92,282.0,0.01,1,0.26042457647075606,1,sensor_inversion,0
46,hpd,93,153.0,0.01,1,0.2767795274979668,1,sensor_inversion,0
46,hpd,94,240.0,0.01,1,0.2618168142106798,1,sensor_inversion,0
46,hpd,95,74.0,0.01,1,0.34885480812004016,1,sensor_inversion,0
46,hpd,96,214.0,0.01,1,0.31797279004367335,1,sensor_inversion,0
46,hpd,97,53.0,0.01,1,0.36088930585849216,1,sensor_inversion,0
46,hpd,98,343.0,0.01,1,0.24762987627116537,1,sensor_inversion,0
46,hpd,99,163.0,0.01,1,0.3176218473594369,1,sensor_inversion,0
46,hpd,100,204.0,0.01,1,0.3740045069869047,1,sensor_inversion,0
46,hpd,101,368.0,0.01,1,0.3278826262423958,1,sensor_inversion,0
46,hpd,102,89.0,0.01,1,0.23873897081010798,1,sensor_inversion,0
46,hpd,103,67.0,0.01,1,0.2955205238873686,1,sensor_inversion,0
46,hpd,104,99.0,0.01,1,0.30742771296388777,1,sensor_inversion,0
46,hpd,105,140.0,0.01,1,0.3234217189607166,1,sensor_inversion,0
46,hpd,106,94.0,0.01,1,0.3577871593177741,1,sensor_inversion,0
46,hpd,107,161.0,0.01,1,0.3356492159035882,1,sensor_inversion,0
46,hpd,108,75.0,0.01,1,0.3430062633090549,1,sensor_inversion,0
46,hpd,109,351.0,0.01,1,0.25800271432737115,1,sensor_inversion,0
46,hpd,110,205.0,0.01,1,0.3553988247382932,1,sensor_inversion,0
46,hpd,111,248.0,0.01,1,0.27838712514087716,1,sensor_inversion,0
46,hpd,112,230.0,0.01,1,0.38234302582948104,1,sensor_inversion,0
46,hpd,113,119.0,0.01,1,0.31205230600693645,1,sensor_inversion,0
46,hpd,114,83.0,0.01,1,0.3819266093303879,1,sensor_inversion,0
46,hpd,115,231.0,0.01,1,0.32712965438204245,1,sensor_inversion,0
46,hpd,116,225.0,0.01,1,0.4734137888307925,1,sensor_inversion,0
46,hpd,117,86.0,0.01,1,0.38121695111888326,1,sensor_inversion,0
46,hpd,118,95.0,0.01,1,0.3731218722828647,1,sensor_inversion,0
46,hpd,119,90.0,0.01,1,0.2827517535951402,1,sensor_inversion,0
46,hpd,120,203.0,0.01,1,0.2525131408804156,1,sensor_inversion,0
46,hpd,121,48.0,0.01,1,0.49149279793103534,1,sensor_inversion,0
46,hpd,122,176.0,0.01,1,0.26941666074774484,1,sensor_inversion,0
46,hpd,123,116.0,0.01,1,0.3168234242790047,1,sensor_inversion,0
46,hpd,124,311.0,0.01,1,0.2575198650871187,1,sensor_inversion,0
46,hpd,125,160.0,0.0,0,0.9615410884221394,1,sensor_inversion,1
46,hpd,126,54.0,0.0,0,0.8992883040581221,1,sensor_inversion,1
46,hpd,127,159.0,0.0,0,0.9502781342160526,1,sensor_inversion,1
46,hpd,128,169.0,0.0,0,0.9641022371822561,1,sensor_inversion,1
46,hpd,129,136.0,0.0,0,0.924824386250739,1,sensor_inversion,1
46,hpd,130,241.0,0.0,0,0.8917595281640524,1,sensor_inversion,1
46,hpd,131,78.0,0.0,0,0.9466031616569586,1,sensor_inversion,1
46,hpd,132,276.0,0.0,0,0.9168331784326673,1,sensor_inversion,1
46,hpd,133,72.0,0.0,0,0.8822431067625681,1,sensor_inversion,1
46,hpd,134,133.0,0.0,0,0.8763466227921028,1,sensor_inversion,1
46,hpd,135,259.0,0.0,0,0.9170978379218889,1,sensor_inversion,1
46,hpd,136,84.0,0.0,0,0.9784317565342736,1,sensor_inversion,1
46,hpd,137,130.0,0.0,0,0.8572956378643329,1,sensor_inversion,1
46,hpd,138,127.0,0.0,0,0.9629441058541849,1,sensor_inversion,1
46,hpd,139,102.0,0.0,0,0.9283713865903467,1,sensor_inversion,1
46,hpd,140,249.0,0.0,0,0.8871768184774212,1,sensor_inversion,1
46,hpd,141,248.0,0.0,0,0.9591260507542602,1,sensor_inversion,1
46,hpd,142,280.0,0.0,0,0.9263819592339652,1,sensor_inversion,1
46,hpd,143,61.0,0.0,0,0.9610497000438919,1,sensor_inversion,1
46,hpd,144,202.0,0.0,0,0.8883072865678139,1,sensor_inversion,1
46,hpd,145,185.0,0.0,0,0.9116894107681137,1,sensor_inversion,1
46,hpd,146,145.0,0.0,0,0.9445817426703441,1,sensor_inversion,1
46,hpd,147,225.0,0.0,0,0.8790254896658439,1,sensor_inversion,1
46,hpd,148,281.0,0.0,0,0.9150694327280899,1,sensor_inversion,1
46,hpd,149,452.0,0.0,0,0.9280984913353372,1,sensor_inversion,1
47,vanilla,0,11.0,1.0,0,1.0230874274716233,0,sensor_inversion,0
47,vanilla,1,27.0,1.0,0,1.0167614228931472,0,sensor_inversion,0
47,vanilla,2,16.0,1.0,0,1.0195207943518958,0,sensor_inversion,0
47,vanilla,3,20.0,0.946354579813443,0,0.9054892361164093,0,sensor_inversion,0
47,vanilla,4,15.0,0.8778091417340573,0,0.22933699819776748,0,sensor_inversion,0
47,vanilla,5,18.0,0.8020760579717637,0,0.10802274500882184,0,sensor_inversion,0
47,vanilla,6,15.0,0.7439808620067382,0,0.09249871174494426,0,sensor_inversion,0
47,vanilla,7,22.0,0.6662995813682115,0,0.047748170115730966,0,sensor_inversion,0
47,vanilla,8,14.0,0.6211445383053219,0,0.018516313462030316,0,sensor_inversion,0
47,vanilla,9,14.0,0.5790496471185967,0,0.023272241864885603,0,sensor_inversion,0
47,vanilla,10,17.0,0.531750826943791,0,0.016616872712677602,0,sensor_inversion,0
47,vanilla,11,12.0,0.500708706245853,0,0.4730657868915134,0,sensor_inversion,0
47,vanilla,12,13.0,0.46912134373457726,0,0.220495798648932,0,sensor_inversion,0
47,vanilla,13,25.0,0.41386834584198684,0,0.13529001077016195,0,sensor_inversion,0
47,vanilla,14,16.0,0.3819719776053028,0,0.08405845115582147,0,sensor_inversion,0
47,vanilla,15,21.0,0.3438081748424137,0,0.09163846477629647,0,sensor_inversion,0
47,vanilla,16,21.0,0.30945741577570285,0,0.09075229508536203,0,sensor_inversion,0
47,vanilla,17,19.0,0.28134514724562876,0,0.0967878124170136,0,sensor_inversion,0
47,vanilla,18,26.0,0.24696734223472733,0,0.08743961499287534,0,sensor_inversion,0
47,vanilla,19,13.0,0.231387331601191,0,0.13792691780970645,0,sensor_inversion,0
47,vanilla,20,11.0,0.2189744609715989,0,0.116924372586337,0,sensor_inversion,0
47,vanilla,21,11.0,0.20722748400265262,0,0.6168595335700294,0,sensor_inversion,0
47,vanilla,22,15.0,0.192217783647157,0,0.46686567200554735,0,sensor_inversion,0
47,vanilla,23,13.0,0.1800916657318127,0,0.23559571535159382,0,sensor_inversion,0
47,vanilla,24,11.0,0.17043057265153258,0,0.2784591660355077,0,sensor_inversion,0
47,vanilla,25,13.0,0.15967890763313974,0,0.2351266420804537,0,sensor_inversion,0
47,vanilla,26,16.0,0.1473726336968319,0,0.21893106897672018,0,sensor_inversion,0
47,vanilla,27,14.0,0.13738520790976036,0,0.21395630495888848,0,sensor_inversion,0
47,vanilla,28,18.0,0.1255322834371622,0,0.20007525108478685,0,sensor_inversion,0
47,vanilla,29,12.0,0.11820406108847166,0,0.21232627497779,0,sensor_inversion,0
47,vanilla,30,12.0,0.11130363979080501,0,0.25357121229171753,0,sensor_inversion,0
47,vanilla,31,20.0,0.10068643904747315,0,0.42954516410827637,0,sensor_inversion,0
47,vanilla,32,16.0,0.09292664835904782,0,0.299965038895607,0,sensor_inversion,0
47,vanilla,33,15.0,0.08619587539414532,0,0.2536033365461562,0,sensor_inversion,0
47,vanilla,34,20.0,0.07797369223798889,0,0.23614975214004513,0,sensor_inversion,0
47,vanilla,35,11.0,0.07379076075438468,0,0.3369208682667125,0,sensor_inversion,0
47,vanilla,36,17.0,0.0677632708131484,0,0.31134379611295815,0,sensor_inversion,0
47,vanilla,37,20.0,0.06129936495526111,0,0.2728382666905721,0,sensor_inversion,0
47,vanilla,38,13.0,0.05743227569078546,0,0.29494684781783664,0,sensor_inversion,0
47,vanilla,39,21.0,0.05169406930342616,0,0.2598173694005088,0,sensor_inversion,0
47,vanilla,40,18.0,0.047234157581800176,0,0.24783338440789116,0,sensor_inversion,0
47,vanilla,41,19.0,0.04294323012606958,0,0.4997413409383674,0,sensor_inversion,0
47,vanilla,42,17.0,0.039435475429100995,0,0.30797996707991054,0,sensor_inversion,0
47,vanilla,43,19.0,0.03585300941485119,0,0.2862909927702787,0,sensor_inversion,0
47,vanilla,44,26.0,0.03147209942303359,0,0.2500723539254604,0,sensor_inversion,0
47,vanilla,45,19.0,0.02861305625559891,0,0.25169471272251065,0,sensor_inversion,0
47,vanilla,46,19.0,0.02601373925779093,0,0.26295919167368037,0,sensor_inversion,0
47,vanilla,47,16.0,0.024008889611965685,0,0.2823192278544108,0,sensor_inversion,0
47,vanilla,48,17.0,0.022047758717570132,0,0.26192989068872785,0,sensor_inversion,0
47,vanilla,49,14.0,0.020553584742122436,0,0.2519188438143049,0,sensor_inversion,0
47,vanilla,50,20.0,0.018592988164936427,0,0.2725032488505046,0,sensor_inversion,0
47,vanilla,51,12.0,0.0175075817047932,0,0.48769026994705206,0,sensor_inversion,0
47,vanilla,52,19.0,0.015917127532080494,0,0.26700652691355925,0,sensor_inversion,0
47,vanilla,53,15.0,0.01476423357148172,0,0.2794620937771267,0,sensor_inversion,0
47,vanilla,54,20.0,0.01335588042198471,0,0.28117407957712803,0,sensor_inversion,0
47,vanilla,55,17.0,0.012264924940880204,0,0.3123122944551356,0,sensor_inversion,0
47,vanilla,56,15.0,0.01137656378004644,0,0.25472032229105634,0,sensor_inversion,0
47,vanilla,57,18.0,0.01039504944313793,0,0.1981853555749964,0,sensor_inversion,0
47,vanilla,58,15.0,0.01,0,0.2145864327748617,0,sensor_inversion,0
47,vanilla,59,15.0,0.01,0,0.25826648076375325,0,sensor_inversion,0
47,vanilla,60,15.0,0.01,0,0.24637523227267794,0,sensor_inversion,0
47,vanilla,61,12.0,0.01,0,0.5474602646297878,0,sensor_inversion,0
47,vanilla,62,23.0,0.01,0,0.3844853415005449,0,sensor_inversion,0
47,vanilla,63,25.0,0.01,0,0.281825270652771,0,sensor_inversion,0
47,vanilla,64,26.0,0.01,0,0.30662493369518184,0,sensor_inversion,0
47,vanilla,65,27.0,0.01,0,0.2795974604877425,0,sensor_inversion,0
47,vanilla,66,80.0,0.01,0,0.5290249314159154,0,sensor_inversion,0
47,vanilla,67,137.0,0.01,0,0.16957719475393457,0,sensor_inversion,0
47,vanilla,68,120.0,0.01,0,0.1520541752378146,0,sensor_inversion,0
47,vanilla,69,81.0,0.01,0,0.08977727070757391,0,sensor_inversion,0
47,vanilla,70,78.0,0.01,0,0.0817715326944987,0,sensor_inversion,0
47,vanilla,71,140.0,0.01,0,0.12661622705913725,0,sensor_inversion,0
47,vanilla,72,153.0,0.01,0,0.08146946128936636,0,sensor_inversion,0
47,vanilla,73,103.0,0.01,0,0.06387229876225048,0,sensor_inversion,0
47,vanilla,74,120.0,0.01,0,0.07988522085878585,0,sensor_inversion,0
47,vanilla,75,15.0,1.0,0,0.24984548886617025,1,sensor_inversion,0
47,vanilla,76,18.0,1.0,0,0.4329352378845215,1,sensor_inversion,0
47,vanilla,77,11.0,1.0,0,0.7926394831050526,1,sensor_inversion,0
47,vanilla,78,23.0,0.9801495006250001,0,0.24741543203160385,1,sensor_inversion,0
47,vanilla,79,23.0,0.8734200960253871,0,0.6403791109720867,1,sensor_inversion,0
47,vanilla,80,82.0,0.5790496471185967,0,0.7711899590686084,1,sensor_inversion,0
47,vanilla,81,12.0,0.5452463540625918,0,1.2197975979910958,1,sensor_inversion,0
47,vanilla,82,34.0,0.4598090507939749,0,0.46440646695155724,1,sensor_inversion,0
47,vanilla,83,12.0,0.43296668905325736,0,0.8242150280210706,1,sensor_inversion,0
47,vanilla,84,18.0,0.39561243860243744,0,0.927842378616333,1,sensor_inversion,0
47,vanilla,85,15.0,0.3669578217261671,0,0.7162076208326552,1,sensor_inversion,0
47,vanilla,86,13.0,0.3438081748424137,0,1.0334781438876421,1,sensor_inversion,0
47,vanilla,87,11.0,0.3253644408394192,0,0.723925612189553,1,sensor_inversion,0
47,vanilla,88,13.0,0.30483872516307353,0,0.8599013915428748,1,sensor_inversion,0
47,vanilla,89,15.0,0.2827589419554058,0,0.636515251795451,1,sensor_inversion,0
47,vanilla,90,13.0,0.2649210072611673,0,0.562065112285125,1,sensor_inversion,0
47,vanilla,91,11.0,0.2507092085103961,0,1.1712349833864155,1,sensor_inversion,0
47,vanilla,92,58.0,0.18746015382974018,0,0.5397178332010906,1,sensor_inversion,0
47,vanilla,93,22.0,0.1678868750508869,0,0.7881890932718911,1,sensor_inversion,0
47,vanilla,94,33.0,0.14229132060898236,0,0.545275755602904,1,sensor_inversion,0
47,vanilla,95,33.0,0.12059799144222175,0,0.5531242832993016,1,sensor_inversion,0
47,vanilla,96,19.0,0.10964241905397228,0,0.7608439462226735,1,sensor_inversion,0
47,vanilla,97,20.0,0.09918368135888474,0,0.7746193567911784,1,sensor_inversion,0
47,vanilla,98,21.0,0.089273984641318,0,0.8905989631773933,1,sensor_inversion,0
47,vanilla,99,32.0,0.07604374613140748,0,0.6744761069615682,1,sensor_inversion,0
47,vanilla,100,30.0,0.06542683706543727,0,0.7742232958475748,1,sensor_inversion,0
47,vanilla,101,17.0,0.06008254194952879,0,0.9386566199508368,1,sensor_inversion,0
47,vanilla,102,25.0,0.053006034755694834,0,0.8373806635538736,1,sensor_inversion,0
47,vanilla,103,68.0,0.03769595998025326,0,0.9709943135579427,1,sensor_inversion,0
47,vanilla,104,20.0,0.034100160462149656,0,0.6197469472885132,1,sensor_inversion,0
47,vanilla,105,119.0,0.018780321875645996,0,0.4675211438945696,1,sensor_inversion,0
47,vanilla,106,50.0,0.01461696034160619,0,0.4764706993103027,1,sensor_inversion,0
47,vanilla,107,115.0,0.01,0,0.5561482692110367,1,sensor_inversion,0
47,vanilla,108,82.0,0.01,0,0.38195312701589695,1,sensor_inversion,0
47,vanilla,109,77.0,0.01,0,0.647496357624665,1,sensor_inversion,0
47,vanilla,110,60.0,0.01,0,0.5590476459927028,1,sensor_inversion,0
47,vanilla,111,85.0,0.01,0,0.43331593345193303,1,sensor_inversion,0
47,vanilla,112,82.0,0.01,0,0.31038484728433247,1,sensor_inversion,0
47,vanilla,113,89.0,0.01,0,0.23246825857555375,1,sensor_inversion,0
47,vanilla,114,90.0,0.01,0,0.298226711485121,1,sensor_inversion,0
47,vanilla,115,80.0,0.01,0,0.29664365251859026,1,sensor_inversion,0
47,vanilla,116,91.0,0.01,0,0.26436316486680034,1,sensor_inversion,0
47,vanilla,117,80.0,0.01,0,0.4230763792991638,1,sensor_inversion,0
47,vanilla,118,78.0,0.01,0,0.41910819722037035,1,sensor_inversion,0
47,vanilla,119,92.0,0.01,0,0.3176625155020451,1,sensor_inversion,0
47,vanilla,120,109.0,0.01,0,0.3112938236388227,1,sensor_inversion,0
47,vanilla,121,105.0,0.01,0,0.4453078875465999,1,sensor_inversion,0
47,vanilla,122,101.0,0.01,0,0.4591201933303682,1,sensor_inversion,0
47,vanilla,123,116.0,0.01,0,0.45851903674246247,1,sensor_inversion,0
47,vanilla,124,100.0,0.01,0,0.4421007267634074,1,sensor_inversion,0
47,vanilla,125,107.0,0.0,0,0.2849066992786443,1,sensor_inversion,1
47,vanilla,126,91.0,0.0,0,0.3630035037086124,1,sensor_inversion,1
47,vanilla,127,102.0,0.0,0,0.3200550375421062,1,sensor_inversion,1
47,vanilla,128,94.0,0.0,0,0.32706770660183954,1,sensor_inversion,1
47,vanilla,129,123.0,0.0,0,0.2740050951639811,1,sensor_inversion,1
47,vanilla,130,108.0,0.0,0,0.2883780635433432,1,sensor_inversion,1
47,vanilla,131,119.0,0.0,0,0.8582069973985689,1,sensor_inversion,1
47,vanilla,132,104.0,0.0,0,0.8541815785261301,1,sensor_inversion,1
47,vanilla,133,115.0,0.0,0,0.8473016158394192,1,sensor_inversion,1
47,vanilla,134,92.0,0.0,0,0.8399984041849772,1,sensor_inversion,1
47,vanilla,135,110.0,0.0,0,0.8491906989704479,1,sensor_inversion,1
47,vanilla,136,100.0,0.0,0,0.849403862953186,1,sensor_inversion,1
47,vanilla,137,125.0,0.0,0,0.8453768463134766,1,sensor_inversion,1
47,vanilla,138,106.0,0.0,0,0.842434283322508,1,sensor_inversion,1
47,vanilla,139,100.0,0.0,0,0.8455738528569539,1,sensor_inversion,1
47,vanilla,140,116.0,0.0,0,0.8504689603016296,1,sensor_inversion,1
47,vanilla,141,102.0,0.0,0,0.8489943438885257,1,sensor_inversion,1
47,vanilla,142,100.0,0.0,0,0.8546598815917971,1,sensor_inversion,1
47,vanilla,143,126.0,0.0,0,0.8558944318660351,1,sensor_inversion,1
47,vanilla,144,112.0,0.0,0,0.8588330986953917,1,sensor_inversion,1
47,vanilla,145,102.0,0.0,0,0.8614700401530546,1,sensor_inversion,1
47,vanilla,146,98.0,0.0,0,0.8552936777776603,1,sensor_inversion,1
47,vanilla,147,106.0,0.0,0,0.8491741396346181,1,sensor_inversion,1
47,vanilla,148,92.0,0.0,0,0.8440269819204357,1,sensor_inversion,1
47,vanilla,149,104.0,0.0,0,0.8451311863385714,1,sensor_inversion,1
47,hpd,0,11.0,1.0,0,1.0230874274716233,0,sensor_inversion,0
47,hpd,1,27.0,1.0,0,1.0167614228931472,0,sensor_inversion,0
47,hpd,2,16.0,1.0,0,1.0195207943518958,0,sensor_inversion,0
47,hpd,3,20.0,0.946354579813443,0,0.9054892361164093,0,sensor_inversion,0
47,hpd,4,15.0,0.8778091417340573,0,0.22933699819776748,0,sensor_inversion,0
47,hpd,5,18.0,0.8020760579717637,0,0.10802274500882184,0,sensor_inversion,0
47,hpd,6,15.0,0.7439808620067382,0,0.09249871174494426,0,sensor_inversion,0
47,hpd,7,22.0,0.6662995813682115,0,0.047748170115730966,0,sensor_inversion,0
47,hpd,8,14.0,0.6211445383053219,0,0.018516313462030316,0,sensor_inversion,0
47,hpd,9,14.0,0.5790496471185967,0,0.023272241864885603,0,sensor_inversion,0
47,hpd,10,17.0,0.531750826943791,0,0.016616872712677602,0,sensor_inversion,0
47,hpd,11,12.0,0.500708706245853,0,0.4730657868915134,0,sensor_inversion,0
47,hpd,12,13.0,0.46912134373457726,0,0.220495798648932,0,sensor_inversion,0
47,hpd,13,25.0,0.41386834584198684,0,0.13529001077016195,0,sensor_inversion,0
47,hpd,14,16.0,0.3819719776053028,0,0.08405845115582147,0,sensor_inversion,0
47,hpd,15,21.0,0.3438081748424137,0,0.09163846477629647,0,sensor_inversion,0
47,hpd,16,21.0,0.30945741577570285,0,0.09075229508536203,0,sensor_inversion,0
47,hpd,17,19.0,0.28134514724562876,0,0.0967878124170136,0,sensor_inversion,0
47,hpd,18,26.0,0.24696734223472733,0,0.08743961499287534,0,sensor_inversion,0
47,hpd,19,13.0,0.231387331601191,0,0.13792691780970645,0,sensor_inversion,0
47,hpd,20,11.0,0.2189744609715989,0,0.116924372586337,0,sensor_inversion,0
47,hpd,21,11.0,0.20722748400265262,0,0.6168595335700294,0,sensor_inversion,0
47,hpd,22,15.0,0.192217783647157,0,0.46686567200554735,0,sensor_inversion,0
47,hpd,23,13.0,0.1800916657318127,0,0.23559571535159382,0,sensor_inversion,0
47,hpd,24,11.0,0.17043057265153258,0,0.2784591660355077,0,sensor_inversion,0
47,hpd,25,13.0,0.15967890763313974,0,0.2351266420804537,0,sensor_inversion,0
47,hpd,26,16.0,0.1473726336968319,0,0.21893106897672018,0,sensor_inversion,0
47,hpd,27,14.0,0.13738520790976036,0,0.21395630495888848,0,sensor_inversion,0
47,hpd,28,18.0,0.1255322834371622,0,0.20007525108478685,0,sensor_inversion,0
47,hpd,29,12.0,0.11820406108847166,0,0.21232627497779,0,sensor_inversion,0
47,hpd,30,12.0,0.11130363979080501,0,0.25357121229171753,0,sensor_inversion,0
47,hpd,31,20.0,0.10068643904747315,0,0.42954516410827637,0,sensor_inversion,0
47,hpd,32,16.0,0.09292664835904782,0,0.299965038895607,0,sensor_inversion,0
47,hpd,33,15.0,0.08619587539414532,0,0.2536033365461562,0,sensor_inversion,0
47,hpd,34,20.0,0.07797369223798889,0,0.23614975214004513,0,sensor_inversion,0
47,hpd,35,11.0,0.07379076075438468,0,0.3369208682667125,0,sensor_inversion,0
47,hpd,36,17.0,0.0677632708131484,0,0.31134379611295815,0,sensor_inversion,0
47,hpd,37,20.0,0.06129936495526111,0,0.2728382666905721,0,sensor_inversion,0
47,hpd,38,13.0,0.05743227569078546,0,0.29494684781783664,0,sensor_inversion,0
47,hpd,39,21.0,0.05169406930342616,0,0.2598173694005088,0,sensor_inversion,0
47,hpd,40,18.0,0.047234157581800176,0,0.24783338440789116,0,sensor_inversion,0
47,hpd,41,19.0,0.04294323012606958,0,0.4997413409383674,0,sensor_inversion,0
47,hpd,42,17.0,0.039435475429100995,0,0.30797996707991054,0,sensor_inversion,0
47,hpd,43,19.0,0.03585300941485119,0,0.2862909927702787,0,sensor_inversion,0
47,hpd,44,26.0,0.03147209942303359,0,0.2500723539254604,0,sensor_inversion,0
47,hpd,45,19.0,0.02861305625559891,0,0.25169471272251065,0,sensor_inversion,0
47,hpd,46,19.0,0.02601373925779093,0,0.26295919167368037,0,sensor_inversion,0
47,hpd,47,16.0,0.024008889611965685,0,0.2823192278544108,0,sensor_inversion,0
47,hpd,48,17.0,0.022047758717570132,0,0.26192989068872785,0,sensor_inversion,0
47,hpd,49,14.0,0.020553584742122436,0,0.2519188438143049,0,sensor_inversion,0
47,hpd,50,20.0,0.018592988164936427,0,0.2725032488505046,0,sensor_inversion,0
47,hpd,51,12.0,0.0175075817047932,0,0.48769026994705206,0,sensor_inversion,0
47,hpd,52,19.0,0.015917127532080494,0,0.26700652691355925,0,sensor_inversion,0
47,hpd,53,15.0,0.01476423357148172,0,0.2794620937771267,0,sensor_inversion,0
47,hpd,54,20.0,0.01335588042198471,0,0.28117407957712803,0,sensor_inversion,0
47,hpd,55,17.0,0.012264924940880204,0,0.3123122944551356,0,sensor_inversion,0
47,hpd,56,15.0,0.01137656378004644,0,0.25472032229105634,0,sensor_inversion,0
47,hpd,57,18.0,0.01039504944313793,0,0.1981853555749964,0,sensor_inversion,0
47,hpd,58,15.0,0.01,0,0.2145864327748617,0,sensor_inversion,0
47,hpd,59,15.0,0.01,0,0.25826648076375325,0,sensor_inversion,0
47,hpd,60,15.0,0.01,0,0.24637523227267794,0,sensor_inversion,0
47,hpd,61,12.0,0.01,0,0.5474602646297878,0,sensor_inversion,0
47,hpd,62,23.0,0.01,0,0.3844853415005449,0,sensor_inversion,0
47,hpd,63,25.0,0.01,0,0.281825270652771,0,sensor_inversion,0
47,hpd,64,26.0,0.01,0,0.30662493369518184,0,sensor_inversion,0
47,hpd,65,27.0,0.01,0,0.2795974604877425,0,sensor_inversion,0
47,hpd,66,80.0,0.01,0,0.5290249314159154,0,sensor_inversion,0
47,hpd,67,137.0,0.01,0,0.16957719475393457,0,sensor_inversion,0
47,hpd,68,120.0,0.01,0,0.1520541752378146,0,sensor_inversion,0
47,hpd,69,81.0,0.01,0,0.08977727070757391,0,sensor_inversion,0
47,hpd,70,78.0,0.01,0,0.0817715326944987,0,sensor_inversion,0
47,hpd,71,140.0,0.01,0,0.12661622705913725,0,sensor_inversion,0
47,hpd,72,153.0,0.01,0,0.08146946128936636,0,sensor_inversion,0
47,hpd,73,103.0,0.01,0,0.06387229876225048,0,sensor_inversion,0
47,hpd,74,120.0,0.01,0,0.07988522085878585,0,sensor_inversion,0
47,hpd,75,28.0,1.0,1,1.3015812493505934,1,sensor_inversion,0
47,hpd,76,11.0,1.0,1,2.1020926995710894,1,sensor_inversion,0
47,hpd,77,45.0,0.9000874278732445,1,1.0421036896882234,1,sensor_inversion,0
47,hpd,78,30.0,0.7744209942832988,1,0.9412925084431966,1,sensor_inversion,0
47,hpd,79,34.0,0.653073201944699,1,0.6828555686801088,1,sensor_inversion,0
47,hpd,80,54.0,0.4982051627146237,1,0.7928633925355513,1,sensor_inversion,0
47,hpd,81,62.0,0.36512303261753626,1,0.73458142178033,1,sensor_inversion,0
47,hpd,82,29.0,0.3157247089126454,1,0.6785431675527287,1,sensor_inversion,0
47,hpd,83,45.0,0.2519690537792925,1,0.913746960957845,1,sensor_inversion,0
47,hpd,84,29.0,0.2178795886667409,1,0.896842038494417,1,sensor_inversion,0
47,hpd,85,38.0,0.1800916657318127,1,0.6202918165608458,1,sensor_inversion,0
47,hpd,86,21.0,0.16209824418995536,1,0.6475673781500922,1,sensor_inversion,0
47,hpd,87,48.0,0.12743425563174798,1,0.4910427149799135,1,sensor_inversion,0
47,hpd,88,30.0,0.10964241905397228,1,0.8397912555270725,1,sensor_inversion,0
47,hpd,89,65.0,0.07915509187866444,1,0.510367263891758,1,sensor_inversion,0
47,hpd,90,52.0,0.0609928681304848,1,0.5304007744177794,1,sensor_inversion,0
47,hpd,91,48.0,0.04794981455780219,1,0.5492513808939191,1,sensor_inversion,0
47,hpd,92,308.0,0.010239902030817916,1,0.5556045305225756,1,sensor_inversion,0
47,hpd,93,94.0,0.01,1,0.42365741454963135,1,sensor_inversion,0
47,hpd,94,131.0,0.01,1,0.3620855790058165,1,sensor_inversion,0
47,hpd,95,78.0,0.01,1,0.505875253269815,1,sensor_inversion,0
47,hpd,96,77.0,0.01,1,0.4640830729430887,1,sensor_inversion,0
47,hpd,97,150.0,0.01,1,0.5210918802685207,1,sensor_inversion,0
47,hpd,98,53.0,0.01,1,0.4441407536560634,1,sensor_inversion,0
47,hpd,99,72.0,0.01,1,0.44477382854179104,1,sensor_inversion,0
47,hpd,100,59.0,0.01,1,0.5355233041580114,1,sensor_inversion,0
47,hpd,101,148.0,0.01,1,0.5593338904080091,1,sensor_inversion,0
47,hpd,102,117.0,0.01,1,0.46100492558927614,1,sensor_inversion,0
47,hpd,103,196.0,0.01,1,0.32661051733964147,1,sensor_inversion,0
47,hpd,104,87.0,0.01,1,0.4861920199631732,1,sensor_inversion,0
47,hpd,105,179.0,0.01,1,0.3663658163401002,1,sensor_inversion,0
47,hpd,106,141.0,0.01,1,0.384775347743474,1,sensor_inversion,0
47,hpd,107,230.0,0.01,1,0.32061495884605073,1,sensor_inversion,0
47,hpd,108,75.0,0.01,1,0.6632374127705892,1,sensor_inversion,0
47,hpd,109,145.0,0.01,1,0.49389261158033343,1,sensor_inversion,0
47,hpd,110,200.0,0.01,1,0.42461677491664884,1,sensor_inversion,0
47,hpd,111,160.0,0.01,1,0.38731313546498614,1,sensor_inversion,0
47,hpd,112,182.0,0.01,1,0.40609166735694524,1,sensor_inversion,0
47,hpd,113,209.0,0.01,1,0.3052178490104858,1,sensor_inversion,0
47,hpd,114,160.0,0.01,1,0.42943461438020075,1,sensor_inversion,0
47,hpd,115,154.0,0.01,1,0.37883134012098435,1,sensor_inversion,0
47,hpd,116,264.0,0.01,1,0.26257051512448476,1,sensor_inversion,0
47,hpd,117,298.0,0.01,1,0.28399781946101177,1,sensor_inversion,0
47,hpd,118,202.0,0.01,1,0.2975252990675445,1,sensor_inversion,0
47,hpd,119,266.0,0.01,1,0.23389719512528345,1,sensor_inversion,0
47,hpd,120,101.0,0.01,1,0.25067720318784803,1,sensor_inversion,0
47,hpd,121,194.0,0.01,1,0.3987771014577335,1,sensor_inversion,0
47,hpd,122,162.0,0.01,1,0.613450384557002,1,sensor_inversion,0
47,hpd,123,174.0,0.01,1,0.36568626430299545,1,sensor_inversion,0
47,hpd,124,185.0,0.01,1,0.46739625157536685,1,sensor_inversion,0
47,hpd,125,88.0,0.0,0,0.9750698732607294,1,sensor_inversion,1
47,hpd,126,117.0,0.0,0,0.9496377118971951,1,sensor_inversion,1
47,hpd,127,94.0,0.0,0,0.9168980459794932,1,sensor_inversion,1
47,hpd,128,91.0,0.0,0,0.9953117650070469,1,sensor_inversion,1
47,hpd,129,99.0,0.0,0,0.9060280523717603,1,sensor_inversion,1
47,hpd,130,94.0,0.0,0,0.906167596789962,1,sensor_inversion,1
47,hpd,131,119.0,0.0,0,0.8775367940507348,1,sensor_inversion,1
47,hpd,132,96.0,0.0,0,0.8925113293031851,1,sensor_inversion,1
47,hpd,133,85.0,0.0,0,0.9279832278980928,1,sensor_inversion,1
47,hpd,134,44.0,0.0,0,1.108260707421736,1,sensor_inversion,1
47,hpd,135,108.0,0.0,0,0.9280771134812155,1,sensor_inversion,1
47,hpd,136,114.0,0.0,0,0.8575363885938074,1,sensor_inversion,1
47,hpd,137,88.0,0.0,0,0.8687845626563738,1,sensor_inversion,1
47,hpd,138,67.0,0.0,0,0.9815102999483175,1,sensor_inversion,1
47,hpd,139,96.0,0.0,0,0.917450072036849,1,sensor_inversion,1
47,hpd,140,104.0,0.0,0,0.9040194123219221,1,sensor_inversion,1
47,hpd,141,89.0,0.0,0,0.8829088978999563,1,sensor_inversion,1
47,hpd,142,87.0,0.0,0,0.9712242184927636,1,sensor_inversion,1
47,hpd,143,117.0,0.0,0,0.8864045129542337,1,sensor_inversion,1
47,hpd,144,86.0,0.0,0,0.9191345225932986,1,sensor_inversion,1
47,hpd,145,67.0,0.0,0,1.0102041799630692,1,sensor_inversion,1
47,hpd,146,102.0,0.0,0,0.9282346395106099,1,sensor_inversion,1
47,hpd,147,105.0,0.0,0,0.8968199941847059,1,sensor_inversion,1
47,hpd,148,90.0,0.0,0,0.9422291543748643,1,sensor_inversion,1
47,hpd,149,73.0,0.0,0,0.9500355981800657,1,sensor_inversion,1
48,vanilla,0,18.0,1.0,0,1.034372979844058,0,sensor_inversion,0
48,vanilla,1,42.0,1.0,0,1.0383628422305697,0,sensor_inversion,0
48,vanilla,2,9.0,0.9703725093562657,0,0.9597671230634054,0,sensor_inversion,0
48,vanilla,3,19.0,0.8822202429488013,0,0.5072690060264186,0,sensor_inversion,0
48,vanilla,4,15.0,0.8183201210226743,0,0.2357283353805542,0,sensor_inversion,0
48,vanilla,5,28.0,0.7111635524897149,0,0.08073553230081287,0,sensor_inversion,0
48,vanilla,6,14.0,0.6629680834613705,0,0.028750675065176833,0,sensor_inversion,0
48,vanilla,7,15.0,0.6149486215357263,0,0.013974028163486057,0,sensor_inversion,0
48,vanilla,8,75.0,0.4222502236424958,0,0.011566396819220651,0,sensor_inversion,0
48,vanilla,9,11.0,0.3995984329713264,0,0.008706110896486225,0,sensor_inversion,0
48,vanilla,10,31.0,0.3420891339682016,0,0.0037326902471562875,0,sensor_inversion,0
48,vanilla,11,22.0,0.3063705780533402,0,0.4230291680856183,0,sensor_inversion,0
48,vanilla,12,18.0,0.2799384215094006,0,0.18321102195315891,0,sensor_inversion,0
48,vanilla,13,28.0,0.24328132378095624,0,0.07785668117659432,0,sensor_inversion,0
48,vanilla,14,29.0,0.21036724137609603,0,0.06118892116108161,0,sensor_inversion,0
48,vanilla,15,29.0,0.18190617987607657,0,0.061004927788657695,0,sensor_inversion,0
48,vanilla,16,28.0,0.1580861105294992,0,0.06234637754304068,0,sensor_inversion,0
48,vanilla,17,23.0,0.14087196468590776,0,0.0732549256172733,0,sensor_inversion,0
48,vanilla,18,26.0,0.12365869841532712,0,0.07616026279253837,0,sensor_inversion,0
48,vanilla,19,27.0,0.10800599224428936,0,0.07258591239835009,0,sensor_inversion,0
48,vanilla,20,28.0,0.09386293109673778,0,0.09188622378167652,0,sensor_inversion,0
48,vanilla,21,15.0,0.08706434220766679,0,0.5216675678888956,0,sensor_inversion,0
48,vanilla,22,28.0,0.07566352740075044,0,0.26386972836085726,0,sensor_inversion,0
48,vanilla,23,22.0,0.0677632708131484,0,0.12003309076482599,0,sensor_inversion,0
48,vanilla,24,20.0,0.06129936495526111,0,0.16241969267527262,0,sensor_inversion,0
48,vanilla,25,26.0,0.05380914294022049,0,0.13997829266083545,0,sensor_inversion,0
48,vanilla,26,23.0,0.04794981455780219,0,0.13332641988560773,0,sensor_inversion,0
48,vanilla,27,21.0,0.043159025252331236,0,0.15742093608492896,0,sensor_inversion,0
48,vanilla,28,29.0,0.037319942779450235,0,0.1460910405235729,0,sensor_inversion,0
48,vanilla,29,33.0,0.03163025067641567,0,0.14258689952619147,0,sensor_inversion,0
48,vanilla,30,21.0,0.028469990974320916,0,0.0989034100184365,0,sensor_inversion,0
48,vanilla,31,10.0,0.02707809682994571,0,0.6740549246470133,0,sensor_inversion,0
48,vanilla,32,32.0,0.023065173234186005,0,0.23017042378584543,0,sensor_inversion,0
48,vanilla,33,34.0,0.019450979052291272,0,0.14423774036706663,0,sensor_inversion,0
48,vanilla,34,75.0,0.01335588042198471,0,0.2584603251351251,0,sensor_inversion,0
48,vanilla,35,39.0,0.01098430721937979,0,0.11523541833600429,0,sensor_inversion,0
48,vanilla,36,35.0,0.01,0,0.10552208423614502,0,sensor_inversion,0
48,vanilla,37,18.0,0.01,0,0.14593812271400733,0,sensor_inversion,0
48,vanilla,38,39.0,0.01,0,0.10412360664106843,0,sensor_inversion,0
48,vanilla,39,16.0,0.01,0,0.17446088045835495,0,sensor_inversion,0
48,vanilla,40,37.0,0.01,0,0.13687873745823764,0,sensor_inversion,0
48,vanilla,41,24.0,0.01,0,0.3739619453748067,0,sensor_inversion,0
48,vanilla,42,17.0,0.01,0,0.31476126465142945,0,sensor_inversion,0
48,vanilla,43,188.0,0.01,0,0.08804733152930619,0,sensor_inversion,0
48,vanilla,44,137.0,0.01,0,0.15653873592107545,0,sensor_inversion,0
48,vanilla,45,122.0,0.01,0,0.17883294723072987,0,sensor_inversion,0
48,vanilla,46,165.0,0.01,0,0.24229010090683445,0,sensor_inversion,0
48,vanilla,47,181.0,0.01,0,0.08444705413410897,0,sensor_inversion,0
48,vanilla,48,175.0,0.01,0,0.10119501590728759,0,sensor_inversion,0
48,vanilla,49,209.0,0.01,0,0.08134534180259399,0,sensor_inversion,0
48,vanilla,50,161.0,0.01,0,0.07988352015398552,0,sensor_inversion,0
48,vanilla,51,208.0,0.01,0,0.14690653253824282,0,sensor_inversion,0
48,vanilla,52,248.0,0.01,0,0.08516331641904769,0,sensor_inversion,0
48,vanilla,53,209.0,0.01,0,0.08383499758475514,0,sensor_inversion,0
48,vanilla,54,197.0,0.01,0,0.08932288649118492,0,sensor_inversion,0
48,vanilla,55,182.0,0.01,0,0.0810230546818548,0,sensor_inversion,0
48,vanilla,56,199.0,0.01,0,0.08367538452148438,0,sensor_inversion,0
48,vanilla,57,220.0,0.01,0,0.07559417594562877,0,sensor_inversion,0
48,vanilla,58,185.0,0.01,0,0.08158314636161736,0,sensor_inversion,0
48,vanilla,59,194.0,0.01,0,0.07922143419993292,0,sensor_inversion,0
48,vanilla,60,190.0,0.01,0,0.0777607754657143,0,sensor_inversion,0
48,vanilla,61,212.0,0.01,0,0.11924434457934878,0,sensor_inversion,0
48,vanilla,62,206.0,0.01,0,0.08234674606508421,0,sensor_inversion,0
48,vanilla,63,243.0,0.01,0,0.07083834771102675,0,sensor_inversion,0
48,vanilla,64,217.0,0.01,0,0.07076425742810041,0,sensor_inversion,0
48,vanilla,65,209.0,0.01,0,0.0750739243612335,0,sensor_inversion,0
48,vanilla,66,197.0,0.01,0,0.07222083498378695,0,sensor_inversion,0
48,vanilla,67,172.0,0.01,0,0.07183471761008567,0,sensor_inversion,0
48,vanilla,68,218.0,0.01,0,0.06871193847889565,0,sensor_inversion,0
48,vanilla,69,180.0,0.01,0,0.08416452098775792,0,sensor_inversion,0
48,vanilla,70,186.0,0.01,0,0.0929354352335776,0,sensor_inversion,0
48,vanilla,71,181.0,0.01,0,0.12889711984174246,0,sensor_inversion,0
48,vanilla,72,177.0,0.01,0,0.09105408752929918,0,sensor_inversion,0
48,vanilla,73,171.0,0.01,0,0.10023797929403144,0,sensor_inversion,0
48,vanilla,74,174.0,0.01,0,0.09325279746475804,0,sensor_inversion,0
48,vanilla,75,11.0,1.0,0,0.39818867770108307,1,sensor_inversion,0
48,vanilla,76,49.0,1.0,0,0.27327699401751665,1,sensor_inversion,0
48,vanilla,77,19.0,0.9229311239742362,0,0.5728679623520164,1,sensor_inversion,0
48,vanilla,78,21.0,0.8307187014821328,0,0.7353386424836658,1,sensor_inversion,0
48,vanilla,79,23.0,0.7402609576967045,0,0.7338661663774132,1,sensor_inversion,0
48,vanilla,80,15.0,0.6866430931872001,0,0.9130244361029731,1,sensor_inversion,0
48,vanilla,81,17.0,0.6305556603555866,0,1.1591642136667288,1,sensor_inversion,0
48,vanilla,82,24.0,0.5590843898207511,0,0.5668301118744744,1,sensor_inversion,0
48,vanilla,83,38.0,0.46211964903917074,0,0.4341349852712531,1,sensor_inversion,0
48,vanilla,84,20.0,0.4180382776616619,0,0.7667870521545409,1,sensor_inversion,0
48,vanilla,85,17.0,0.38389143477919885,0,1.0206301259059534,1,sensor_inversion,0
48,vanilla,86,11.0,0.3632974174544486,0,1.0386214400782732,1,sensor_inversion,0
48,vanilla,87,33.0,0.3079101286968243,0,0.6432406974561286,1,sensor_inversion,0
48,vanilla,88,28.0,0.26759021970270175,0,0.44392633438110346,1,sensor_inversion,0
48,vanilla,89,33.0,0.22679417751985861,0,0.464488270306828,1,sensor_inversion,0
48,vanilla,90,33.0,0.192217783647157,0,0.5837461105500809,1,sensor_inversion,0
48,vanilla,91,34.0,0.16209824418995536,0,0.6045592532438391,1,sensor_inversion,0
48,vanilla,92,29.0,0.14016760486247823,0,0.6201760741485947,1,sensor_inversion,0
48,vanilla,93,57.0,0.10533270926593409,0,0.6694823789317705,1,sensor_inversion,0
48,vanilla,94,82.0,0.06983222438783,0,0.5005842263136453,1,sensor_inversion,0
48,vanilla,95,74.0,0.048190768399801194,0,0.5139304281355025,1,sensor_inversion,0
48,vanilla,96,87.0,0.031158165231288826,0,0.36004711384974225,1,sensor_inversion,0
48,vanilla,97,83.0,0.020553584742122436,0,0.33706987526522103,1,sensor_inversion,0
48,vanilla,98,67.0,0.014690412403624311,0,0.4560990167494437,1,sensor_inversion,0
48,vanilla,99,58.0,0.01098430721937979,0,0.4026490025136662,1,sensor_inversion,0
48,vanilla,100,154.0,0.01,0,0.4162145197649538,1,sensor_inversion,0
48,vanilla,101,12.0,0.01,0,1.3717605008019342,1,sensor_inversion,0
48,vanilla,102,12.0,0.01,0,1.124232636557685,1,sensor_inversion,0
48,vanilla,103,97.0,0.01,0,0.29638367420209644,1,sensor_inversion,0
48,vanilla,104,80.0,0.01,0,0.3969339668750763,1,sensor_inversion,0
48,vanilla,105,81.0,0.01,0,0.2670812469451025,1,sensor_inversion,0
48,vanilla,106,111.0,0.01,0,0.27032517241286086,1,sensor_inversion,0
48,vanilla,107,69.0,0.01,0,0.3076657972474029,1,sensor_inversion,0
48,vanilla,108,86.0,0.01,0,0.3153819963913555,1,sensor_inversion,0
48,vanilla,109,81.0,0.01,0,0.32654749709392283,1,sensor_inversion,0
48,vanilla,110,85.0,0.01,0,0.32972353392956305,1,sensor_inversion,0
48,vanilla,111,110.0,0.01,0,0.32119010434006195,1,sensor_inversion,0
48,vanilla,112,108.0,0.01,0,0.24407527476181218,1,sensor_inversion,0
48,vanilla,113,106.0,0.01,0,0.3320995239341784,1,sensor_inversion,0
48,vanilla,114,131.0,0.01,0,0.3940940327923413,1,sensor_inversion,0
48,vanilla,115,185.0,0.01,0,0.18877331480249626,1,sensor_inversion,0
48,vanilla,116,153.0,0.01,0,0.20996495503485854,1,sensor_inversion,0
48,vanilla,117,154.0,0.01,0,0.214903318778777,1,sensor_inversion,0
48,vanilla,118,144.0,0.01,0,0.19242864819588482,1,sensor_inversion,0
48,vanilla,119,154.0,0.01,0,0.17706505405954465,1,sensor_inversion,0
48,vanilla,120,245.0,0.01,0,0.135714992373979,1,sensor_inversion,0
48,vanilla,121,138.0,0.01,0,0.23037340848342236,1,sensor_inversion,0
48,vanilla,122,148.0,0.01,0,0.18778244922826953,1,sensor_inversion,0
48,vanilla,123,131.0,0.01,0,0.1893077885528254,1,sensor_inversion,0
48,vanilla,124,205.0,0.01,0,0.16486798844686368,1,sensor_inversion,0
48,vanilla,125,141.0,0.0,0,0.18009946363192078,1,sensor_inversion,1
48,vanilla,126,149.0,0.0,0,0.17490589912039056,1,sensor_inversion,1
48,vanilla,127,146.0,0.0,0,0.17122471876884704,1,sensor_inversion,1
48,vanilla,128,232.0,0.0,0,0.2962984929139587,1,sensor_inversion,1
48,vanilla,129,132.0,0.0,0,0.17831008783494584,1,sensor_inversion,1
48,vanilla,130,143.0,0.0,0,0.18098442204348694,1,sensor_inversion,1
48,vanilla,131,139.0,0.0,0,0.8084635677383386,1,sensor_inversion,1
48,vanilla,132,141.0,0.0,0,0.8102594853574784,1,sensor_inversion,1
48,vanilla,133,152.0,0.0,0,0.8141350793211084,1,sensor_inversion,1
48,vanilla,134,154.0,0.0,0,0.8154090900957842,1,sensor_inversion,1
48,vanilla,135,192.0,0.0,0,0.8272576828797659,1,sensor_inversion,1
48,vanilla,136,155.0,0.0,0,0.8157080768257059,1,sensor_inversion,1
48,vanilla,137,156.0,0.0,0,0.8157576495765622,1,sensor_inversion,1
48,vanilla,138,395.0,0.0,0,0.8495808901163092,1,sensor_inversion,1
48,vanilla,139,154.0,0.0,0,0.8202498103633072,1,sensor_inversion,1
48,vanilla,140,246.0,0.0,0,0.8356444170158407,1,sensor_inversion,1
48,vanilla,141,154.0,0.0,0,0.8140256291344052,1,sensor_inversion,1
48,vanilla,142,150.0,0.0,0,0.8133549319373237,1,sensor_inversion,1
48,vanilla,143,149.0,0.0,0,0.812872574100025,1,sensor_inversion,1
48,vanilla,144,186.0,0.0,0,0.8230626758281475,1,sensor_inversion,1
48,vanilla,145,135.0,0.0,0,0.8074836101061033,1,sensor_inversion,1
48,vanilla,146,154.0,0.0,0,0.8155105686807013,1,sensor_inversion,1
48,vanilla,147,147.0,0.0,0,0.8110518450099053,1,sensor_inversion,1
48,vanilla,148,151.0,0.0,0,0.8123674371647782,1,sensor_inversion,1
48,vanilla,149,162.0,0.0,0,0.8173365406538723,1,sensor_inversion,1
48,hpd,0,18.0,1.0,0,1.034372979844058,0,sensor_inversion,0
48,hpd,1,42.0,1.0,0,1.0383628422305697,0,sensor_inversion,0
48,hpd,2,9.0,0.9703725093562657,0,0.9597671230634054,0,sensor_inversion,0
48,hpd,3,19.0,0.8822202429488013,0,0.5072690060264186,0,sensor_inversion,0
48,hpd,4,15.0,0.8183201210226743,0,0.2357283353805542,0,sensor_inversion,0
48,hpd,5,28.0,0.7111635524897149,0,0.08073553230081287,0,sensor_inversion,0
48,hpd,6,14.0,0.6629680834613705,0,0.028750675065176833,0,sensor_inversion,0
48,hpd,7,15.0,0.6149486215357263,0,0.013974028163486057,0,sensor_inversion,0
48,hpd,8,75.0,0.4222502236424958,0,0.011566396819220651,0,sensor_inversion,0
48,hpd,9,11.0,0.3995984329713264,0,0.008706110896486225,0,sensor_inversion,0
48,hpd,10,31.0,0.3420891339682016,0,0.0037326902471562875,0,sensor_inversion,0
48,hpd,11,22.0,0.3063705780533402,0,0.4230291680856183,0,sensor_inversion,0
48,hpd,12,18.0,0.2799384215094006,0,0.18321102195315891,0,sensor_inversion,0
48,hpd,13,28.0,0.24328132378095624,0,0.07785668117659432,0,sensor_inversion,0
48,hpd,14,29.0,0.21036724137609603,0,0.06118892116108161,0,sensor_inversion,0
48,hpd,15,29.0,0.18190617987607657,0,0.061004927788657695,0,sensor_inversion,0
48,hpd,16,28.0,0.1580861105294992,0,0.06234637754304068,0,sensor_inversion,0
48,hpd,17,23.0,0.14087196468590776,0,0.0732549256172733,0,sensor_inversion,0
48,hpd,18,26.0,0.12365869841532712,0,0.07616026279253837,0,sensor_inversion,0
48,hpd,19,27.0,0.10800599224428936,0,0.07258591239835009,0,sensor_inversion,0
48,hpd,20,28.0,0.09386293109673778,0,0.09188622378167652,0,sensor_inversion,0
48,hpd,21,15.0,0.08706434220766679,0,0.5216675678888956,0,sensor_inversion,0
48,hpd,22,28.0,0.07566352740075044,0,0.26386972836085726,0,sensor_inversion,0
48,hpd,23,22.0,0.0677632708131484,0,0.12003309076482599,0,sensor_inversion,0
48,hpd,24,20.0,0.06129936495526111,0,0.16241969267527262,0,sensor_inversion,0
48,hpd,25,26.0,0.05380914294022049,0,0.13997829266083545,0,sensor_inversion,0
48,hpd,26,23.0,0.04794981455780219,0,0.13332641988560773,0,sensor_inversion,0
48,hpd,27,21.0,0.043159025252331236,0,0.15742093608492896,0,sensor_inversion,0
48,hpd,28,29.0,0.037319942779450235,0,0.1460910405235729,0,sensor_inversion,0
48,hpd,29,33.0,0.03163025067641567,0,0.14258689952619147,0,sensor_inversion,0
48,hpd,30,21.0,0.028469990974320916,0,0.0989034100184365,0,sensor_inversion,0
48,hpd,31,10.0,0.02707809682994571,0,0.6740549246470133,0,sensor_inversion,0
48,hpd,32,32.0,0.023065173234186005,0,0.23017042378584543,0,sensor_inversion,0
48,hpd,33,34.0,0.019450979052291272,0,0.14423774036706663,0,sensor_inversion,0
48,hpd,34,75.0,0.01335588042198471,0,0.2584603251351251,0,sensor_inversion,0
48,hpd,35,39.0,0.01098430721937979,0,0.11523541833600429,0,sensor_inversion,0
48,hpd,36,35.0,0.01,0,0.10552208423614502,0,sensor_inversion,0
48,hpd,37,18.0,0.01,0,0.14593812271400733,0,sensor_inversion,0
48,hpd,38,39.0,0.01,0,0.10412360664106843,0,sensor_inversion,0
48,hpd,39,16.0,0.01,0,0.17446088045835495,0,sensor_inversion,0
48,hpd,40,37.0,0.01,0,0.13687873745823764,0,sensor_inversion,0
48,hpd,41,24.0,0.01,0,0.3739619453748067,0,sensor_inversion,0
48,hpd,42,17.0,0.01,0,0.31476126465142945,0,sensor_inversion,0
48,hpd,43,188.0,0.01,0,0.08804733152930619,0,sensor_inversion,0
48,hpd,44,137.0,0.01,0,0.15653873592107545,0,sensor_inversion,0
48,hpd,45,122.0,0.01,0,0.17883294723072987,0,sensor_inversion,0
48,hpd,46,165.0,0.01,0,0.24229010090683445,0,sensor_inversion,0
48,hpd,47,181.0,0.01,0,0.08444705413410897,0,sensor_inversion,0
48,hpd,48,175.0,0.01,0,0.10119501590728759,0,sensor_inversion,0
48,hpd,49,209.0,0.01,0,0.08134534180259399,0,sensor_inversion,0
48,hpd,50,161.0,0.01,0,0.07988352015398552,0,sensor_inversion,0
48,hpd,51,208.0,0.01,0,0.14690653253824282,0,sensor_inversion,0
48,hpd,52,248.0,0.01,0,0.08516331641904769,0,sensor_inversion,0
48,hpd,53,209.0,0.01,0,0.08383499758475514,0,sensor_inversion,0
48,hpd,54,197.0,0.01,0,0.08932288649118492,0,sensor_inversion,0
48,hpd,55,182.0,0.01,0,0.0810230546818548,0,sensor_inversion,0
48,hpd,56,199.0,0.01,0,0.08367538452148438,0,sensor_inversion,0
48,hpd,57,220.0,0.01,0,0.07559417594562877,0,sensor_inversion,0
48,hpd,58,185.0,0.01,0,0.08158314636161736,0,sensor_inversion,0
48,hpd,59,194.0,0.01,0,0.07922143419993292,0,sensor_inversion,0
48,hpd,60,190.0,0.01,0,0.0777607754657143,0,sensor_inversion,0
48,hpd,61,212.0,0.01,0,0.11924434457934878,0,sensor_inversion,0
48,hpd,62,206.0,0.01,0,0.08234674606508421,0,sensor_inversion,0
48,hpd,63,243.0,0.01,0,0.07083834771102675,0,sensor_inversion,0
48,hpd,64,217.0,0.01,0,0.07076425742810041,0,sensor_inversion,0
48,hpd,65,209.0,0.01,0,0.0750739243612335,0,sensor_inversion,0
48,hpd,66,197.0,0.01,0,0.07222083498378695,0,sensor_inversion,0
48,hpd,67,172.0,0.01,0,0.07183471761008567,0,sensor_inversion,0
48,hpd,68,218.0,0.01,0,0.06871193847889565,0,sensor_inversion,0
48,hpd,69,180.0,0.01,0,0.08416452098775792,0,sensor_inversion,0
48,hpd,70,186.0,0.01,0,0.0929354352335776,0,sensor_inversion,0
48,hpd,71,181.0,0.01,0,0.12889711984174246,0,sensor_inversion,0
48,hpd,72,177.0,0.01,0,0.09105408752929918,0,sensor_inversion,0
48,hpd,73,171.0,0.01,0,0.10023797929403144,0,sensor_inversion,0
48,hpd,74,174.0,0.01,0,0.09325279746475804,0,sensor_inversion,0
48,hpd,75,12.0,1.0,1,0.762181666162279,1,sensor_inversion,0
48,hpd,76,36.0,1.0,1,2.207887490590413,1,sensor_inversion,0
48,hpd,77,112.0,0.6149486215357263,1,0.6962507906414214,1,sensor_inversion,0
48,hpd,78,28.0,0.5344229416520513,1,1.3370032140186854,1,sensor_inversion,0
48,hpd,79,37.0,0.4439551321314536,1,0.5370621509380168,1,sensor_inversion,0
48,hpd,80,70.0,0.3125753549412418,1,0.6187969707307361,1,sensor_inversion,0
48,hpd,81,57.0,0.23489314109365644,1,0.48558044991298027,1,sensor_inversion,0
48,hpd,82,72.0,0.16373146555890544,1,0.5307440713599877,1,sensor_inversion,0
48,hpd,83,89.0,0.10480604571960442,1,0.47503786944271464,1,sensor_inversion,0
48,hpd,84,68.0,0.0745342397963533,1,0.47824690622441907,1,sensor_inversion,0
48,hpd,85,44.0,0.05978212923978115,1,0.6546727996883971,1,sensor_inversion,0
48,hpd,86,101.0,0.036033175291307735,1,0.36815327307572066,1,sensor_inversion,0
48,hpd,87,72.0,0.025116802354115567,1,0.41913876047840826,1,sensor_inversion,0
48,hpd,88,164.0,0.011039504743095268,1,0.5389515791482072,1,sensor_inversion,0
48,hpd,89,198.0,0.01,1,0.28257656860030456,1,sensor_inversion,0
48,hpd,90,213.0,0.01,1,0.3166811843060179,1,sensor_inversion,0
48,hpd,91,153.0,0.01,1,0.27748002725489,1,sensor_inversion,0
48,hpd,92,200.0,0.01,1,0.26050023357073465,1,sensor_inversion,0
48,hpd,93,101.0,0.01,1,0.2517898004047155,1,sensor_inversion,0
48,hpd,94,216.0,0.01,1,0.2440616841669436,1,sensor_inversion,0
48,hpd,95,247.0,0.01,1,0.4299899202126723,1,sensor_inversion,0
48,hpd,96,55.0,0.01,1,0.30100993748867144,1,sensor_inversion,0
48,hpd,97,281.0,0.01,1,0.30951158481419155,1,sensor_inversion,0
48,hpd,98,50.0,0.01,1,0.22567623933156333,1,sensor_inversion,0
48,hpd,99,199.0,0.01,1,0.26555213317200166,1,sensor_inversion,0
48,hpd,100,70.0,0.01,1,0.21241956381570726,1,sensor_inversion,0
48,hpd,101,37.0,0.01,1,0.46505539696495807,1,sensor_inversion,0
48,hpd,102,202.0,0.01,1,0.25445846637876907,1,sensor_inversion,0
48,hpd,103,187.0,0.01,1,0.25307689928541,1,sensor_inversion,0
48,hpd,104,94.0,0.01,1,0.24450144869215945,1,sensor_inversion,0
48,hpd,105,91.0,0.01,1,0.2427953464207632,1,sensor_inversion,0
48,hpd,106,40.0,0.01,1,0.26144663890202835,1,sensor_inversion,0
48,hpd,107,51.0,0.01,1,0.23306240443310708,1,sensor_inversion,0
48,hpd,108,68.0,0.01,1,0.2923406210600161,1,sensor_inversion,0
48,hpd,109,76.0,0.01,1,0.24715086033469752,1,sensor_inversion,0
48,hpd,110,62.0,0.01,1,0.26932681760480326,1,sensor_inversion,0
48,hpd,111,36.0,0.01,1,0.3500585269044947,1,sensor_inversion,0
48,hpd,112,158.0,0.01,1,0.24549981913989102,1,sensor_inversion,0
48,hpd,113,131.0,0.01,1,0.26912461771006496,1,sensor_inversion,0
48,hpd,114,91.0,0.01,1,0.246121319659027,1,sensor_inversion,0
48,hpd,115,83.0,0.01,1,0.2687571067886659,1,sensor_inversion,0
48,hpd,116,130.0,0.01,1,0.22518727412590614,1,sensor_inversion,0
48,hpd,117,183.0,0.01,1,0.21426969408337534,1,sensor_inversion,0
48,hpd,118,149.0,0.01,1,0.21776834270298082,1,sensor_inversion,0
48,hpd,119,142.0,0.01,1,0.21498341907357943,1,sensor_inversion,0
48,hpd,120,43.0,0.01,1,0.3516828329988228,1,sensor_inversion,0
48,hpd,121,123.0,0.01,1,0.28346879889325405,1,sensor_inversion,0
48,hpd,122,206.0,0.01,1,0.24815191265834574,1,sensor_inversion,0
48,hpd,123,157.0,0.01,1,0.2053086312206941,1,sensor_inversion,0
48,hpd,124,214.0,0.01,1,0.22517026027786394,1,sensor_inversion,0
48,hpd,125,138.0,0.0,0,0.8972586330008392,1,sensor_inversion,1
48,hpd,126,212.0,0.0,0,0.9097907280771985,1,sensor_inversion,1
48,hpd,127,146.0,0.0,0,0.9130771927637596,1,sensor_inversion,1
48,hpd,128,264.0,0.0,0,0.8811545104089409,1,sensor_inversion,1
48,hpd,129,156.0,0.0,0,0.8705313541950321,1,sensor_inversion,1
48,hpd,130,197.0,0.0,0,0.9158499712871416,1,sensor_inversion,1
48,hpd,131,165.0,0.0,0,0.9083420286274917,1,sensor_inversion,1
48,hpd,132,91.0,0.0,0,0.8927130838890215,1,sensor_inversion,1
48,hpd,133,182.0,0.0,0,0.9047527173499921,1,sensor_inversion,1
48,hpd,134,107.0,0.0,0,0.8677873136098512,1,sensor_inversion,1
48,hpd,135,137.0,0.0,0,0.9158073840640176,1,sensor_inversion,1
48,hpd,136,205.0,0.0,0,0.9220134913436766,1,sensor_inversion,1
48,hpd,137,146.0,0.0,0,0.8916430642071379,1,sensor_inversion,1
48,hpd,138,183.0,0.0,0,0.9125344424299855,1,sensor_inversion,1
48,hpd,139,215.0,0.0,0,0.8606154659921809,1,sensor_inversion,1
48,hpd,140,435.0,0.0,0,0.9864578575466784,1,sensor_inversion,1
48,hpd,141,192.0,0.0,0,0.8938042593912945,1,sensor_inversion,1
48,hpd,142,155.0,0.0,0,0.9179796377817788,1,sensor_inversion,1
48,hpd,143,174.0,0.0,0,0.9257333420245586,1,sensor_inversion,1
48,hpd,144,388.0,0.0,0,0.8834779582584847,1,sensor_inversion,1
48,hpd,145,134.0,0.0,0,0.9051362246423219,1,sensor_inversion,1
48,hpd,146,200.0,0.0,0,0.8773627078533173,1,sensor_inversion,1
48,hpd,147,137.0,0.0,0,0.8343297275023449,1,sensor_inversion,1
48,hpd,148,169.0,0.0,0,0.8801213580475756,1,sensor_inversion,1
48,hpd,149,148.0,0.0,0,0.9358402667818843,1,sensor_inversion,1
49,vanilla,0,24.0,1.0,0,1.0186562629209623,0,sensor_inversion,0
49,vanilla,1,23.0,1.0,0,1.006798249223958,0,sensor_inversion,0
49,vanilla,2,31.0,0.9275689688183278,0,0.8083473418348579,0,sensor_inversion,0
49,vanilla,3,11.0,0.8778091417340573,0,0.3398056355389682,0,sensor_inversion,0
49,vanilla,4,55.0,0.6662995813682115,0,0.10776580210888023,0,sensor_inversion,0
49,vanilla,5,11.0,0.6305556603555866,0,0.036325270479375664,0,sensor_inversion,0
49,vanilla,6,62.0,0.46211964903917074,0,0.03146715574367072,0,sensor_inversion,0
49,vanilla,7,18.0,0.4222502236424958,0,0.020907351264247188,0,sensor_inversion,0
49,vanilla,8,12.0,0.3976004408064698,0,0.015013320578469172,0,sensor_inversion,0
49,vanilla,9,10.0,0.37816180712868996,0,0.020114600658416748,0,sensor_inversion,0
49,vanilla,10,12.0,0.35608578229633,0,0.019664718045128714,0,sensor_inversion,0
49,vanilla,11,13.0,0.33362200135903064,0,0.5233891071417393,0,sensor_inversion,0
49,vanilla,12,42.0,0.2702863258025825,0,0.15526720550325182,0,sensor_inversion,0
49,vanilla,13,13.0,0.2532352299289372,0,0.13351138738485482,0,sensor_inversion,0
49,vanilla,14,35.0,0.21248679717794605,0,0.06010574726831345,0,sensor_inversion,0
49,vanilla,15,19.0,0.19318370215794672,0,0.08977686104021573,0,sensor_inversion,0
49,vanilla,16,11.0,0.182820281282489,0,0.1677454493262551,0,sensor_inversion,0
49,vanilla,17,14.0,0.17043057265153258,0,0.12460946185248238,0,sensor_inversion,0
49,vanilla,18,15.0,0.1580861105294992,0,0.09948067135281033,0,sensor_inversion,0
49,vanilla,19,24.0,0.14016760486247823,0,0.08743273880746631,0,sensor_inversion,0
49,vanilla,20,10.0,0.13331482894782642,0,0.13242096106211346,0,sensor_inversion,0
49,vanilla,21,12.0,0.1255322834371622,0,0.636348499192132,0,sensor_inversion,0
49,vanilla,22,48.0,0.09868776295209031,0,0.18654554916752708,0,sensor_inversion,0
49,vanilla,23,14.0,0.09199970504166631,0,0.1693482569285802,0,sensor_inversion,0
49,vanilla,24,20.0,0.0832238973628649,0,0.1336948037147522,0,sensor_inversion,0
49,vanilla,25,48.0,0.06542683706543727,0,0.13364656103981865,0,sensor_inversion,0
49,vanilla,26,33.0,0.0554520479727078,0,0.13172838182160349,0,sensor_inversion,0
49,vanilla,27,54.0,0.04230229704853423,0,0.09164261965104092,0,sensor_inversion,0
49,vanilla,28,18.0,0.0386526615487428,0,0.1413619429976852,0,sensor_inversion,0
49,vanilla,29,34.0,0.032595988006089364,0,0.10412829763749067,0,sensor_inversion,0
49,vanilla,30,47.0,0.025754252208694463,0,0.14238317300241887,0,sensor_inversion,0
49,vanilla,31,40.0,0.021075222784267326,0,0.375961842139562,0,sensor_inversion,0
49,vanilla,32,30.0,0.018132788524664028,0,0.1687479231092665,0,sensor_inversion,0
49,vanilla,33,100.0,0.01098430721937979,0,0.14441936651865644,0,sensor_inversion,0
49,vanilla,34,36.0,0.01,0,0.17398927609125775,0,sensor_inversion,0
49,vanilla,35,45.0,0.01,0,0.15451619713394732,0,sensor_inversion,0
49,vanilla,36,166.0,0.01,0,0.06904430801131159,0,sensor_inversion,0
49,vanilla,37,71.0,0.01,0,0.10531253993791034,0,sensor_inversion,0
49,vanilla,38,66.0,0.01,0,0.08949457274542916,0,sensor_inversion,0
49,vanilla,39,116.0,0.01,0,0.11083671279337215,0,sensor_inversion,0
49,vanilla,40,21.0,0.01,0,0.22058231868441144,0,sensor_inversion,0
49,vanilla,41,80.0,0.01,0,0.21250737806161246,0,sensor_inversion,0
49,vanilla,42,138.0,0.01,0,0.10152412727835099,0,sensor_inversion,0
49,vanilla,43,201.0,0.01,0,0.080908005905784,0,sensor_inversion,0
49,vanilla,44,150.0,0.01,0,0.08006676938798693,0,sensor_inversion,0
49,vanilla,45,248.0,0.01,0,0.07625004809389832,0,sensor_inversion,0
49,vanilla,46,167.0,0.01,0,0.06691563391162011,0,sensor_inversion,0
49,vanilla,47,120.0,0.01,0,0.09942063887914022,0,sensor_inversion,0
49,vanilla,48,148.0,0.01,0,0.12001096343134976,0,sensor_inversion,0
49,vanilla,49,134.0,0.01,0,0.07987088409822378,0,sensor_inversion,0
49,vanilla,50,65.0,0.01,0,0.10263201640202449,0,sensor_inversion,0
49,vanilla,51,134.0,0.01,0,0.17287776600662158,0,sensor_inversion,0
49,vanilla,52,146.0,0.01,0,0.08496967243821654,0,sensor_inversion,0
49,vanilla,53,173.0,0.01,0,0.0770586451124364,0,sensor_inversion,0
49,vanilla,54,148.0,0.01,0,0.09343702138007225,0,sensor_inversion,0
49,vanilla,55,198.0,0.01,0,0.07834973399486607,0,sensor_inversion,0
49,vanilla,56,107.0,0.01,0,0.0809184257115159,0,sensor_inversion,0
49,vanilla,57,137.0,0.01,0,0.09392874896381315,0,sensor_inversion,0
49,vanilla,58,140.0,0.01,0,0.1412891285760062,0,sensor_inversion,0
49,vanilla,59,172.0,0.01,0,0.08046460659929025,0,sensor_inversion,0
49,vanilla,60,281.0,0.01,0,0.07127102131238328,0,sensor_inversion,0
49,vanilla,61,159.0,0.01,0,0.17092392779496232,0,sensor_inversion,0
49,vanilla,62,170.0,0.01,0,0.08279235035765406,0,sensor_inversion,0
49,vanilla,63,135.0,0.01,0,0.09515463334542734,0,sensor_inversion,0
49,vanilla,64,170.0,0.01,0,0.115088789135802,0,sensor_inversion,0
49,vanilla,65,119.0,0.01,0,0.1403311774844215,0,sensor_inversion,0
49,vanilla,66,144.0,0.01,0,0.10939199118702499,0,sensor_inversion,0
49,vanilla,67,131.0,0.01,0,0.09639387519001656,0,sensor_inversion,0
49,vanilla,68,263.0,0.01,0,0.08940803747817742,0,sensor_inversion,0
49,vanilla,69,181.0,0.01,0,0.09799737341935245,0,sensor_inversion,0
49,vanilla,70,171.0,0.01,0,0.08845369625277455,0,sensor_inversion,0
49,vanilla,71,135.0,0.01,0,0.2067516150297942,0,sensor_inversion,0
49,vanilla,72,168.0,0.01,0,0.13678402512792556,0,sensor_inversion,0
49,vanilla,73,246.0,0.01,0,0.0958661076014604,0,sensor_inversion,0
49,vanilla,74,293.0,0.01,0,0.0734443820512878,0,sensor_inversion,0
49,vanilla,75,15.0,1.0,0,0.2983797815110948,1,sensor_inversion,0
49,vanilla,76,23.0,1.0,0,0.43656890979711566,1,sensor_inversion,0
49,vanilla,77,32.0,0.9655206468094844,0,0.38428153097629547,1,sensor_inversion,0
49,vanilla,78,14.0,0.9000874278732445,0,0.9397593225751605,1,sensor_inversion,0
49,vanilla,79,10.0,0.8560822709551227,0,0.9029733339945475,1,sensor_inversion,0
49,vanilla,80,44.0,0.6866430931872001,0,0.48235665306900477,1,sensor_inversion,0
49,vanilla,81,29.0,0.5937455908197752,0,0.9330856553439436,1,sensor_inversion,0
49,vanilla,82,13.0,0.5562889678716474,0,0.7784581551185021,1,sensor_inversion,0
49,vanilla,83,12.0,0.5238143793828016,0,0.9352923896577624,1,sensor_inversion,0
49,vanilla,84,27.0,0.457510005540005,0,0.4683623137297453,1,sensor_inversion,0
49,vanilla,85,11.0,0.43296668905325736,0,0.7792559392524488,1,sensor_inversion,0
49,vanilla,86,11.0,0.40974000909221303,0,1.0270862434849595,1,sensor_inversion,0
49,vanilla,87,12.0,0.3858205374665315,0,1.001613868607415,1,sensor_inversion,0
49,vanilla,88,13.0,0.3614809303671764,0,1.0580418537824579,1,sensor_inversion,0
49,vanilla,89,9.0,0.3455358541129786,0,1.3621774956032082,1,sensor_inversion,0
49,vanilla,90,112.0,0.19709615934585656,0,0.41025371494747337,1,sensor_inversion,0
49,vanilla,91,10.0,0.18746015382974018,0,1.463228432337443,1,sensor_inversion,0
49,vanilla,92,20.0,0.16957841978827493,0,0.4875339746475221,1,sensor_inversion,0
49,vanilla,93,12.0,0.15967890763313974,0,0.5621412595113119,1,sensor_inversion,0
49,vanilla,94,18.0,0.14590259167570602,0,0.5340420493373164,1,sensor_inversion,0
49,vanilla,95,12.0,0.13738520790976036,0,0.5934890111287435,1,sensor_inversion,0
49,vanilla,96,19.0,0.12490462201997637,0,0.43227837378518635,1,sensor_inversion,0
49,vanilla,97,12.0,0.1176130407830293,0,0.7445774343278672,1,sensor_inversion,0
49,vanilla,98,20.0,0.1063939893092943,0,0.5314908345540366,1,sensor_inversion,0
49,vanilla,99,22.0,0.09528507271768329,0,0.48257418834801874,1,sensor_inversion,0
49,vanilla,100,16.0,0.08794155926129824,0,0.46585901578267414,1,sensor_inversion,0
49,vanilla,101,15.0,0.08157186144027828,0,0.9561738967895509,1,sensor_inversion,0
49,vanilla,102,23.0,0.07268942442628039,0,0.5282119322514189,1,sensor_inversion,0
49,vanilla,103,23.0,0.06477420436570952,0,0.4528421871904013,1,sensor_inversion,0
49,vanilla,104,13.0,0.060687903789832374,0,0.6243141369941908,1,sensor_inversion,0
49,vanilla,105,18.0,0.0554520479727078,0,0.6056995126936171,1,sensor_inversion,0
49,vanilla,106,13.0,0.05195383849590569,0,0.7570750529949481,1,sensor_inversion,0
49,vanilla,107,13.0,0.04867631463831842,0,0.7190763766948993,1,sensor_inversion,0
49,vanilla,108,15.0,0.0451506389749415,0,0.6398472256130642,1,sensor_inversion,0
49,vanilla,109,16.0,0.041670929977297724,0,0.589316835006078,1,sensor_inversion,0
49,vanilla,110,29.0,0.036033175291307735,0,0.5154825353074347,1,sensor_inversion,0
49,vanilla,111,50.0,0.0280450728002803,0,0.47882423400878915,1,sensor_inversion,0
49,vanilla,112,18.0,0.02562548094765099,0,0.5901727146572537,1,sensor_inversion,0
49,vanilla,113,15.0,0.023769400938086327,0,0.594621499379476,1,sensor_inversion,0
49,vanilla,114,62.0,0.017420043796269234,0,0.4136119427219514,1,sensor_inversion,0
49,vanilla,115,87.0,0.011263082556340478,0,0.3570241453090389,1,sensor_inversion,0
49,vanilla,116,103.0,0.01,0,0.3357294809471057,1,sensor_inversion,0
49,vanilla,117,114.0,0.01,0,0.2541106374640214,1,sensor_inversion,0
49,vanilla,118,104.0,0.01,0,0.3175752999690863,1,sensor_inversion,0
49,vanilla,119,141.0,0.01,0,0.17978283643158896,1,sensor_inversion,0
49,vanilla,120,139.0,0.01,0,0.15348741362134902,1,sensor_inversion,0
49,vanilla,121,254.0,0.01,0,0.15870686325188382,1,sensor_inversion,0
49,vanilla,122,157.0,0.01,0,0.1611856735942217,1,sensor_inversion,0
49,vanilla,123,129.0,0.01,0,0.1394521179741359,1,sensor_inversion,0
49,vanilla,124,150.0,0.01,0,0.12029675775104098,1,sensor_inversion,0
49,vanilla,125,197.0,0.0,0,0.08706253373683405,1,sensor_inversion,1
49,vanilla,126,153.0,0.0,0,0.10709749665395368,1,sensor_inversion,1
49,vanilla,127,204.0,0.0,0,0.11413862716917898,1,sensor_inversion,1
49,vanilla,128,152.0,0.0,0,0.09612278091280083,1,sensor_inversion,1
49,vanilla,129,135.0,0.0,0,0.10396630293057291,1,sensor_inversion,1
49,vanilla,130,140.0,0.0,0,0.10397361176354541,1,sensor_inversion,1
49,vanilla,131,195.0,0.0,0,0.8096092171139189,1,sensor_inversion,1
49,vanilla,132,153.0,0.0,0,0.7902098057836229,1,sensor_inversion,1
49,vanilla,133,201.0,0.0,0,0.8067320666305264,1,sensor_inversion,1
49,vanilla,134,166.0,0.0,0,0.8002569419313148,1,sensor_inversion,1
49,vanilla,135,227.0,0.0,0,0.819069125053641,1,sensor_inversion,1
49,vanilla,136,429.0,0.0,0,0.8370295991801251,1,sensor_inversion,1
49,vanilla,137,160.0,0.0,0,0.7968120788534482,1,sensor_inversion,1
49,vanilla,138,219.0,0.0,0,0.8113719130578468,1,sensor_inversion,1
49,vanilla,139,164.0,0.0,0,0.7935921874472764,1,sensor_inversion,1
49,vanilla,140,134.0,0.0,0,0.7806078266741624,1,sensor_inversion,1
49,vanilla,141,139.0,0.0,0,0.78275994459788,1,sensor_inversion,1
49,vanilla,142,137.0,0.0,0,0.7808252738340058,1,sensor_inversion,1
49,vanilla,143,222.0,0.0,0,0.8129258809146938,1,sensor_inversion,1
49,vanilla,144,145.0,0.0,0,0.7832559248496747,1,sensor_inversion,1
49,vanilla,145,500.0,0.0,0,0.857672039190928,1,sensor_inversion,1
49,vanilla,146,215.0,0.0,0,0.8129355099774145,1,sensor_inversion,1
49,vanilla,147,157.0,0.0,0,0.7955149589323947,1,sensor_inversion,1
49,vanilla,148,158.0,0.0,0,0.7979368590101411,1,sensor_inversion,1
49,vanilla,149,263.0,0.0,0,0.841251292307265,1,sensor_inversion,1
49,hpd,0,24.0,1.0,0,1.0186562629209623,0,sensor_inversion,0
49,hpd,1,23.0,1.0,0,1.006798249223958,0,sensor_inversion,0
49,hpd,2,31.0,0.9275689688183278,0,0.8083473418348579,0,sensor_inversion,0
49,hpd,3,11.0,0.8778091417340573,0,0.3398056355389682,0,sensor_inversion,0
49,hpd,4,55.0,0.6662995813682115,0,0.10776580210888023,0,sensor_inversion,0
49,hpd,5,11.0,0.6305556603555866,0,0.036325270479375664,0,sensor_inversion,0
49,hpd,6,62.0,0.46211964903917074,0,0.03146715574367072,0,sensor_inversion,0
49,hpd,7,18.0,0.4222502236424958,0,0.020907351264247188,0,sensor_inversion,0
49,hpd,8,12.0,0.3976004408064698,0,0.015013320578469172,0,sensor_inversion,0
49,hpd,9,10.0,0.37816180712868996,0,0.020114600658416748,0,sensor_inversion,0
49,hpd,10,12.0,0.35608578229633,0,0.019664718045128714,0,sensor_inversion,0
49,hpd,11,13.0,0.33362200135903064,0,0.5233891071417393,0,sensor_inversion,0
49,hpd,12,42.0,0.2702863258025825,0,0.15526720550325182,0,sensor_inversion,0
49,hpd,13,13.0,0.2532352299289372,0,0.13351138738485482,0,sensor_inversion,0
49,hpd,14,35.0,0.21248679717794605,0,0.06010574726831345,0,sensor_inversion,0
49,hpd,15,19.0,0.19318370215794672,0,0.08977686104021573,0,sensor_inversion,0
49,hpd,16,11.0,0.182820281282489,0,0.1677454493262551,0,sensor_inversion,0
49,hpd,17,14.0,0.17043057265153258,0,0.12460946185248238,0,sensor_inversion,0
49,hpd,18,15.0,0.1580861105294992,0,0.09948067135281033,0,sensor_inversion,0
49,hpd,19,24.0,0.14016760486247823,0,0.08743273880746631,0,sensor_inversion,0
49,hpd,20,10.0,0.13331482894782642,0,0.13242096106211346,0,sensor_inversion,0
49,hpd,21,12.0,0.1255322834371622,0,0.636348499192132,0,sensor_inversion,0
49,hpd,22,48.0,0.09868776295209031,0,0.18654554916752708,0,sensor_inversion,0
49,hpd,23,14.0,0.09199970504166631,0,0.1693482569285802,0,sensor_inversion,0
49,hpd,24,20.0,0.0832238973628649,0,0.1336948037147522,0,sensor_inversion,0
49,hpd,25,48.0,0.06542683706543727,0,0.13364656103981865,0,sensor_inversion,0
49,hpd,26,33.0,0.0554520479727078,0,0.13172838182160349,0,sensor_inversion,0
49,hpd,27,54.0,0.04230229704853423,0,0.09164261965104092,0,sensor_inversion,0
49,hpd,28,18.0,0.0386526615487428,0,0.1413619429976852,0,sensor_inversion,0
49,hpd,29,34.0,0.032595988006089364,0,0.10412829763749067,0,sensor_inversion,0
49,hpd,30,47.0,0.025754252208694463,0,0.14238317300241887,0,sensor_inversion,0
49,hpd,31,40.0,0.021075222784267326,0,0.375961842139562,0,sensor_inversion,0
49,hpd,32,30.0,0.018132788524664028,0,0.1687479231092665,0,sensor_inversion,0
49,hpd,33,100.0,0.01098430721937979,0,0.14441936651865644,0,sensor_inversion,0
49,hpd,34,36.0,0.01,0,0.17398927609125775,0,sensor_inversion,0
49,hpd,35,45.0,0.01,0,0.15451619713394732,0,sensor_inversion,0
49,hpd,36,166.0,0.01,0,0.06904430801131159,0,sensor_inversion,0
49,hpd,37,71.0,0.01,0,0.10531253993791034,0,sensor_inversion,0
49,hpd,38,66.0,0.01,0,0.08949457274542916,0,sensor_inversion,0
49,hpd,39,116.0,0.01,0,0.11083671279337215,0,sensor_inversion,0
49,hpd,40,21.0,0.01,0,0.22058231868441144,0,sensor_inversion,0
49,hpd,41,80.0,0.01,0,0.21250737806161246,0,sensor_inversion,0
49,hpd,42,138.0,0.01,0,0.10152412727835099,0,sensor_inversion,0
49,hpd,43,201.0,0.01,0,0.080908005905784,0,sensor_inversion,0
49,hpd,44,150.0,0.01,0,0.08006676938798693,0,sensor_inversion,0
49,hpd,45,248.0,0.01,0,0.07625004809389832,0,sensor_inversion,0
49,hpd,46,167.0,0.01,0,0.06691563391162011,0,sensor_inversion,0
49,hpd,47,120.0,0.01,0,0.09942063887914022,0,sensor_inversion,0
49,hpd,48,148.0,0.01,0,0.12001096343134976,0,sensor_inversion,0
49,hpd,49,134.0,0.01,0,0.07987088409822378,0,sensor_inversion,0
49,hpd,50,65.0,0.01,0,0.10263201640202449,0,sensor_inversion,0
49,hpd,51,134.0,0.01,0,0.17287776600662158,0,sensor_inversion,0
49,hpd,52,146.0,0.01,0,0.08496967243821654,0,sensor_inversion,0
49,hpd,53,173.0,0.01,0,0.0770586451124364,0,sensor_inversion,0
49,hpd,54,148.0,0.01,0,0.09343702138007225,0,sensor_inversion,0
49,hpd,55,198.0,0.01,0,0.07834973399486607,0,sensor_inversion,0
49,hpd,56,107.0,0.01,0,0.0809184257115159,0,sensor_inversion,0
49,hpd,57,137.0,0.01,0,0.09392874896381315,0,sensor_inversion,0
49,hpd,58,140.0,0.01,0,0.1412891285760062,0,sensor_inversion,0
49,hpd,59,172.0,0.01,0,0.08046460659929025,0,sensor_inversion,0
49,hpd,60,281.0,0.01,0,0.07127102131238328,0,sensor_inversion,0
49,hpd,61,159.0,0.01,0,0.17092392779496232,0,sensor_inversion,0
49,hpd,62,170.0,0.01,0,0.08279235035765406,0,sensor_inversion,0
49,hpd,63,135.0,0.01,0,0.09515463334542734,0,sensor_inversion,0
49,hpd,64,170.0,0.01,0,0.115088789135802,0,sensor_inversion,0
49,hpd,65,119.0,0.01,0,0.1403311774844215,0,sensor_inversion,0
49,hpd,66,144.0,0.01,0,0.10939199118702499,0,sensor_inversion,0
49,hpd,67,131.0,0.01,0,0.09639387519001656,0,sensor_inversion,0
49,hpd,68,263.0,0.01,0,0.08940803747817742,0,sensor_inversion,0
49,hpd,69,181.0,0.01,0,0.09799737341935245,0,sensor_inversion,0
49,hpd,70,171.0,0.01,0,0.08845369625277455,0,sensor_inversion,0
49,hpd,71,135.0,0.01,0,0.2067516150297942,0,sensor_inversion,0
49,hpd,72,168.0,0.01,0,0.13678402512792556,0,sensor_inversion,0
49,hpd,73,246.0,0.01,0,0.0958661076014604,0,sensor_inversion,0
49,hpd,74,293.0,0.01,0,0.0734443820512878,0,sensor_inversion,0
49,hpd,75,29.0,1.0,1,0.8351733383091017,1,sensor_inversion,0
49,hpd,76,51.0,0.918316468354365,1,1.2448929244396734,1,sensor_inversion,0
49,hpd,77,12.0,0.8647077305675338,1,1.1753536330329046,1,sensor_inversion,0
49,hpd,78,28.0,0.7514768435208588,1,0.9132567076455979,1,sensor_inversion,0
49,hpd,79,28.0,0.653073201944699,1,0.9206866025924682,1,sensor_inversion,0
49,hpd,80,36.0,0.5452463540625918,1,0.5781374728238142,1,sensor_inversion,0
49,hpd,81,114.0,0.3079101286968243,1,0.5931834547143233,1,sensor_inversion,0
49,hpd,82,430.0,0.035673744367776934,1,0.4251745390799619,1,sensor_inversion,0
49,hpd,83,442.0,0.01,1,0.29837020094398287,1,sensor_inversion,0
49,hpd,84,276.0,0.01,1,0.36323320988007785,1,sensor_inversion,0
49,hpd,85,318.0,0.01,1,0.31700273767207404,1,sensor_inversion,0
49,hpd,86,272.0,0.01,1,0.3442364286120031,1,sensor_inversion,0
49,hpd,87,193.0,0.01,1,0.24890615470668812,1,sensor_inversion,0
49,hpd,88,56.0,0.01,1,0.39057953868593487,1,sensor_inversion,0
49,hpd,89,339.0,0.01,1,0.3453089289491742,1,sensor_inversion,0
49,hpd,90,252.0,0.01,1,0.4591424793162674,1,sensor_inversion,0
49,hpd,91,29.0,0.01,1,0.42780150764289937,1,sensor_inversion,0
49,hpd,92,18.0,0.01,1,0.3114433332725808,1,sensor_inversion,0
49,hpd,93,24.0,0.01,1,0.2852339612113105,1,sensor_inversion,0
49,hpd,94,20.0,0.01,1,0.2910500446955363,1,sensor_inversion,0
49,hpd,95,88.0,0.01,1,0.3626560604933537,1,sensor_inversion,0
49,hpd,96,25.0,0.01,1,0.4354382769266764,1,sensor_inversion,0
49,hpd,97,48.0,0.01,1,0.31446723143259686,1,sensor_inversion,0
49,hpd,98,50.0,0.01,1,0.32852004051208494,1,sensor_inversion,0
49,hpd,99,14.0,0.01,1,0.47592361768086755,1,sensor_inversion,0
49,hpd,100,485.0,0.01,1,0.4984185956188084,1,sensor_inversion,0
49,hpd,101,13.0,0.01,1,0.5788558568709935,1,sensor_inversion,0
49,hpd,102,31.0,0.01,1,0.5392229403218916,1,sensor_inversion,0
49,hpd,103,41.0,0.01,1,0.4280903785209345,1,sensor_inversion,0
49,hpd,104,15.0,0.01,1,0.9304218928019204,1,sensor_inversion,0
49,hpd,105,30.0,0.01,1,0.5474635442097981,1,sensor_inversion,0
49,hpd,106,239.0,0.01,1,0.2699645726085541,1,sensor_inversion,0
49,hpd,107,224.0,0.01,1,0.20896867032916772,1,sensor_inversion,0
49,hpd,108,47.0,0.01,1,0.3594284805845706,1,sensor_inversion,0
49,hpd,109,277.0,0.01,1,0.20880884355299453,1,sensor_inversion,0
49,hpd,110,262.0,0.01,1,0.24225972080958705,1,sensor_inversion,0
49,hpd,111,479.0,0.01,1,0.20324868067487212,1,sensor_inversion,0
49,hpd,112,220.0,0.01,1,0.6389954704226869,1,sensor_inversion,0
49,hpd,113,61.0,0.01,1,0.30010301688981184,1,sensor_inversion,0
49,hpd,114,204.0,0.01,1,0.5030396250776605,1,sensor_inversion,0
49,hpd,115,15.0,0.01,1,0.44203970697191025,1,sensor_inversion,0
49,hpd,116,312.0,0.01,1,0.2695132585672232,1,sensor_inversion,0
49,hpd,117,123.0,0.01,1,0.30377703824340485,1,sensor_inversion,0
49,hpd,118,94.0,0.01,1,0.32244941528807297,1,sensor_inversion,0
49,hpd,119,230.0,0.01,1,0.2966997106870015,1,sensor_inversion,0
49,hpd,120,217.0,0.01,1,0.19646395955766952,1,sensor_inversion,0
49,hpd,121,380.0,0.01,1,0.22393496538463392,1,sensor_inversion,0
49,hpd,122,52.0,0.01,1,0.2889868296109713,1,sensor_inversion,0
49,hpd,123,97.0,0.01,1,0.27497363664030616,1,sensor_inversion,0
49,hpd,124,146.0,0.01,1,0.2707083813131672,1,sensor_inversion,0
49,hpd,125,348.0,0.0,0,0.8609322423679162,1,sensor_inversion,1
49,hpd,126,500.0,0.0,0,0.906746108442545,1,sensor_inversion,1
49,hpd,127,214.0,0.0,0,0.9062557786795951,1,sensor_inversion,1
49,hpd,128,69.0,0.0,0,0.9700057898166674,1,sensor_inversion,1
49,hpd,129,139.0,0.0,0,0.867121705620123,1,sensor_inversion,1
49,hpd,130,261.0,0.0,0,0.8749477695840225,1,sensor_inversion,1
49,hpd,131,500.0,0.0,0,0.8738620802561442,1,sensor_inversion,1
49,hpd,132,240.0,0.0,0,0.843275080786811,1,sensor_inversion,1
49,hpd,133,309.0,0.0,0,0.8602214974492884,1,sensor_inversion,1
49,hpd,134,234.0,0.0,0,0.9186979184972596,1,sensor_inversion,1
49,hpd,135,438.0,0.0,0,0.8598532803708198,1,sensor_inversion,1
49,hpd,136,500.0,0.0,0,0.8687631971041362,1,sensor_inversion,1
49,hpd,137,267.0,0.0,0,0.8535965831389885,1,sensor_inversion,1
49,hpd,138,500.0,0.0,0,0.8848637781540554,1,sensor_inversion,1
49,hpd,139,141.0,0.0,0,0.8803151121658074,1,sensor_inversion,1
49,hpd,140,158.0,0.0,0,0.8576684370322569,1,sensor_inversion,1
49,hpd,141,371.0,0.0,0,0.890950686419642,1,sensor_inversion,1
49,hpd,142,139.0,0.0,0,0.869403469190895,1,sensor_inversion,1
49,hpd,143,500.0,0.0,0,0.8691883653004965,1,sensor_inversion,1
49,hpd,144,162.0,0.0,0,0.8609460028110708,1,sensor_inversion,1
49,hpd,145,500.0,0.0,0,0.8731175225575765,1,sensor_inversion,1
49,hpd,146,404.0,0.0,0,0.8653717476739348,1,sensor_inversion,1
49,hpd,147,224.0,0.0,0,0.8588274674756187,1,sensor_inversion,1
49,hpd,148,500.0,0.0,0,0.899162311077118,1,sensor_inversion,1
49,hpd,149,193.0,0.0,0,0.8911366571828286,1,sensor_inversion,1
50,vanilla,0,11.0,1.0,0,1.0065421191128816,0,sensor_inversion,0
50,vanilla,1,49.0,1.0,0,1.0087474937341652,0,sensor_inversion,0
50,vanilla,2,23.0,0.9046104802746175,0,0.7145555390827899,0,sensor_inversion,0
50,vanilla,3,25.0,0.798065677681905,0,0.0906579049428304,0,sensor_inversion,0
50,vanilla,4,39.0,0.6563549768288433,0,0.0860154073462527,0,sensor_inversion,0
50,vanilla,5,13.0,0.6149486215357263,0,0.06665018430122963,0,sensor_inversion,0
50,vanilla,6,14.0,0.5732736268885887,0,0.028541718210492815,0,sensor_inversion,0
50,vanilla,7,14.0,0.5344229416520513,0,0.02530769223258609,0,sensor_inversion,0
50,vanilla,8,15.0,0.49571413690105054,0,0.02056809796227349,0,sensor_inversion,0
50,vanilla,9,12.0,0.46677573701590436,0,0.01878996027840508,0,sensor_inversion,0
50,vanilla,10,12.0,0.43952667968844233,0,0.02269921369022793,0,sensor_inversion,0
50,vanilla,11,13.0,0.4117990041127769,0,0.5388635641489272,0,sensor_inversion,0
50,vanilla,12,27.0,0.3596735257153405,0,0.24504972975931047,0,sensor_inversion,0
50,vanilla,13,12.0,0.3386767948568688,0,0.2025750908586714,0,sensor_inversion,0
50,vanilla,14,11.0,0.32050833588933575,0,0.13268294840148,0,sensor_inversion,0
50,vanilla,15,16.0,0.29580711868545667,0,0.07829055686791739,0,sensor_inversion,0
50,vanilla,16,17.0,0.27164454854530906,0,0.10160897526086544,0,sensor_inversion,0
50,vanilla,17,13.0,0.25450776877280124,0,0.08545203392322247,0,sensor_inversion,0
50,vanilla,18,39.0,0.20931540516921554,0,0.09759911716493785,0,sensor_inversion,0
50,vanilla,19,10.0,0.19908200231898848,0,0.15347563823064167,0,sensor_inversion,0
50,vanilla,20,9.0,0.1903004112552766,0,0.22034524546729195,0,sensor_inversion,0
50,vanilla,21,11.0,0.1800916657318127,0,0.5944412151972452,0,sensor_inversion,0
50,vanilla,22,45.0,0.14372497725712216,0,0.15846034332557965,0,sensor_inversion,0
50,vanilla,23,11.0,0.13601479046086049,0,0.24741475509874752,0,sensor_inversion,0
50,vanilla,24,91.0,0.08619587539414532,0,0.08403187007694456,0,sensor_inversion,0
50,vanilla,25,42.0,0.06983222438783,0,0.14747936668850126,0,sensor_inversion,0
50,vanilla,26,41.0,0.05685938874076987,0,0.10623599649444829,0,sensor_inversion,0
50,vanilla,27,56.0,0.04294323012606958,0,0.09784077249822164,0,sensor_inversion,0
50,vanilla,28,29.0,0.037133343065552986,0,0.10470471985038667,0,sensor_inversion,0
50,vanilla,29,41.0,0.030235026982422884,0,0.08827303677070432,0,sensor_inversion,0
50,vanilla,30,50.0,0.023532301163728918,0,0.0886348009109497,0,sensor_inversion,0
50,vanilla,31,173.0,0.01,0,0.15117880673307443,0,sensor_inversion,0
50,vanilla,32,146.0,0.01,0,0.06653141594368572,0,sensor_inversion,0
50,vanilla,33,115.0,0.01,0,0.08690517812535382,0,sensor_inversion,0
50,vanilla,34,188.0,0.01,0,0.06874589590316123,0,sensor_inversion,0
50,vanilla,35,133.0,0.01,0,0.07364155296096228,0,sensor_inversion,0
50,vanilla,36,105.0,0.01,0,0.09040765762329102,0,sensor_inversion,0
50,vanilla,37,148.0,0.01,0,0.0786565821450036,0,sensor_inversion,0
50,vanilla,38,120.0,0.01,0,0.0705987956788805,0,sensor_inversion,0
50,vanilla,39,124.0,0.01,0,0.07991979006798036,0,sensor_inversion,0
50,vanilla,40,115.0,0.01,0,0.07668398497761159,0,sensor_inversion,0
50,vanilla,41,87.0,0.01,0,0.17137898978602384,0,sensor_inversion,0
50,vanilla,42,93.0,0.01,0,0.08451257982561665,0,sensor_inversion,0
50,vanilla,43,158.0,0.01,0,0.07828462978958581,0,sensor_inversion,0
50,vanilla,44,90.0,0.01,0,0.10082963042789038,0,sensor_inversion,0
50,vanilla,45,108.0,0.01,0,0.07573849183541759,0,sensor_inversion,0
50,vanilla,46,116.0,0.01,0,0.058512397538656474,0,sensor_inversion,0
50,vanilla,47,122.0,0.01,0,0.05079872100079646,0,sensor_inversion,0
50,vanilla,48,96.0,0.01,0,0.07775757379002042,0,sensor_inversion,0
50,vanilla,49,152.0,0.01,0,0.059052281212388424,0,sensor_inversion,0
50,vanilla,50,119.0,0.01,0,0.08293332238825096,0,sensor_inversion,0
50,vanilla,51,124.0,0.01,0,0.1471731899887003,0,sensor_inversion,0
50,vanilla,52,130.0,0.01,0,0.06819146046271692,0,sensor_inversion,0
50,vanilla,53,103.0,0.01,0,0.0809478435701537,0,sensor_inversion,0
50,vanilla,54,100.0,0.01,0,0.07891940514246623,0,sensor_inversion,0
50,vanilla,55,123.0,0.01,0,0.05808138944269196,0,sensor_inversion,0
50,vanilla,56,118.0,0.01,0,0.06923085383776219,0,sensor_inversion,0
50,vanilla,57,103.0,0.01,0,0.06696242884910608,0,sensor_inversion,0
50,vanilla,58,97.0,0.01,0,0.07469855059463133,0,sensor_inversion,0
50,vanilla,59,115.0,0.01,0,0.07317186853160029,0,sensor_inversion,0
50,vanilla,60,125.0,0.01,0,0.07447125879923502,0,sensor_inversion,0
50,vanilla,61,176.0,0.01,0,0.10410803398399641,0,sensor_inversion,0
50,vanilla,62,139.0,0.01,0,0.06675278139914827,0,sensor_inversion,0
50,vanilla,63,114.0,0.01,0,0.05188143967885024,0,sensor_inversion,0
50,vanilla,64,172.0,0.01,0,0.06868448622466981,0,sensor_inversion,0
50,vanilla,65,138.0,0.01,0,0.06021559583968011,0,sensor_inversion,0
50,vanilla,66,124.0,0.01,0,0.09208335927737658,0,sensor_inversion,0
50,vanilla,67,152.0,0.01,0,0.1079919560436617,0,sensor_inversion,0
50,vanilla,68,136.0,0.01,0,0.08404582154517082,0,sensor_inversion,0
50,vanilla,69,157.0,0.01,0,0.16649016554441676,0,sensor_inversion,0
50,vanilla,70,147.0,0.01,0,0.18146202083077292,0,sensor_inversion,0
50,vanilla,71,172.0,0.01,0,0.1528344976809598,0,sensor_inversion,0
50,vanilla,72,169.0,0.01,0,0.1076599841522277,0,sensor_inversion,0
50,vanilla,73,158.0,0.01,0,0.15570257585259933,0,sensor_inversion,0
50,vanilla,74,182.0,0.01,0,0.10895770373361888,0,sensor_inversion,0
50,vanilla,75,45.0,1.0,0,0.175450775358412,1,sensor_inversion,0
50,vanilla,76,22.0,0.9801495006250001,0,0.38690903692534473,1,sensor_inversion,0
50,vanilla,77,33.0,0.8307187014821328,0,0.38540960562349574,1,sensor_inversion,0
50,vanilla,78,19.0,0.7552531090661897,0,0.5046112579211853,1,sensor_inversion,0
50,vanilla,79,42.0,0.6118738784280476,0,0.37315701303027926,1,sensor_inversion,0
50,vanilla,80,93.0,0.38389143477919885,0,0.3810117612175617,1,sensor_inversion,0
50,vanilla,81,29.0,0.33195389135223546,0,0.6786414069690924,1,sensor_inversion,0
50,vanilla,82,73.0,0.23023039494318503,0,0.34284869285478986,1,sensor_inversion,0
50,vanilla,83,22.0,0.20619134658263935,0,0.5183600801410098,1,sensor_inversion,0
50,vanilla,84,69.0,0.14590259167570602,0,0.2796894455877479,1,sensor_inversion,0
50,vanilla,85,33.0,0.12365869841532712,0,0.4233052899139096,1,sensor_inversion,0
50,vanilla,86,115.0,0.06948306326589085,0,0.3343716842540796,1,sensor_inversion,0
50,vanilla,87,44.0,0.05573070148010834,0,0.26178275093887793,1,sensor_inversion,0
50,vanilla,88,64.0,0.04043632488927963,0,0.3396389732758204,1,sensor_inversion,0
50,vanilla,89,15.0,0.03750748018035199,0,0.8728403621249728,1,sensor_inversion,0
50,vanilla,90,29.0,0.032433008066058915,0,0.4775534991560311,1,sensor_inversion,0
50,vanilla,91,15.0,0.030083851847510768,0,0.8607216517130533,1,sensor_inversion,0
50,vanilla,92,14.0,0.0280450728002803,0,0.7909722555251347,1,sensor_inversion,0
50,vanilla,93,16.0,0.025883670561501974,0,0.8386743664741516,1,sensor_inversion,0
50,vanilla,94,64.0,0.018780321875645996,0,0.3874290138483047,1,sensor_inversion,0
50,vanilla,95,49.0,0.014690412403624311,0,0.39846472188729004,1,sensor_inversion,0
50,vanilla,96,53.0,0.011263082556340478,0,0.3136322873193513,1,sensor_inversion,0
50,vanilla,97,37.0,0.01,0,0.4703017398043796,1,sensor_inversion,0
50,vanilla,98,89.0,0.01,0,0.31671707281905614,1,sensor_inversion,0
50,vanilla,99,89.0,0.01,0,0.2820886976263497,1,sensor_inversion,0
50,vanilla,100,48.0,0.01,0,0.36505605777104694,1,sensor_inversion,0
50,vanilla,101,58.0,0.01,0,0.49516815700750244,1,sensor_inversion,0
50,vanilla,102,93.0,0.01,0,0.2946132895767048,1,sensor_inversion,0
50,vanilla,103,101.0,0.01,0,0.21189462076319324,1,sensor_inversion,0
50,vanilla,104,141.0,0.01,0,0.18780270704986357,1,sensor_inversion,0
50,vanilla,105,105.0,0.01,0,0.30017597713167704,1,sensor_inversion,0
50,vanilla,106,74.0,0.01,0,0.2808426822627987,1,sensor_inversion,0
50,vanilla,107,94.0,0.01,0,0.2873999801933343,1,sensor_inversion,0
50,vanilla,108,108.0,0.01,0,0.27624260054694283,1,sensor_inversion,0
50,vanilla,109,143.0,0.01,0,0.2302132475348341,1,sensor_inversion,0
50,vanilla,110,181.0,0.01,0,0.31648322275769425,1,sensor_inversion,0
50,vanilla,111,112.0,0.01,0,0.3608409528221403,1,sensor_inversion,0
50,vanilla,112,175.0,0.01,0,0.2709728586106073,1,sensor_inversion,0
50,vanilla,113,167.0,0.01,0,0.2057854677150825,1,sensor_inversion,0
50,vanilla,114,189.0,0.01,0,0.2693406303513407,1,sensor_inversion,0
50,vanilla,115,152.0,0.01,0,0.1830914156478748,1,sensor_inversion,0
50,vanilla,116,368.0,0.01,0,0.16111970077390256,1,sensor_inversion,0
50,vanilla,117,229.0,0.01,0,0.15387717813383545,1,sensor_inversion,0
50,vanilla,118,273.0,0.01,0,0.15796575790796527,1,sensor_inversion,0
50,vanilla,119,302.0,0.01,0,0.16139489346518948,1,sensor_inversion,0
50,vanilla,120,298.0,0.01,0,0.15745187125750035,1,sensor_inversion,0
50,vanilla,121,270.0,0.01,0,0.21590254924915456,1,sensor_inversion,0
50,vanilla,122,289.0,0.01,0,0.12388278786286351,1,sensor_inversion,0
50,vanilla,123,270.0,0.01,0,0.1125915277151414,1,sensor_inversion,0
50,vanilla,124,276.0,0.01,0,0.16335247766568464,1,sensor_inversion,0
50,vanilla,125,344.0,0.0,0,0.13124322983645653,1,sensor_inversion,1
50,vanilla,126,345.0,0.0,0,0.15179026610609414,1,sensor_inversion,1
50,vanilla,127,293.0,0.0,0,0.14865508828146876,1,sensor_inversion,1
50,vanilla,128,395.0,0.0,0,0.13152297971620844,1,sensor_inversion,1
50,vanilla,129,185.0,0.0,0,0.17979270778260786,1,sensor_inversion,1
50,vanilla,130,399.0,0.0,0,0.12932177723300586,1,sensor_inversion,1
50,vanilla,131,293.0,0.0,0,0.8421493782253938,1,sensor_inversion,1
50,vanilla,132,461.0,0.0,0,0.8516331232723255,1,sensor_inversion,1
50,vanilla,133,379.0,0.0,0,0.846765114009223,1,sensor_inversion,1
50,vanilla,134,313.0,0.0,0,0.8420362652808078,1,sensor_inversion,1
50,vanilla,135,309.0,0.0,0,0.8412860091835935,1,sensor_inversion,1
50,vanilla,136,371.0,0.0,0,0.847167844399609,1,sensor_inversion,1
50,vanilla,137,282.0,0.0,0,0.8489505663408455,1,sensor_inversion,1
50,vanilla,138,325.0,0.0,0,0.8426720699897179,1,sensor_inversion,1
50,vanilla,139,371.0,0.0,0,0.8470244122751103,1,sensor_inversion,1
50,vanilla,140,444.0,0.0,0,0.8512757126096491,1,sensor_inversion,1
50,vanilla,141,422.0,0.0,0,0.8498858075006314,1,sensor_inversion,1
50,vanilla,142,271.0,0.0,0,0.8520912071289025,1,sensor_inversion,1
50,vanilla,143,309.0,0.0,0,0.8425862219469961,1,sensor_inversion,1
50,vanilla,144,500.0,0.0,0,0.8590395565032959,1,sensor_inversion,1
50,vanilla,145,348.0,0.0,0,0.853535182973891,1,sensor_inversion,1
50,vanilla,146,229.0,0.0,0,0.8470310849046776,1,sensor_inversion,1
50,vanilla,147,364.0,0.0,0,0.8493418290719881,1,sensor_inversion,1
50,vanilla,148,372.0,0.0,0,0.8459261685716635,1,sensor_inversion,1
50,vanilla,149,272.0,0.0,0,0.8510822539820391,1,sensor_inversion,1
50,hpd,0,11.0,1.0,0,1.0065421191128816,0,sensor_inversion,0
50,hpd,1,49.0,1.0,0,1.0087474937341652,0,sensor_inversion,0
50,hpd,2,23.0,0.9046104802746175,0,0.7145555390827899,0,sensor_inversion,0
50,hpd,3,25.0,0.798065677681905,0,0.0906579049428304,0,sensor_inversion,0
50,hpd,4,39.0,0.6563549768288433,0,0.0860154073462527,0,sensor_inversion,0
50,hpd,5,13.0,0.6149486215357263,0,0.06665018430122963,0,sensor_inversion,0
50,hpd,6,14.0,0.5732736268885887,0,0.028541718210492815,0,sensor_inversion,0
50,hpd,7,14.0,0.5344229416520513,0,0.02530769223258609,0,sensor_inversion,0
50,hpd,8,15.0,0.49571413690105054,0,0.02056809796227349,0,sensor_inversion,0
50,hpd,9,12.0,0.46677573701590436,0,0.01878996027840508,0,sensor_inversion,0
50,hpd,10,12.0,0.43952667968844233,0,0.02269921369022793,0,sensor_inversion,0
50,hpd,11,13.0,0.4117990041127769,0,0.5388635641489272,0,sensor_inversion,0
50,hpd,12,27.0,0.3596735257153405,0,0.24504972975931047,0,sensor_inversion,0
50,hpd,13,12.0,0.3386767948568688,0,0.2025750908586714,0,sensor_inversion,0
50,hpd,14,11.0,0.32050833588933575,0,0.13268294840148,0,sensor_inversion,0
50,hpd,15,16.0,0.29580711868545667,0,0.07829055686791739,0,sensor_inversion,0
50,hpd,16,17.0,0.27164454854530906,0,0.10160897526086544,0,sensor_inversion,0
50,hpd,17,13.0,0.25450776877280124,0,0.08545203392322247,0,sensor_inversion,0
50,hpd,18,39.0,0.20931540516921554,0,0.09759911716493785,0,sensor_inversion,0
50,hpd,19,10.0,0.19908200231898848,0,0.15347563823064167,0,sensor_inversion,0
50,hpd,20,9.0,0.1903004112552766,0,0.22034524546729195,0,sensor_inversion,0
50,hpd,21,11.0,0.1800916657318127,0,0.5944412151972452,0,sensor_inversion,0
50,hpd,22,45.0,0.14372497725712216,0,0.15846034332557965,0,sensor_inversion,0
50,hpd,23,11.0,0.13601479046086049,0,0.24741475509874752,0,sensor_inversion,0
50,hpd,24,91.0,0.08619587539414532,0,0.08403187007694456,0,sensor_inversion,0
50,hpd,25,42.0,0.06983222438783,0,0.14747936668850126,0,sensor_inversion,0
50,hpd,26,41.0,0.05685938874076987,0,0.10623599649444829,0,sensor_inversion,0
50,hpd,27,56.0,0.04294323012606958,0,0.09784077249822164,0,sensor_inversion,0
50,hpd,28,29.0,0.037133343065552986,0,0.10470471985038667,0,sensor_inversion,0
50,hpd,29,41.0,0.030235026982422884,0,0.08827303677070432,0,sensor_inversion,0
50,hpd,30,50.0,0.023532301163728918,0,0.0886348009109497,0,sensor_inversion,0
50,hpd,31,173.0,0.01,0,0.15117880673307443,0,sensor_inversion,0
50,hpd,32,146.0,0.01,0,0.06653141594368572,0,sensor_inversion,0
50,hpd,33,115.0,0.01,0,0.08690517812535382,0,sensor_inversion,0
50,hpd,34,188.0,0.01,0,0.06874589590316123,0,sensor_inversion,0
50,hpd,35,133.0,0.01,0,0.07364155296096228,0,sensor_inversion,0
50,hpd,36,105.0,0.01,0,0.09040765762329102,0,sensor_inversion,0
50,hpd,37,148.0,0.01,0,0.0786565821450036,0,sensor_inversion,0
50,hpd,38,120.0,0.01,0,0.0705987956788805,0,sensor_inversion,0
50,hpd,39,124.0,0.01,0,0.07991979006798036,0,sensor_inversion,0
50,hpd,40,115.0,0.01,0,0.07668398497761159,0,sensor_inversion,0
50,hpd,41,87.0,0.01,0,0.17137898978602384,0,sensor_inversion,0
50,hpd,42,93.0,0.01,0,0.08451257982561665,0,sensor_inversion,0
50,hpd,43,158.0,0.01,0,0.07828462978958581,0,sensor_inversion,0
50,hpd,44,90.0,0.01,0,0.10082963042789038,0,sensor_inversion,0
50,hpd,45,108.0,0.01,0,0.07573849183541759,0,sensor_inversion,0
50,hpd,46,116.0,0.01,0,0.058512397538656474,0,sensor_inversion,0
50,hpd,47,122.0,0.01,0,0.05079872100079646,0,sensor_inversion,0
50,hpd,48,96.0,0.01,0,0.07775757379002042,0,sensor_inversion,0
50,hpd,49,152.0,0.01,0,0.059052281212388424,0,sensor_inversion,0
50,hpd,50,119.0,0.01,0,0.08293332238825096,0,sensor_inversion,0
50,hpd,51,124.0,0.01,0,0.1471731899887003,0,sensor_inversion,0
50,hpd,52,130.0,0.01,0,0.06819146046271692,0,sensor_inversion,0
50,hpd,53,103.0,0.01,0,0.0809478435701537,0,sensor_inversion,0
50,hpd,54,100.0,0.01,0,0.07891940514246623,0,sensor_inversion,0
50,hpd,55,123.0,0.01,0,0.05808138944269196,0,sensor_inversion,0
50,hpd,56,118.0,0.01,0,0.06923085383776219,0,sensor_inversion,0
50,hpd,57,103.0,0.01,0,0.06696242884910608,0,sensor_inversion,0
50,hpd,58,97.0,0.01,0,0.07469855059463133,0,sensor_inversion,0
50,hpd,59,115.0,0.01,0,0.07317186853160029,0,sensor_inversion,0
50,hpd,60,125.0,0.01,0,0.07447125879923502,0,sensor_inversion,0
50,hpd,61,176.0,0.01,0,0.10410803398399641,0,sensor_inversion,0
50,hpd,62,139.0,0.01,0,0.06675278139914827,0,sensor_inversion,0
50,hpd,63,114.0,0.01,0,0.05188143967885024,0,sensor_inversion,0
50,hpd,64,172.0,0.01,0,0.06868448622466981,0,sensor_inversion,0
50,hpd,65,138.0,0.01,0,0.06021559583968011,0,sensor_inversion,0
50,hpd,66,124.0,0.01,0,0.09208335927737658,0,sensor_inversion,0
50,hpd,67,152.0,0.01,0,0.1079919560436617,0,sensor_inversion,0
50,hpd,68,136.0,0.01,0,0.08404582154517082,0,sensor_inversion,0
50,hpd,69,157.0,0.01,0,0.16649016554441676,0,sensor_inversion,0
50,hpd,70,147.0,0.01,0,0.18146202083077292,0,sensor_inversion,0
50,hpd,71,172.0,0.01,0,0.1528344976809598,0,sensor_inversion,0
50,hpd,72,169.0,0.01,0,0.1076599841522277,0,sensor_inversion,0
50,hpd,73,158.0,0.01,0,0.15570257585259933,0,sensor_inversion,0
50,hpd,74,182.0,0.01,0,0.10895770373361888,0,sensor_inversion,0
50,hpd,75,47.0,1.0,1,0.2699060896609692,1,sensor_inversion,0
50,hpd,76,40.0,0.8866535105013078,1,0.8558136065800983,1,sensor_inversion,0
50,hpd,77,43.0,0.7147372386831305,1,0.9237590575403022,1,sensor_inversion,0
50,hpd,78,15.0,0.6629680834613705,1,1.168379963768853,1,sensor_inversion,0
50,hpd,79,28.0,0.5761543988830038,1,0.8710349741436186,1,sensor_inversion,0
50,hpd,80,65.0,0.4159480862733536,1,0.8196030029883752,1,sensor_inversion,0
50,hpd,81,61.0,0.3063705780533402,1,0.5402073599601704,1,sensor_inversion,0
50,hpd,82,72.0,0.21355457002808648,1,0.6230782027597781,1,sensor_inversion,0
50,hpd,83,79.0,0.14372497725712216,1,1.1243787767514897,1,sensor_inversion,0
50,hpd,84,26.0,0.1261630989318213,1,0.6689227422078451,1,sensor_inversion,0
50,hpd,85,48.0,0.09918368135888474,1,0.4585221807161967,1,sensor_inversion,0
50,hpd,86,24.0,0.08794155926129824,1,0.7851562764909533,1,sensor_inversion,0
50,hpd,87,55.0,0.0667518955258533,1,0.6019747271682276,1,sensor_inversion,0
50,hpd,88,44.0,0.05354009722551939,1,0.5104203260306156,1,sensor_inversion,0
50,hpd,89,32.0,0.045605554379880814,1,0.5311071177323659,1,sensor_inversion,0
50,hpd,90,127.0,0.024129537298457977,1,0.5335561697251527,1,sensor_inversion,0
50,hpd,91,104.0,0.014326806379480736,1,0.4391946563353905,1,sensor_inversion,0
50,hpd,92,189.0,0.01,1,0.576877454391022,1,sensor_inversion,0
50,hpd,93,64.0,0.01,1,0.3793295944730441,1,sensor_inversion,0
50,hpd,94,38.0,0.01,1,0.409682733970776,1,sensor_inversion,0
50,hpd,95,181.0,0.01,1,0.27686885619470863,1,sensor_inversion,0
50,hpd,96,57.0,0.01,1,0.4127581300791245,1,sensor_inversion,0
50,hpd,97,88.0,0.01,1,0.30789073488929053,1,sensor_inversion,0
50,hpd,98,121.0,0.01,1,0.2753398963570924,1,sensor_inversion,0
50,hpd,99,38.0,0.01,1,0.34231507569028624,1,sensor_inversion,0
50,hpd,100,71.0,0.01,1,0.36814407003877314,1,sensor_inversion,0
50,hpd,101,159.0,0.01,1,0.27001804025917936,1,sensor_inversion,0
50,hpd,102,107.0,0.01,1,0.23183978532333616,1,sensor_inversion,0
50,hpd,103,95.0,0.01,1,0.23398165953786754,1,sensor_inversion,0
50,hpd,104,38.0,0.01,1,0.2873991518689875,1,sensor_inversion,0
50,hpd,105,65.0,0.01,1,0.32689303618211013,1,sensor_inversion,0
50,hpd,106,113.0,0.01,1,0.3614127642988807,1,sensor_inversion,0
50,hpd,107,25.0,0.01,1,0.45615261713663735,1,sensor_inversion,0
50,hpd,108,30.0,0.01,1,0.42716470294528536,1,sensor_inversion,0
50,hpd,109,64.0,0.01,1,0.3775590546429157,1,sensor_inversion,0
50,hpd,110,42.0,0.01,1,0.4334925242832729,1,sensor_inversion,0
50,hpd,111,48.0,0.01,1,0.42432626088460285,1,sensor_inversion,0
50,hpd,112,372.0,0.01,1,0.23879757149672423,1,sensor_inversion,0
50,hpd,113,411.0,0.01,1,0.39884898107610683,1,sensor_inversion,0
50,hpd,114,95.0,0.01,1,0.27831161189497555,1,sensor_inversion,0
50,hpd,115,120.0,0.01,1,0.289328529437383,1,sensor_inversion,0
50,hpd,116,54.0,0.01,1,0.3306404013692597,1,sensor_inversion,0
50,hpd,117,56.0,0.01,1,0.39524131729489287,1,sensor_inversion,0
50,hpd,118,86.0,0.01,1,0.20299077172612032,1,sensor_inversion,0
50,hpd,119,54.0,0.01,1,0.19226204318764764,1,sensor_inversion,0
50,hpd,120,52.0,0.01,1,0.18322851413335559,1,sensor_inversion,0
50,hpd,121,299.0,0.01,1,0.4497531752622247,1,sensor_inversion,0
50,hpd,122,169.0,0.01,1,0.45089833788147576,1,sensor_inversion,0
50,hpd,123,108.0,0.01,1,0.24123453431659278,1,sensor_inversion,0
50,hpd,124,176.0,0.01,1,0.23479395427487113,1,sensor_inversion,0
50,hpd,125,196.0,0.0,0,0.938939198750217,1,sensor_inversion,1
50,hpd,126,220.0,0.0,0,0.8886197892102328,1,sensor_inversion,1
50,hpd,127,103.0,0.0,0,0.870556657754102,1,sensor_inversion,1
50,hpd,128,426.0,0.0,0,0.867550790030072,1,sensor_inversion,1
50,hpd,129,286.0,0.0,0,0.8567456754493269,1,sensor_inversion,1
50,hpd,130,115.0,0.0,0,0.920380968287371,1,sensor_inversion,1
50,hpd,131,174.0,0.0,0,0.9227763857421293,1,sensor_inversion,1
50,hpd,132,105.0,0.0,0,0.9614572948879665,1,sensor_inversion,1
50,hpd,133,319.0,0.0,0,0.8835874824563787,1,sensor_inversion,1
50,hpd,134,163.0,0.0,0,0.8936067524619385,1,sensor_inversion,1
50,hpd,135,325.0,0.0,0,0.8645534977546105,1,sensor_inversion,1
50,hpd,136,130.0,0.0,0,0.9713418098596426,1,sensor_inversion,1
50,hpd,137,87.0,0.0,0,0.9059656652910958,1,sensor_inversion,1
50,hpd,138,135.0,0.0,0,0.9084345888208458,1,sensor_inversion,1
50,hpd,139,387.0,0.0,0,0.8595821200312468,1,sensor_inversion,1
50,hpd,140,134.0,0.0,0,0.9042566190311565,1,sensor_inversion,1
50,hpd,141,479.0,0.0,0,0.8923075776508307,1,sensor_inversion,1
50,hpd,142,93.0,0.0,0,0.9386825527341565,1,sensor_inversion,1
50,hpd,143,377.0,0.0,0,0.8878817604928814,1,sensor_inversion,1
50,hpd,144,95.0,0.0,0,0.9323338525337085,1,sensor_inversion,1
50,hpd,145,151.0,0.0,0,0.9424171500384938,1,sensor_inversion,1
50,hpd,146,88.0,0.0,0,0.8615332444508872,1,sensor_inversion,1
50,hpd,147,417.0,0.0,0,0.8612429798364067,1,sensor_inversion,1
50,hpd,148,73.0,0.0,0,0.8646179170913347,1,sensor_inversion,1
50,hpd,149,321.0,0.0,0,0.8551694069324625,1,sensor_inversion,1
51,vanilla,0,38.0,1.0,0,1.0423116155883723,0,sensor_inversion,0
51,vanilla,1,21.0,1.0,0,1.0970057069309174,0,sensor_inversion,0
51,vanilla,2,26.0,0.8955869907338783,0,0.7413818454131101,0,sensor_inversion,0
51,vanilla,3,13.0,0.8390886103705794,0,0.4543926975665948,0,sensor_inversion,0
51,vanilla,4,11.0,0.7940753492934954,0,0.15068156430215549,0,sensor_inversion,0
51,vanilla,5,28.0,0.6900935609921609,0,0.26191292490277973,0,sensor_inversion,0
51,vanilla,6,14.0,0.6433260027715241,0,0.08942990785553338,0,sensor_inversion,0
51,vanilla,7,18.0,0.5878229785513479,0,0.04391976087181656,0,sensor_inversion,0
51,vanilla,8,10.0,0.5590843898207511,0,0.03431777954101563,0,sensor_inversion,0
51,vanilla,9,11.0,0.5290920728090721,0,0.033328919699697784,0,sensor_inversion,0
51,vanilla,10,17.0,0.4858739637363176,0,0.032357379501941154,0,sensor_inversion,0
51,vanilla,11,9.0,0.46444185833082485,0,0.607663216414275,0,sensor_inversion,0
51,vanilla,12,21.0,0.4180382776616619,0,0.21729214229280985,0,sensor_inversion,0
51,vanilla,13,12.0,0.3936343764094253,0,0.14357852273517185,0,sensor_inversion,0
51,vanilla,14,24.0,0.34901730169741024,0,0.09418906437026131,0,sensor_inversion,0
51,vanilla,15,17.0,0.32050833588933575,0,0.09914049915238922,0,sensor_inversion,0
51,vanilla,16,15.0,0.29729358661854943,0,0.11846769120958117,0,sensor_inversion,0
51,vanilla,17,12.0,0.2799384215094006,0,0.17463448974821305,0,sensor_inversion,0
51,vanilla,18,13.0,0.26227842021373715,0,0.13385341717646673,0,sensor_inversion,0
51,vanilla,19,12.0,0.24696734223472733,0,0.13261419865820143,0,sensor_inversion,0
51,vanilla,20,11.0,0.23371867538818816,0,0.14415235591657236,0,sensor_inversion,0
51,vanilla,21,21.0,0.21036724137609603,0,0.41584738852485775,0,sensor_inversion,0
51,vanilla,22,10.0,0.2000824143909432,0,0.22588740984598799,0,sensor_inversion,0
51,vanilla,23,25.0,0.17651675623376062,0,0.12293310801188151,0,sensor_inversion,0
51,vanilla,24,11.0,0.16704744067563246,0,0.20185165333025387,0,sensor_inversion,0
51,vanilla,25,11.0,0.1580861105294992,0,0.16798195333191843,0,sensor_inversion,0
51,vanilla,26,9.0,0.15111286553822956,0,0.19834903875986734,0,sensor_inversion,0
51,vanilla,27,31.0,0.12936504510050365,0,0.11821922179191344,0,sensor_inversion,0
51,vanilla,28,130.0,0.06742445445908266,0,0.08550363381703693,0,sensor_inversion,0
51,vanilla,29,163.0,0.029783765425331846,0,0.08416958089255117,0,sensor_inversion,0
51,vanilla,30,123.0,0.01607750060057119,0,0.07955772056166073,0,sensor_inversion,0
51,vanilla,31,243.0,0.01,0,0.09598849634084192,0,sensor_inversion,0
51,vanilla,32,217.0,0.01,0,0.08230041871605565,0,sensor_inversion,0
51,vanilla,33,199.0,0.01,0,0.08034174006987656,0,sensor_inversion,0
51,vanilla,34,230.0,0.01,0,0.0813882713732512,0,sensor_inversion,0
51,vanilla,35,189.0,0.01,0,0.08059824753480405,0,sensor_inversion,0
51,vanilla,36,196.0,0.01,0,0.0827271135485902,0,sensor_inversion,0
51,vanilla,37,237.0,0.01,0,0.09681165000389731,0,sensor_inversion,0
51,vanilla,38,161.0,0.01,0,0.1053276160735768,0,sensor_inversion,0
51,vanilla,39,188.0,0.01,0,0.08634887139002484,0,sensor_inversion,0
51,vanilla,40,196.0,0.01,0,0.0968863165297476,0,sensor_inversion,0
51,vanilla,41,241.0,0.01,0,0.10653785617189948,0,sensor_inversion,0
51,vanilla,42,215.0,0.01,0,0.08571150432261385,0,sensor_inversion,0
51,vanilla,43,191.0,0.01,0,0.09932065301332592,0,sensor_inversion,0
51,vanilla,44,182.0,0.01,0,0.0884834410070063,0,sensor_inversion,0
51,vanilla,45,209.0,0.01,0,0.07998515620376123,0,sensor_inversion,0
51,vanilla,46,211.0,0.01,0,0.08517522043526456,0,sensor_inversion,0
51,vanilla,47,181.0,0.01,0,0.09583442689744587,0,sensor_inversion,0
51,vanilla,48,215.0,0.01,0,0.07403037492619004,0,sensor_inversion,0
51,vanilla,49,191.0,0.01,0,0.09078804152590235,0,sensor_inversion,0
51,vanilla,50,196.0,0.01,0,0.07450685857915554,0,sensor_inversion,0
51,vanilla,51,244.0,0.01,0,0.11695544967234461,0,sensor_inversion,0
51,vanilla,52,200.0,0.01,0,0.09993962287902831,0,sensor_inversion,0
51,vanilla,53,183.0,0.01,0,0.09793998287458021,0,sensor_inversion,0
51,vanilla,54,237.0,0.01,0,0.09475528472921853,0,sensor_inversion,0
51,vanilla,55,181.0,0.01,0,0.081064874076492,0,sensor_inversion,0
51,vanilla,56,203.0,0.01,0,0.09958745223548025,0,sensor_inversion,0
51,vanilla,57,195.0,0.01,0,0.10010755816076555,0,sensor_inversion,0
51,vanilla,58,92.0,0.01,0,0.11264889136604639,0,sensor_inversion,0
51,vanilla,59,173.0,0.01,0,0.08333872738141775,0,sensor_inversion,0
51,vanilla,60,131.0,0.01,0,0.0893987080523076,0,sensor_inversion,0
51,vanilla,61,145.0,0.01,0,0.1378585037143751,0,sensor_inversion,0
51,vanilla,62,389.0,0.01,0,0.09793657672231587,0,sensor_inversion,0
51,vanilla,63,96.0,0.01,0,0.1353237827618917,0,sensor_inversion,0
51,vanilla,64,101.0,0.01,0,0.11277636757778255,0,sensor_inversion,0
51,vanilla,65,262.0,0.01,0,0.10791119485714355,0,sensor_inversion,0
51,vanilla,66,135.0,0.01,0,0.10694931171558521,0,sensor_inversion,0
51,vanilla,67,173.0,0.01,0,0.11944792679509217,0,sensor_inversion,0
51,vanilla,68,270.0,0.01,0,0.1108621644385067,0,sensor_inversion,0
51,vanilla,69,327.0,0.01,0,0.11461239585332063,0,sensor_inversion,0
51,vanilla,70,104.0,0.01,0,0.1274319589138031,0,sensor_inversion,0
51,vanilla,71,20.0,0.01,0,0.6853366136550905,0,sensor_inversion,0
51,vanilla,72,274.0,0.01,0,0.29552794459962495,0,sensor_inversion,0
51,vanilla,73,82.0,0.01,0,0.1062495272334029,0,sensor_inversion,0
51,vanilla,74,67.0,0.01,0,0.14648500366590508,0,sensor_inversion,0
51,vanilla,75,12.0,1.0,0,0.4203091396225824,1,sensor_inversion,0
51,vanilla,76,12.0,1.0,0,0.5781148804558648,1,sensor_inversion,0
51,vanilla,77,13.0,1.0,0,0.7674719859392215,1,sensor_inversion,0
51,vanilla,78,25.0,1.0,0,0.32137255986531577,1,sensor_inversion,0
51,vanilla,79,16.0,0.9275689688183278,0,0.6386892100175222,1,sensor_inversion,0
51,vanilla,80,14.0,0.8647077305675338,0,0.7858308837527321,1,sensor_inversion,0
51,vanilla,81,14.0,0.8061065909263957,0,1.1453315076373873,1,sensor_inversion,0
51,vanilla,82,19.0,0.7328768546436799,0,0.8956360315021715,1,sensor_inversion,0
51,vanilla,83,16.0,0.6763948591909945,0,0.7817788471778233,1,sensor_inversion,0
51,vanilla,84,15.0,0.6274028820538087,0,1.010827244652642,1,sensor_inversion,0
51,vanilla,85,34.0,0.5290920728090721,0,0.8852759062075148,1,sensor_inversion,0
51,vanilla,86,22.0,0.4738479773082268,0,0.5501297892946185,1,sensor_inversion,0
51,vanilla,87,14.0,0.4417353564707963,0,0.9393880140213738,1,sensor_inversion,0
51,vanilla,88,17.0,0.40565285250151817,0,1.1295353197583966,1,sensor_inversion,0
51,vanilla,89,10.0,0.3858205374665315,0,1.266791502634684,1,sensor_inversion,0
51,vanilla,90,11.0,0.36512303261753626,0,0.9388107242006245,1,sensor_inversion,0
51,vanilla,91,13.0,0.3420891339682016,0,0.9424597544547839,1,sensor_inversion,0
51,vanilla,92,15.0,0.3173112652388396,0,0.8389812257554795,1,sensor_inversion,0
51,vanilla,93,23.0,0.2827589419554058,0,0.5618003520412721,1,sensor_inversion,0
51,vanilla,94,10.0,0.2689348941735696,0,0.781990877787272,1,sensor_inversion,0
51,vanilla,95,13.0,0.2519690537792925,0,0.6408674166752741,1,sensor_inversion,0
51,vanilla,96,9.0,0.2408545925762412,0,1.1039254047252514,1,sensor_inversion,0
51,vanilla,97,10.0,0.2290792429684691,0,0.7527110894521077,1,sensor_inversion,0
51,vanilla,98,10.0,0.2178795886667409,0,0.7156864960988363,1,sensor_inversion,0
51,vanilla,99,12.0,0.20516038984972615,0,0.7608055803510879,1,sensor_inversion,0
51,vanilla,100,20.0,0.18559023879528855,0,0.46048375765482585,1,sensor_inversion,0
51,vanilla,101,11.0,0.1756341724525918,0,0.6626100684657241,1,sensor_inversion,0
51,vanilla,102,14.0,0.16373146555890544,0,0.5393037455422537,1,sensor_inversion,0
51,vanilla,103,21.0,0.1473726336968319,0,0.43790341937352734,1,sensor_inversion,0
51,vanilla,104,85.0,0.09624511776741324,0,0.5263893351835363,1,sensor_inversion,0
51,vanilla,105,11.0,0.09108200798387568,0,0.4796666882254861,1,sensor_inversion,0
51,vanilla,106,10.0,0.08662902049662846,0,0.7296800136566162,1,sensor_inversion,0
51,vanilla,107,9.0,0.08280777787605056,0,0.690572668004919,1,sensor_inversion,0
51,vanilla,108,28.0,0.07196434741762824,0,0.4549294256028675,1,sensor_inversion,0
51,vanilla,109,61.0,0.053006034755694834,0,0.773290269361819,1,sensor_inversion,0
51,vanilla,110,17.0,0.04867631463831842,0,0.818450413498224,1,sensor_inversion,0
51,vanilla,111,74.0,0.03359121130473201,0,0.5450476053598766,1,sensor_inversion,0
51,vanilla,112,46.0,0.026673952849996664,0,0.364223347193953,1,sensor_inversion,0
51,vanilla,113,27.0,0.023297566459620722,0,0.5144761050188982,1,sensor_inversion,0
51,vanilla,114,78.0,0.01575835418494799,0,0.31099713358104736,1,sensor_inversion,0
51,vanilla,115,39.0,0.012960179199743523,0,0.30466856610061777,1,sensor_inversion,0
51,vanilla,116,46.0,0.01029135882494263,0,0.18865672401759936,1,sensor_inversion,0
51,vanilla,117,80.0,0.01,0,0.3217504233121872,1,sensor_inversion,0
51,vanilla,118,76.0,0.01,0,0.2992879194125794,1,sensor_inversion,0
51,vanilla,119,144.0,0.01,0,0.26148306385234554,1,sensor_inversion,0
51,vanilla,120,197.0,0.01,0,0.19576984855729312,1,sensor_inversion,0
51,vanilla,121,106.0,0.01,0,0.22122222747442857,1,sensor_inversion,0
51,vanilla,122,112.0,0.01,0,0.14345484794605343,1,sensor_inversion,0
51,vanilla,123,146.0,0.01,0,0.12241888291215243,1,sensor_inversion,0
51,vanilla,124,128.0,0.01,0,0.13954947547366223,1,sensor_inversion,0
51,vanilla,125,142.0,0.0,0,0.11877784510733376,1,sensor_inversion,1
51,vanilla,126,124.0,0.0,0,0.12010179972776804,1,sensor_inversion,1
51,vanilla,127,142.0,0.0,0,0.1096510817187493,1,sensor_inversion,1
51,vanilla,128,142.0,0.0,0,0.11610041747630483,1,sensor_inversion,1
51,vanilla,129,114.0,0.0,0,0.12544449675850006,1,sensor_inversion,1
51,vanilla,130,144.0,0.0,0,0.12126767690534944,1,sensor_inversion,1
51,vanilla,131,117.0,0.0,0,0.78422923645063,1,sensor_inversion,1
51,vanilla,132,141.0,0.0,0,0.7985278220041424,1,sensor_inversion,1
51,vanilla,133,111.0,0.0,0,0.7846499654623837,1,sensor_inversion,1
51,vanilla,134,121.0,0.0,0,0.7882166985966286,1,sensor_inversion,1
51,vanilla,135,132.0,0.0,0,0.7963436774232171,1,sensor_inversion,1
51,vanilla,136,140.0,0.0,0,0.79726950441088,1,sensor_inversion,1
51,vanilla,137,130.0,0.0,0,0.7931313740901459,1,sensor_inversion,1
51,vanilla,138,119.0,0.0,0,0.7869169136055377,1,sensor_inversion,1
51,vanilla,139,112.0,0.0,0,0.7838005347266083,1,sensor_inversion,1
51,vanilla,140,124.0,0.0,0,0.788399751628599,1,sensor_inversion,1
51,vanilla,141,114.0,0.0,0,0.7857079650574956,1,sensor_inversion,1
51,vanilla,142,134.0,0.0,0,0.7961739742044193,1,sensor_inversion,1
51,vanilla,143,135.0,0.0,0,0.7948010883213562,1,sensor_inversion,1
51,vanilla,144,125.0,0.0,0,0.7901327670415241,1,sensor_inversion,1
51,vanilla,145,144.0,0.0,0,0.7982554027327784,1,sensor_inversion,1
51,vanilla,146,118.0,0.0,0,0.7883902899289534,1,sensor_inversion,1
51,vanilla,147,141.0,0.0,0,0.7997015872463831,1,sensor_inversion,1
51,vanilla,148,116.0,0.0,0,0.7872035955560616,1,sensor_inversion,1
51,vanilla,149,120.0,0.0,0,0.7909777103198898,1,sensor_inversion,1
51,hpd,0,38.0,1.0,0,1.0423116155883723,0,sensor_inversion,0
51,hpd,1,21.0,1.0,0,1.0970057069309174,0,sensor_inversion,0
51,hpd,2,26.0,0.8955869907338783,0,0.7413818454131101,0,sensor_inversion,0
51,hpd,3,13.0,0.8390886103705794,0,0.4543926975665948,0,sensor_inversion,0
51,hpd,4,11.0,0.7940753492934954,0,0.15068156430215549,0,sensor_inversion,0
51,hpd,5,28.0,0.6900935609921609,0,0.26191292490277973,0,sensor_inversion,0
51,hpd,6,14.0,0.6433260027715241,0,0.08942990785553338,0,sensor_inversion,0
51,hpd,7,18.0,0.5878229785513479,0,0.04391976087181656,0,sensor_inversion,0
51,hpd,8,10.0,0.5590843898207511,0,0.03431777954101563,0,sensor_inversion,0
51,hpd,9,11.0,0.5290920728090721,0,0.033328919699697784,0,sensor_inversion,0
51,hpd,10,17.0,0.4858739637363176,0,0.032357379501941154,0,sensor_inversion,0
51,hpd,11,9.0,0.46444185833082485,0,0.607663216414275,0,sensor_inversion,0
51,hpd,12,21.0,0.4180382776616619,0,0.21729214229280985,0,sensor_inversion,0
51,hpd,13,12.0,0.3936343764094253,0,0.14357852273517185,0,sensor_inversion,0
51,hpd,14,24.0,0.34901730169741024,0,0.09418906437026131,0,sensor_inversion,0
51,hpd,15,17.0,0.32050833588933575,0,0.09914049915238922,0,sensor_inversion,0
51,hpd,16,15.0,0.29729358661854943,0,0.11846769120958117,0,sensor_inversion,0
51,hpd,17,12.0,0.2799384215094006,0,0.17463448974821305,0,sensor_inversion,0
51,hpd,18,13.0,0.26227842021373715,0,0.13385341717646673,0,sensor_inversion,0
51,hpd,19,12.0,0.24696734223472733,0,0.13261419865820143,0,sensor_inversion,0
51,hpd,20,11.0,0.23371867538818816,0,0.14415235591657236,0,sensor_inversion,0
51,hpd,21,21.0,0.21036724137609603,0,0.41584738852485775,0,sensor_inversion,0
51,hpd,22,10.0,0.2000824143909432,0,0.22588740984598799,0,sensor_inversion,0
51,hpd,23,25.0,0.17651675623376062,0,0.12293310801188151,0,sensor_inversion,0
51,hpd,24,11.0,0.16704744067563246,0,0.20185165333025387,0,sensor_inversion,0
51,hpd,25,11.0,0.1580861105294992,0,0.16798195333191843,0,sensor_inversion,0
51,hpd,26,9.0,0.15111286553822956,0,0.19834903875986734,0,sensor_inversion,0
51,hpd,27,31.0,0.12936504510050365,0,0.11821922179191344,0,sensor_inversion,0
51,hpd,28,130.0,0.06742445445908266,0,0.08550363381703693,0,sensor_inversion,0
51,hpd,29,163.0,0.029783765425331846,0,0.08416958089255117,0,sensor_inversion,0
51,hpd,30,123.0,0.01607750060057119,0,0.07955772056166073,0,sensor_inversion,0
51,hpd,31,243.0,0.01,0,0.09598849634084192,0,sensor_inversion,0
51,hpd,32,217.0,0.01,0,0.08230041871605565,0,sensor_inversion,0
51,hpd,33,199.0,0.01,0,0.08034174006987656,0,sensor_inversion,0
51,hpd,34,230.0,0.01,0,0.0813882713732512,0,sensor_inversion,0
51,hpd,35,189.0,0.01,0,0.08059824753480405,0,sensor_inversion,0
51,hpd,36,196.0,0.01,0,0.0827271135485902,0,sensor_inversion,0
51,hpd,37,237.0,0.01,0,0.09681165000389731,0,sensor_inversion,0
51,hpd,38,161.0,0.01,0,0.1053276160735768,0,sensor_inversion,0
51,hpd,39,188.0,0.01,0,0.08634887139002484,0,sensor_inversion,0
51,hpd,40,196.0,0.01,0,0.0968863165297476,0,sensor_inversion,0
51,hpd,41,241.0,0.01,0,0.10653785617189948,0,sensor_inversion,0
51,hpd,42,215.0,0.01,0,0.08571150432261385,0,sensor_inversion,0
51,hpd,43,191.0,0.01,0,0.09932065301332592,0,sensor_inversion,0
51,hpd,44,182.0,0.01,0,0.0884834410070063,0,sensor_inversion,0
51,hpd,45,209.0,0.01,0,0.07998515620376123,0,sensor_inversion,0
51,hpd,46,211.0,0.01,0,0.08517522043526456,0,sensor_inversion,0
51,hpd,47,181.0,0.01,0,0.09583442689744587,0,sensor_inversion,0
51,hpd,48,215.0,0.01,0,0.07403037492619004,0,sensor_inversion,0
51,hpd,49,191.0,0.01,0,0.09078804152590235,0,sensor_inversion,0
51,hpd,50,196.0,0.01,0,0.07450685857915554,0,sensor_inversion,0
51,hpd,51,244.0,0.01,0,0.11695544967234461,0,sensor_inversion,0
51,hpd,52,200.0,0.01,0,0.09993962287902831,0,sensor_inversion,0
51,hpd,53,183.0,0.01,0,0.09793998287458021,0,sensor_inversion,0
51,hpd,54,237.0,0.01,0,0.09475528472921853,0,sensor_inversion,0
51,hpd,55,181.0,0.01,0,0.081064874076492,0,sensor_inversion,0
51,hpd,56,203.0,0.01,0,0.09958745223548025,0,sensor_inversion,0
51,hpd,57,195.0,0.01,0,0.10010755816076555,0,sensor_inversion,0
51,hpd,58,92.0,0.01,0,0.11264889136604639,0,sensor_inversion,0
51,hpd,59,173.0,0.01,0,0.08333872738141775,0,sensor_inversion,0
51,hpd,60,131.0,0.01,0,0.0893987080523076,0,sensor_inversion,0
51,hpd,61,145.0,0.01,0,0.1378585037143751,0,sensor_inversion,0
51,hpd,62,389.0,0.01,0,0.09793657672231587,0,sensor_inversion,0
51,hpd,63,96.0,0.01,0,0.1353237827618917,0,sensor_inversion,0
51,hpd,64,101.0,0.01,0,0.11277636757778255,0,sensor_inversion,0
51,hpd,65,262.0,0.01,0,0.10791119485714355,0,sensor_inversion,0
51,hpd,66,135.0,0.01,0,0.10694931171558521,0,sensor_inversion,0
51,hpd,67,173.0,0.01,0,0.11944792679509217,0,sensor_inversion,0
51,hpd,68,270.0,0.01,0,0.1108621644385067,0,sensor_inversion,0
51,hpd,69,327.0,0.01,0,0.11461239585332063,0,sensor_inversion,0
51,hpd,70,104.0,0.01,0,0.1274319589138031,0,sensor_inversion,0
51,hpd,71,20.0,0.01,0,0.6853366136550905,0,sensor_inversion,0
51,hpd,72,274.0,0.01,0,0.29552794459962495,0,sensor_inversion,0
51,hpd,73,82.0,0.01,0,0.1062495272334029,0,sensor_inversion,0
51,hpd,74,67.0,0.01,0,0.14648500366590508,0,sensor_inversion,0
51,hpd,75,12.0,1.0,1,0.47395196888181895,1,sensor_inversion,0
51,hpd,76,62.0,0.946354579813443,1,1.128140377741988,1,sensor_inversion,0
51,hpd,77,49.0,0.7402609576967045,1,0.8379585207725057,1,sensor_inversion,0
51,hpd,78,30.0,0.6369088258938781,1,1.138198439280192,1,sensor_inversion,0
51,hpd,79,47.0,0.5032248303978422,1,0.6119218143165533,1,sensor_inversion,0
51,hpd,80,27.0,0.43952667968844233,1,0.8497306329232676,1,sensor_inversion,0
51,hpd,81,27.0,0.38389143477919885,1,0.779852490366241,1,sensor_inversion,0
51,hpd,82,29.0,0.33195389135223546,1,0.5933713529301786,1,sensor_inversion,0
51,hpd,83,66.0,0.2384520680152932,1,0.603702795625937,1,sensor_inversion,0
51,hpd,84,17.0,0.2189744609715989,1,1.098200807384416,1,sensor_inversion,0
51,hpd,85,46.0,0.17388222158237718,1,0.5890536463778951,1,sensor_inversion,0
51,hpd,86,33.0,0.1473726336968319,1,0.39888855664416994,1,sensor_inversion,0
51,hpd,87,48.0,0.11585765144771248,1,0.5355462001429664,1,sensor_inversion,0
51,hpd,88,16.0,0.10692863247165257,1,0.952659656604131,1,sensor_inversion,0
51,hpd,89,34.0,0.09017346495423652,1,0.6766055191264433,1,sensor_inversion,0
51,hpd,90,15.0,0.08364210790237678,1,0.7451527913411459,1,sensor_inversion,0
51,hpd,91,37.0,0.06948306326589085,1,0.6036870952125067,1,sensor_inversion,0
51,hpd,92,374.0,0.010658869760009713,1,0.4022087800099038,1,sensor_inversion,0
51,hpd,93,218.0,0.01,1,0.3212997577970546,1,sensor_inversion,0
51,hpd,94,72.0,0.01,1,0.3876443643260885,1,sensor_inversion,0
51,hpd,95,104.0,0.01,1,0.2863237712627802,1,sensor_inversion,0
51,hpd,96,152.0,0.01,1,0.2649224897225698,1,sensor_inversion,0
51,hpd,97,14.0,0.01,1,0.6021218526931035,1,sensor_inversion,0
51,hpd,98,96.0,0.01,1,0.36712467836009127,1,sensor_inversion,0
51,hpd,99,322.0,0.01,1,0.3905232826375073,1,sensor_inversion,0
51,hpd,100,186.0,0.01,1,0.2637740668430123,1,sensor_inversion,0
51,hpd,101,81.0,0.01,1,0.4034902078134042,1,sensor_inversion,0
51,hpd,102,110.0,0.01,1,0.29715978738033405,1,sensor_inversion,0
51,hpd,103,193.0,0.01,1,0.2939409822585875,1,sensor_inversion,0
51,hpd,104,146.0,0.01,1,0.2678835694104025,1,sensor_inversion,0
51,hpd,105,131.0,0.01,1,0.21351597478978204,1,sensor_inversion,0
51,hpd,106,60.0,0.01,1,0.2260921782917447,1,sensor_inversion,0
51,hpd,107,85.0,0.01,1,0.22306840279523063,1,sensor_inversion,0
51,hpd,108,16.0,0.01,1,0.7073588669300079,1,sensor_inversion,0
51,hpd,109,157.0,0.01,1,0.2567754834573992,1,sensor_inversion,0
51,hpd,110,49.0,0.01,1,0.4338913807252636,1,sensor_inversion,0
51,hpd,111,78.0,0.01,1,0.4916773800157074,1,sensor_inversion,0
51,hpd,112,390.0,0.01,1,0.21294474642500916,1,sensor_inversion,0
51,hpd,113,295.0,0.01,1,0.3301934834927488,1,sensor_inversion,0
51,hpd,114,117.0,0.01,1,0.37195279455592495,1,sensor_inversion,0
51,hpd,115,73.0,0.01,1,0.291509374635949,1,sensor_inversion,0
51,hpd,116,124.0,0.01,1,0.41149110627430735,1,sensor_inversion,0
51,hpd,117,101.0,0.01,1,0.28596670753491593,1,sensor_inversion,0
51,hpd,118,118.0,0.01,1,0.274930858342661,1,sensor_inversion,0
51,hpd,119,102.0,0.01,1,0.26966509164548386,1,sensor_inversion,0
51,hpd,120,103.0,0.01,1,0.27276053320628546,1,sensor_inversion,0
51,hpd,121,97.0,0.01,1,0.5038893796324321,1,sensor_inversion,0
51,hpd,122,152.0,0.01,1,0.35940674313327725,1,sensor_inversion,0
51,hpd,123,370.0,0.01,1,0.36094180912047896,1,sensor_inversion,0
51,hpd,124,210.0,0.01,1,0.41587355193637665,1,sensor_inversion,0
51,hpd,125,177.0,0.0,0,0.8700550668881661,1,sensor_inversion,1
51,hpd,126,219.0,0.0,0,0.8681448021254402,1,sensor_inversion,1
51,hpd,127,200.0,0.0,0,0.8698120613892875,1,sensor_inversion,1
51,hpd,128,186.0,0.0,0,0.8798989164359252,1,sensor_inversion,1
51,hpd,129,169.0,0.0,0,0.8698815589355526,1,sensor_inversion,1
51,hpd,130,231.0,0.0,0,0.883195077186023,1,sensor_inversion,1
51,hpd,131,435.0,0.0,0,0.8810365227447159,1,sensor_inversion,1
51,hpd,132,200.0,0.0,0,0.8700357856353124,1,sensor_inversion,1
51,hpd,133,155.0,0.0,0,0.8726071214163175,1,sensor_inversion,1
51,hpd,134,210.0,0.0,0,0.8882963301643494,1,sensor_inversion,1
51,hpd,135,231.0,0.0,0,0.8741105504194209,1,sensor_inversion,1
51,hpd,136,169.0,0.0,0,0.8914245312971005,1,sensor_inversion,1
51,hpd,137,231.0,0.0,0,0.8906178701491583,1,sensor_inversion,1
51,hpd,138,353.0,0.0,0,0.882378194555007,1,sensor_inversion,1
51,hpd,139,159.0,0.0,0,0.8682872154427776,1,sensor_inversion,1
51,hpd,140,162.0,0.0,0,0.88300256179684,1,sensor_inversion,1
51,hpd,141,173.0,0.0,0,0.872088856779771,1,sensor_inversion,1
51,hpd,142,213.0,0.0,0,0.8922651918467969,1,sensor_inversion,1
51,hpd,143,227.0,0.0,0,0.8948064886700915,1,sensor_inversion,1
51,hpd,144,206.0,0.0,0,0.8616581406793934,1,sensor_inversion,1
51,hpd,145,208.0,0.0,0,0.8866134446400863,1,sensor_inversion,1
51,hpd,146,161.0,0.0,0,0.9111376233229234,1,sensor_inversion,1
51,hpd,147,238.0,0.0,0,0.8873802974444478,1,sensor_inversion,1
51,hpd,148,168.0,0.0,0,0.8812231648535955,1,sensor_inversion,1
51,hpd,149,182.0,0.0,0,0.8673671261294857,1,sensor_inversion,1
