seed,agent,episode,reward,epsilon,llm_calls,mean_td_error,sabotage_active,sabotage_type,evaluation_mode
42,vanilla,0,10.0,1.0,0,0.9959120770295462,0,inverted_controls,0
42,vanilla,1,10.0,1.0,0,0.9984602014223736,0,inverted_controls,0
42,vanilla,2,35.0,1.0,0,1.0084434356008256,0,inverted_controls,0
42,vanilla,3,32.0,0.8866535105013078,0,0.6921117765208085,0,inverted_controls,0
42,vanilla,4,30.0,0.7628626641409962,0,0.19532253543535869,0,inverted_controls,0
42,vanilla,5,21.0,0.6866430931872001,0,0.03326014204630777,0,inverted_controls,0
42,vanilla,6,11.0,0.6498078359349755,0,0.02892990184552742,0,inverted_controls,0
42,vanilla,7,18.0,0.5937455908197752,0,0.03522536268940678,0,inverted_controls,0
42,vanilla,8,16.0,0.547986285490042,0,0.018042451391617458,0,inverted_controls,0
42,vanilla,9,63.0,0.3995984329713264,0,0.014931179543651602,0,inverted_controls,0
42,vanilla,10,11.0,0.37816180712868996,0,0.012554204825199011,0,inverted_controls,0
42,vanilla,11,12.0,0.35608578229633,0,0.6231755101018482,0,inverted_controls,0
42,vanilla,12,9.0,0.3403786882983606,0,0.456978925952205,0,inverted_controls,0
42,vanilla,13,8.0,0.326999438029567,0,0.46401142577330273,0,inverted_controls,0
42,vanilla,14,29.0,0.2827589419554058,0,0.08462301616010995,0,inverted_controls,0
42,vanilla,15,9.0,0.2702863258025825,0,0.18654494373886674,0,inverted_controls,0
42,vanilla,16,9.0,0.2583638820072446,0,0.1898191902372572,0,inverted_controls,0
42,vanilla,17,19.0,0.23489314109365644,0,0.09059675743705348,0,inverted_controls,0
42,vanilla,18,13.0,0.22007483514733558,0,0.10751248934330083,0,inverted_controls,0
42,vanilla,19,12.0,0.20722748400265262,0,0.1408450504144033,0,inverted_controls,0
42,vanilla,20,13.0,0.19415447453059972,0,0.09989999807797946,0,inverted_controls,0
42,vanilla,21,15.0,0.1800916657318127,0,0.46314331955379906,0,inverted_controls,0
42,vanilla,22,13.0,0.16873052768933355,0,0.32072844872107875,0,inverted_controls,0
42,vanilla,23,18.0,0.15417328217978102,0,0.197882405033818,0,inverted_controls,0
42,vanilla,24,13.0,0.14444721332374086,0,0.18605885750208145,0,inverted_controls,0
42,vanilla,25,10.0,0.13738520790976036,0,0.3227745771408081,0,inverted_controls,0
42,vanilla,26,41.0,0.11186295456362313,0,0.1259376363056462,0,inverted_controls,0
42,vanilla,27,9.0,0.10692863247165257,0,0.26006389105761496,0,inverted_controls,0
42,vanilla,28,10.0,0.10170090558064004,0,0.20540000200271608,0,inverted_controls,0
42,vanilla,29,9.0,0.09721483575406,0,0.22137870611967866,0,inverted_controls,0
42,vanilla,30,13.0,0.09108200798387568,0,0.16457144419352215,0,inverted_controls,0
42,vanilla,31,9.0,0.08706434220766679,0,0.6807406743367512,0,inverted_controls,0
42,vanilla,32,10.0,0.08280777787605056,0,0.6036805470784505,0,inverted_controls,0
42,vanilla,33,11.0,0.07836551983717477,0,0.28188807314092457,0,inverted_controls,0
42,vanilla,34,15.0,0.07268942442628039,0,0.28570169342888724,0,inverted_controls,0
42,vanilla,35,11.0,0.06878996970981359,0,0.29668646147756866,0,inverted_controls,0
42,vanilla,36,13.0,0.06445033334388098,0,0.2574639136974628,0,inverted_controls,0
42,vanilla,37,12.0,0.060687903789832374,0,0.30355306466420495,0,inverted_controls,0
42,vanilla,38,20.0,0.05489891379418004,0,0.18495607773462933,0,inverted_controls,0
42,vanilla,39,10.0,0.052214913061211746,0,0.24142339229583737,0,inverted_controls,0
42,vanilla,40,13.0,0.04892091923449087,0,0.2817567372933412,0,inverted_controls,0
42,vanilla,41,16.0,0.0451506389749415,0,0.5031113450725873,0,inverted_controls,0
42,vanilla,42,9.0,0.043159025252331236,0,0.40455118815104163,0,inverted_controls,0
42,vanilla,43,14.0,0.04023414326483323,0,0.39925737608046763,0,inverted_controls,0
42,vanilla,44,12.0,0.0378853869148274,0,0.34009021520614624,0,inverted_controls,0
42,vanilla,45,11.0,0.03585300941485119,0,0.33511905959158234,0,inverted_controls,0
42,vanilla,46,18.0,0.03275978694079333,0,0.23388776072749382,0,inverted_controls,0
42,vanilla,47,28.0,0.028469990974320916,0,0.12906743231273832,0,inverted_controls,0
42,vanilla,48,11.0,0.02694270634579598,0,0.348280516537753,0,inverted_controls,0
42,vanilla,49,27.0,0.023532301163728918,0,0.13900383607840833,0,inverted_controls,0
42,vanilla,50,53.0,0.018042124582040707,0,0.1265416775109633,0,inverted_controls,0
42,vanilla,51,15.0,0.016735314893855303,0,0.506072696050008,0,inverted_controls,0
42,vanilla,52,31.0,0.014326806379480736,0,0.12600917713616483,0,inverted_controls,0
42,vanilla,53,30.0,0.012326557729527843,0,0.1972353908750746,0,inverted_controls,0
42,vanilla,54,15.0,0.011433732442257729,0,0.30113844871520995,0,inverted_controls,0
42,vanilla,55,147.0,0.01,0,0.21516546316427979,0,inverted_controls,0
42,vanilla,56,202.0,0.01,0,0.12158363290352399,0,inverted_controls,0
42,vanilla,57,54.0,0.01,0,0.18506747704965096,0,inverted_controls,0
42,vanilla,58,109.0,0.01,0,0.1358137356761034,0,inverted_controls,0
42,vanilla,59,67.0,0.01,0,0.19353469568698559,0,inverted_controls,0
42,vanilla,60,189.0,0.01,0,0.10675882662414873,0,inverted_controls,0
42,vanilla,61,121.0,0.01,0,0.21163346271541164,0,inverted_controls,0
42,vanilla,62,174.0,0.01,0,0.09232692037962408,0,inverted_controls,0
42,vanilla,63,221.0,0.01,0,0.08692305264250007,0,inverted_controls,0
42,vanilla,64,135.0,0.01,0,0.1292744392230187,0,inverted_controls,0
42,vanilla,65,282.0,0.01,0,0.15136127557878518,0,inverted_controls,0
42,vanilla,66,128.0,0.01,0,0.1012160979832212,0,inverted_controls,0
42,vanilla,67,163.0,0.01,0,0.09201860135318311,0,inverted_controls,0
42,vanilla,68,305.0,0.01,0,0.06293628723894963,0,inverted_controls,0
42,vanilla,69,146.0,0.01,0,0.0662483689991851,0,inverted_controls,0
42,vanilla,70,181.0,0.01,0,0.07057293563477463,0,inverted_controls,0
42,vanilla,71,105.0,0.01,0,0.1781494549342564,0,inverted_controls,0
42,vanilla,72,86.0,0.01,0,0.24955115761867794,0,inverted_controls,0
42,vanilla,73,93.0,0.01,0,0.17682903727322924,0,inverted_controls,0
42,vanilla,74,106.0,0.01,0,0.17455881946491744,0,inverted_controls,0
42,vanilla,75,31.0,1.0,0,1.1123834463857836,1,inverted_controls,0
42,vanilla,76,33.0,0.995,0,0.8116841003148243,1,inverted_controls,0
42,vanilla,77,12.0,0.9369146928798039,0,1.080700996849272,1,inverted_controls,0
42,vanilla,78,20.0,0.8475428503023453,0,0.7422234137852988,1,inverted_controls,0
42,vanilla,79,48.0,0.6662995813682115,0,0.40210243066151935,1,inverted_controls,0
42,vanilla,80,116.0,0.37251769488706843,0,0.2680540495905383,1,inverted_controls,0
42,vanilla,81,23.0,0.33195389135223546,0,0.6656487229941548,1,inverted_controls,0
42,vanilla,82,192.0,0.12679708435358925,0,0.2167450586954753,1,inverted_controls,0
42,vanilla,83,203.0,0.04583472801998072,0,0.1605342025631559,1,inverted_controls,0
42,vanilla,84,112.0,0.026144461565619025,0,0.1937921614873977,1,inverted_controls,0
42,vanilla,85,86.0,0.016988875991640028,0,0.1939039304274921,1,inverted_controls,0
42,vanilla,86,117.0,0.01,0,0.17446537642737062,1,inverted_controls,0
42,vanilla,87,120.0,0.01,0,0.1799463133017222,1,inverted_controls,0
42,vanilla,88,102.0,0.01,0,0.16700001012266072,1,inverted_controls,0
42,vanilla,89,107.0,0.01,0,0.2182303039455711,1,inverted_controls,0
42,vanilla,90,110.0,0.01,0,0.18657900058861937,1,inverted_controls,0
42,vanilla,91,125.0,0.01,0,0.2740742349624634,1,inverted_controls,0
42,vanilla,92,140.0,0.01,0,0.17710878167833602,1,inverted_controls,0
42,vanilla,93,115.0,0.01,0,0.20626444125521012,1,inverted_controls,0
42,vanilla,94,112.0,0.01,0,0.19945513492538816,1,inverted_controls,0
42,vanilla,95,128.0,0.01,0,0.21474812117715675,1,inverted_controls,0
42,vanilla,96,136.0,0.01,0,0.13634839770840662,1,inverted_controls,0
42,vanilla,97,138.0,0.01,0,0.16303711409730037,1,inverted_controls,0
42,vanilla,98,134.0,0.01,0,0.1668217253329149,1,inverted_controls,0
42,vanilla,99,142.0,0.01,0,0.1760885245363477,1,inverted_controls,0
42,vanilla,100,132.0,0.01,0,0.2455991482493853,1,inverted_controls,0
42,vanilla,101,196.0,0.01,0,0.2667019018510572,1,inverted_controls,0
42,vanilla,102,226.0,0.01,0,0.17005028415218565,1,inverted_controls,0
42,vanilla,103,182.0,0.01,0,0.18795324507213776,1,inverted_controls,0
42,vanilla,104,227.0,0.01,0,0.11903848522035036,1,inverted_controls,0
42,vanilla,105,161.0,0.01,0,0.13989046937930658,1,inverted_controls,0
42,vanilla,106,156.0,0.01,0,0.15783856669042864,1,inverted_controls,0
42,vanilla,107,157.0,0.01,0,0.15982181808244902,1,inverted_controls,0
42,vanilla,108,158.0,0.01,0,0.13339279170780746,1,inverted_controls,0
42,vanilla,109,160.0,0.01,0,0.162828266620636,1,inverted_controls,0
42,vanilla,110,154.0,0.01,0,0.16943723195559018,1,inverted_controls,0
42,vanilla,111,222.0,0.01,0,0.18328763199998094,1,inverted_controls,0
42,vanilla,112,149.0,0.01,0,0.24477709059747274,1,inverted_controls,0
42,vanilla,113,158.0,0.01,0,0.1578298329301021,1,inverted_controls,0
42,vanilla,114,172.0,0.01,0,0.1369070184323215,1,inverted_controls,0
42,vanilla,115,163.0,0.01,0,0.16560610184152677,1,inverted_controls,0
42,vanilla,116,218.0,0.01,0,0.10713352559174238,1,inverted_controls,0
42,vanilla,117,67.0,0.01,0,0.2750698393257103,1,inverted_controls,0
42,vanilla,118,183.0,0.01,0,0.1472360927116241,1,inverted_controls,0
42,vanilla,119,179.0,0.01,0,0.42928682137246016,1,inverted_controls,0
42,vanilla,120,227.0,0.01,0,0.20204670243676362,1,inverted_controls,0
42,vanilla,121,163.0,0.01,0,0.19639844933414263,1,inverted_controls,0
42,vanilla,122,163.0,0.01,0,0.13780037269514278,1,inverted_controls,0
42,vanilla,123,180.0,0.01,0,0.12121535936991373,1,inverted_controls,0
42,vanilla,124,152.0,0.01,0,0.1179381012916565,1,inverted_controls,0
42,vanilla,125,180.0,0.0,0,0.14710059430864122,1,inverted_controls,1
42,vanilla,126,228.0,0.0,0,0.14401770126052768,1,inverted_controls,1
42,vanilla,127,256.0,0.0,0,0.1358251329511404,1,inverted_controls,1
42,vanilla,128,214.0,0.0,0,0.15372106070830444,1,inverted_controls,1
42,vanilla,129,193.0,0.0,0,0.15142596612116627,1,inverted_controls,1
42,vanilla,130,190.0,0.0,0,0.1517061066209224,1,inverted_controls,1
42,vanilla,131,183.0,0.0,0,0.8496628476405188,1,inverted_controls,1
42,vanilla,132,243.0,0.0,0,0.855031740191215,1,inverted_controls,1
42,vanilla,133,211.0,0.0,0,0.8528837321493863,1,inverted_controls,1
42,vanilla,134,157.0,0.0,0,0.8467688307387561,1,inverted_controls,1
42,vanilla,135,234.0,0.0,0,0.8524864385610291,1,inverted_controls,1
42,vanilla,136,212.0,0.0,0,0.8502385391379302,1,inverted_controls,1
42,vanilla,137,241.0,0.0,0,0.8861324282602651,1,inverted_controls,1
42,vanilla,138,203.0,0.0,0,0.8678287199173852,1,inverted_controls,1
42,vanilla,139,206.0,0.0,0,0.8522986617288928,1,inverted_controls,1
42,vanilla,140,187.0,0.0,0,0.8481143222135656,1,inverted_controls,1
42,vanilla,141,195.0,0.0,0,0.8518738518413315,1,inverted_controls,1
42,vanilla,142,169.0,0.0,0,0.8485015092281664,1,inverted_controls,1
42,vanilla,143,170.0,0.0,0,0.8479364180097394,1,inverted_controls,1
42,vanilla,144,284.0,0.0,0,0.8553973094958094,1,inverted_controls,1
42,vanilla,145,188.0,0.0,0,0.8469284248690233,1,inverted_controls,1
42,vanilla,146,211.0,0.0,0,0.8495485537801685,1,inverted_controls,1
42,vanilla,147,301.0,0.0,0,0.8567990543834395,1,inverted_controls,1
42,vanilla,148,176.0,0.0,0,0.8467837788841941,1,inverted_controls,1
42,vanilla,149,168.0,0.0,0,0.8447313516859025,1,inverted_controls,1
42,hpd,0,10.0,1.0,0,0.9959120770295462,0,inverted_controls,0
42,hpd,1,10.0,1.0,0,0.9984602014223736,0,inverted_controls,0
42,hpd,2,35.0,1.0,0,1.0084434356008256,0,inverted_controls,0
42,hpd,3,32.0,0.8866535105013078,0,0.6921117765208085,0,inverted_controls,0
42,hpd,4,30.0,0.7628626641409962,0,0.19532253543535869,0,inverted_controls,0
42,hpd,5,21.0,0.6866430931872001,0,0.03326014204630777,0,inverted_controls,0
42,hpd,6,11.0,0.6498078359349755,0,0.02892990184552742,0,inverted_controls,0
42,hpd,7,18.0,0.5937455908197752,0,0.03522536268940678,0,inverted_controls,0
42,hpd,8,16.0,0.547986285490042,0,0.018042451391617458,0,inverted_controls,0
42,hpd,9,63.0,0.3995984329713264,0,0.014931179543651602,0,inverted_controls,0
42,hpd,10,11.0,0.37816180712868996,0,0.012554204825199011,0,inverted_controls,0
42,hpd,11,12.0,0.35608578229633,0,0.6231755101018482,0,inverted_controls,0
42,hpd,12,9.0,0.3403786882983606,0,0.456978925952205,0,inverted_controls,0
42,hpd,13,8.0,0.326999438029567,0,0.46401142577330273,0,inverted_controls,0
42,hpd,14,29.0,0.2827589419554058,0,0.08462301616010995,0,inverted_controls,0
42,hpd,15,9.0,0.2702863258025825,0,0.18654494373886674,0,inverted_controls,0
42,hpd,16,9.0,0.2583638820072446,0,0.1898191902372572,0,inverted_controls,0
42,hpd,17,19.0,0.23489314109365644,0,0.09059675743705348,0,inverted_controls,0
42,hpd,18,13.0,0.22007483514733558,0,0.10751248934330083,0,inverted_controls,0
42,hpd,19,12.0,0.20722748400265262,0,0.1408450504144033,0,inverted_controls,0
42,hpd,20,13.0,0.19415447453059972,0,0.09989999807797946,0,inverted_controls,0
42,hpd,21,15.0,0.1800916657318127,0,0.46314331955379906,0,inverted_controls,0
42,hpd,22,13.0,0.16873052768933355,0,0.32072844872107875,0,inverted_controls,0
42,hpd,23,18.0,0.15417328217978102,0,0.197882405033818,0,inverted_controls,0
42,hpd,24,13.0,0.14444721332374086,0,0.18605885750208145,0,inverted_controls,0
42,hpd,25,10.0,0.13738520790976036,0,0.3227745771408081,0,inverted_controls,0
42,hpd,26,41.0,0.11186295456362313,0,0.1259376363056462,0,inverted_controls,0
42,hpd,27,9.0,0.10692863247165257,0,0.26006389105761496,0,inverted_controls,0
42,hpd,28,10.0,0.10170090558064004,0,0.20540000200271608,0,inverted_controls,0
42,hpd,29,9.0,0.09721483575406,0,0.22137870611967866,0,inverted_controls,0
42,hpd,30,13.0,0.09108200798387568,0,0.16457144419352215,0,inverted_controls,0
42,hpd,31,9.0,0.08706434220766679,0,0.6807406743367512,0,inverted_controls,0
42,hpd,32,10.0,0.08280777787605056,0,0.6036805470784505,0,inverted_controls,0
42,hpd,33,11.0,0.07836551983717477,0,0.28188807314092457,0,inverted_controls,0
42,hpd,34,15.0,0.07268942442628039,0,0.28570169342888724,0,inverted_controls,0
42,hpd,35,11.0,0.06878996970981359,0,0.29668646147756866,0,inverted_controls,0
42,hpd,36,13.0,0.06445033334388098,0,0.2574639136974628,0,inverted_controls,0
42,hpd,37,12.0,0.060687903789832374,0,0.30355306466420495,0,inverted_controls,0
42,hpd,38,20.0,0.05489891379418004,0,0.18495607773462933,0,inverted_controls,0
42,hpd,39,10.0,0.052214913061211746,0,0.24142339229583737,0,inverted_controls,0
42,hpd,40,13.0,0.04892091923449087,0,0.2817567372933412,0,inverted_controls,0
42,hpd,41,16.0,0.0451506389749415,0,0.5031113450725873,0,inverted_controls,0
42,hpd,42,9.0,0.043159025252331236,0,0.40455118815104163,0,inverted_controls,0
42,hpd,43,14.0,0.04023414326483323,0,0.39925737608046763,0,inverted_controls,0
42,hpd,44,12.0,0.0378853869148274,0,0.34009021520614624,0,inverted_controls,0
42,hpd,45,11.0,0.03585300941485119,0,0.33511905959158234,0,inverted_controls,0
42,hpd,46,18.0,0.03275978694079333,0,0.23388776072749382,0,inverted_controls,0
42,hpd,47,28.0,0.028469990974320916,0,0.12906743231273832,0,inverted_controls,0
42,hpd,48,11.0,0.02694270634579598,0,0.348280516537753,0,inverted_controls,0
42,hpd,49,27.0,0.023532301163728918,0,0.13900383607840833,0,inverted_controls,0
42,hpd,50,53.0,0.018042124582040707,0,0.1265416775109633,0,inverted_controls,0
42,hpd,51,15.0,0.016735314893855303,0,0.506072696050008,0,inverted_controls,0
42,hpd,52,31.0,0.014326806379480736,0,0.12600917713616483,0,inverted_controls,0
42,hpd,53,30.0,0.012326557729527843,0,0.1972353908750746,0,inverted_controls,0
42,hpd,54,15.0,0.011433732442257729,0,0.30113844871520995,0,inverted_controls,0
42,hpd,55,147.0,0.01,0,0.21516546316427979,0,inverted_controls,0
42,hpd,56,202.0,0.01,0,0.12158363290352399,0,inverted_controls,0
42,hpd,57,54.0,0.01,0,0.18506747704965096,0,inverted_controls,0
42,hpd,58,109.0,0.01,0,0.1358137356761034,0,inverted_controls,0
42,hpd,59,67.0,0.01,0,0.19353469568698559,0,inverted_controls,0
42,hpd,60,189.0,0.01,0,0.10675882662414873,0,inverted_controls,0
42,hpd,61,121.0,0.01,0,0.21163346271541164,0,inverted_controls,0
42,hpd,62,174.0,0.01,0,0.09232692037962408,0,inverted_controls,0
42,hpd,63,221.0,0.01,0,0.08692305264250007,0,inverted_controls,0
42,hpd,64,135.0,0.01,0,0.1292744392230187,0,inverted_controls,0
42,hpd,65,282.0,0.01,0,0.15136127557878518,0,inverted_controls,0
42,hpd,66,128.0,0.01,0,0.1012160979832212,0,inverted_controls,0
42,hpd,67,163.0,0.01,0,0.09201860135318311,0,inverted_controls,0
42,hpd,68,305.0,0.01,0,0.06293628723894963,0,inverted_controls,0
42,hpd,69,146.0,0.01,0,0.0662483689991851,0,inverted_controls,0
42,hpd,70,181.0,0.01,0,0.07057293563477463,0,inverted_controls,0
42,hpd,71,105.0,0.01,0,0.1781494549342564,0,inverted_controls,0
42,hpd,72,86.0,0.01,0,0.24955115761867794,0,inverted_controls,0
42,hpd,73,93.0,0.01,0,0.17682903727322924,0,inverted_controls,0
42,hpd,74,106.0,0.01,0,0.17455881946491744,0,inverted_controls,0
42,hpd,75,44.0,1.0,1,1.8620618852702053,1,inverted_controls,0
42,hpd,76,67.0,0.7861544476842928,1,0.9635815561114258,1,inverted_controls,0
42,hpd,77,60.0,0.5819594443402982,1,0.9104471286137898,1,inverted_controls,0
42,hpd,78,63.0,0.42437208406280985,1,0.509038940308586,1,inverted_controls,0
42,hpd,79,29.0,0.3669578217261671,1,0.5990439064201267,1,inverted_controls,0
42,hpd,80,56.0,0.27714603575484437,1,0.4642177791822525,1,inverted_controls,0
42,hpd,81,67.0,0.19808659230739353,1,0.46547007916578603,1,inverted_controls,0
42,hpd,82,215.0,0.06742445445908266,1,0.5407626678777295,1,inverted_controls,0
42,hpd,83,298.0,0.015138941243677408,1,0.30068468620846467,1,inverted_controls,0
42,hpd,84,189.0,0.01,1,0.6132950160448724,1,inverted_controls,0
42,hpd,85,300.0,0.01,1,0.2790002391073439,1,inverted_controls,0
42,hpd,86,86.0,0.01,1,0.35119532614715343,1,inverted_controls,0
42,hpd,87,72.0,0.01,1,0.26512190368440414,1,inverted_controls,0
42,hpd,88,175.0,0.01,1,0.26662496748424713,1,inverted_controls,0
42,hpd,89,118.0,0.01,1,0.3145808917654436,1,inverted_controls,0
42,hpd,90,500.0,0.01,1,0.19177857462565104,1,inverted_controls,0
42,hpd,91,128.0,0.01,1,0.2361603118479252,1,inverted_controls,0
42,hpd,92,136.0,0.01,1,0.21699692630300335,1,inverted_controls,0
42,hpd,93,295.0,0.01,1,0.23649239674799857,1,inverted_controls,0
42,hpd,94,337.0,0.01,1,0.24577777133379444,1,inverted_controls,0
42,hpd,95,270.0,0.01,1,0.19777167785314867,1,inverted_controls,0
42,hpd,96,194.0,0.01,1,0.2869112409676883,1,inverted_controls,0
42,hpd,97,168.0,0.01,1,0.27658977584233363,1,inverted_controls,0
42,hpd,98,197.0,0.01,1,0.28601267051374046,1,inverted_controls,0
42,hpd,99,204.0,0.01,1,0.26741318881901266,1,inverted_controls,0
42,hpd,100,308.0,0.01,1,0.30138212352088,1,inverted_controls,0
42,hpd,101,244.0,0.01,1,0.6355619202546083,1,inverted_controls,0
42,hpd,102,232.0,0.01,1,0.4297225036840329,1,inverted_controls,0
42,hpd,103,307.0,0.01,1,0.2532524741563166,1,inverted_controls,0
42,hpd,104,234.0,0.01,1,0.4649502313841782,1,inverted_controls,0
42,hpd,105,259.0,0.01,1,0.23026831530542752,1,inverted_controls,0
42,hpd,106,382.0,0.01,1,0.17250572418043125,1,inverted_controls,0
42,hpd,107,318.0,0.01,1,0.30731147102839795,1,inverted_controls,0
42,hpd,108,146.0,0.01,1,0.3759157603189825,1,inverted_controls,0
42,hpd,109,160.0,0.01,1,0.33346095085144045,1,inverted_controls,0
42,hpd,110,163.0,0.01,1,0.2677502081194295,1,inverted_controls,0
42,hpd,111,144.0,0.01,1,0.32078088019733075,1,inverted_controls,0
42,hpd,112,136.0,0.01,1,0.32235121493246044,1,inverted_controls,0
42,hpd,113,377.0,0.01,1,0.2040672142035554,1,inverted_controls,0
42,hpd,114,127.0,0.01,1,0.3144569797465807,1,inverted_controls,0
42,hpd,115,200.0,0.01,1,0.25047834555308024,1,inverted_controls,0
42,hpd,116,225.0,0.01,1,0.3736271139427467,1,inverted_controls,0
42,hpd,117,192.0,0.01,1,0.3318606813748678,1,inverted_controls,0
42,hpd,118,195.0,0.01,1,0.3060175606328198,1,inverted_controls,0
42,hpd,119,500.0,0.01,1,0.18980642398198444,1,inverted_controls,0
42,hpd,120,170.0,0.01,1,0.24939061192905201,1,inverted_controls,0
42,hpd,121,279.0,0.01,1,0.29350529976073414,1,inverted_controls,0
42,hpd,122,227.0,0.01,1,0.23912214637677923,1,inverted_controls,0
42,hpd,123,211.0,0.01,1,0.5103210279538544,1,inverted_controls,0
42,hpd,124,232.0,0.01,1,0.27600779273044107,1,inverted_controls,0
42,hpd,125,112.0,0.0,0,0.9178988328647046,1,inverted_controls,1
42,hpd,126,302.0,0.0,0,0.8693113433933154,1,inverted_controls,1
42,hpd,127,146.0,0.0,0,0.8428249155005364,1,inverted_controls,1
42,hpd,128,275.0,0.0,0,0.8683122195619525,1,inverted_controls,1
42,hpd,129,197.0,0.0,0,0.8783820862495758,1,inverted_controls,1
42,hpd,130,327.0,0.0,0,0.8639682175916269,1,inverted_controls,1
42,hpd,131,233.0,0.0,0,0.8498128463270327,1,inverted_controls,1
42,hpd,132,205.0,0.0,0,0.8426711049506336,1,inverted_controls,1
42,hpd,133,76.0,0.0,0,0.8740088547530929,1,inverted_controls,1
42,hpd,134,88.0,0.0,0,0.8535426545775298,1,inverted_controls,1
42,hpd,135,149.0,0.0,0,0.8751885488262645,1,inverted_controls,1
42,hpd,136,179.0,0.0,0,0.8517740310015404,1,inverted_controls,1
42,hpd,137,350.0,0.0,0,0.8640491020111811,1,inverted_controls,1
42,hpd,138,178.0,0.0,0,0.852654675419411,1,inverted_controls,1
42,hpd,139,164.0,0.0,0,0.85173246094851,1,inverted_controls,1
42,hpd,140,259.0,0.0,0,0.8840035530744526,1,inverted_controls,1
42,hpd,141,177.0,0.0,0,0.8575124642382008,1,inverted_controls,1
42,hpd,142,199.0,0.0,0,0.8511851840282803,1,inverted_controls,1
42,hpd,143,237.0,0.0,0,0.8692959429677865,1,inverted_controls,1
42,hpd,144,101.0,0.0,0,0.8785463054188013,1,inverted_controls,1
42,hpd,145,162.0,0.0,0,0.857558376749847,1,inverted_controls,1
42,hpd,146,191.0,0.0,0,0.8540079123478703,1,inverted_controls,1
42,hpd,147,178.0,0.0,0,0.8445964408724496,1,inverted_controls,1
42,hpd,148,247.0,0.0,0,0.8634699076293451,1,inverted_controls,1
42,hpd,149,112.0,0.0,0,0.8856167756021023,1,inverted_controls,1
43,vanilla,0,30.0,1.0,0,1.0329590115282268,0,inverted_controls,0
43,vanilla,1,11.0,1.0,0,1.063880949309378,0,inverted_controls,0
43,vanilla,2,26.0,0.9801495006250001,0,1.0369509015327845,0,inverted_controls,0
43,vanilla,3,25.0,0.8647077305675338,0,0.45170789718627924,0,inverted_controls,0
43,vanilla,4,15.0,0.8020760579717637,0,0.20324086878034803,0,inverted_controls,0
43,vanilla,5,13.0,0.7514768435208588,0,0.15049526935968643,0,inverted_controls,0
43,vanilla,6,18.0,0.6866430931872001,0,0.08504462794021324,0,inverted_controls,0
43,vanilla,7,20.0,0.6211445383053219,0,0.03341163992881775,0,inverted_controls,0
43,vanilla,8,17.0,0.5704072587541458,0,0.01757620596418194,0,inverted_controls,0
43,vanilla,9,16.0,0.5264466124450268,0,0.01839704935749372,0,inverted_controls,0
43,vanilla,10,13.0,0.4932355662165453,0,0.013694828901535425,0,inverted_controls,0
43,vanilla,11,10.0,0.46912134373457726,0,0.5444129268328348,0,inverted_controls,0
43,vanilla,12,13.0,0.43952667968844233,0,0.2959918119968512,0,inverted_controls,0
43,vanilla,13,9.0,0.42013897252428334,0,0.29616032264850756,0,inverted_controls,0
43,vanilla,14,29.0,0.3632974174544486,0,0.10714856372482476,0,inverted_controls,0
43,vanilla,15,25.0,0.32050833588933575,0,0.0721468448638916,0,inverted_controls,0
43,vanilla,16,12.0,0.3017979588795719,0,0.1556718217002021,0,inverted_controls,0
43,vanilla,17,11.0,0.285607880564032,0,0.1120436733419245,0,inverted_controls,0
43,vanilla,18,17.0,0.26227842021373715,0,0.08608736945133583,0,inverted_controls,0
43,vanilla,19,10.0,0.2494556624678441,0,0.14769817193349202,0,inverted_controls,0
43,vanilla,20,14.0,0.23255008201124722,0,0.09545826628094627,0,inverted_controls,0
43,vanilla,21,11.0,0.22007483514733558,0,0.5780304742581918,0,inverted_controls,0
43,vanilla,22,20.0,0.19908200231898848,0,0.2394482930501302,0,inverted_controls,0
43,vanilla,23,9.0,0.1903004112552766,0,0.35647872642234524,0,inverted_controls,0
43,vanilla,24,10.0,0.18099664897669618,0,0.27199107011159257,0,inverted_controls,0
43,vanilla,25,12.0,0.17043057265153258,0,0.252735435962677,0,inverted_controls,0
43,vanilla,26,35.0,0.14300635237083656,0,0.13907715479532878,0,inverted_controls,0
43,vanilla,27,9.0,0.13669828187021155,0,0.32586645196985314,0,inverted_controls,0
43,vanilla,28,10.0,0.13001512070402377,0,0.2464278300603231,0,inverted_controls,0
43,vanilla,29,31.0,0.11130363979080501,0,0.14280729909096995,0,inverted_controls,0
43,vanilla,30,11.0,0.10533270926593409,0,0.2453174916180697,0,inverted_controls,0
43,vanilla,31,9.0,0.10068643904747315,0,0.6403460149411803,0,inverted_controls,0
43,vanilla,32,12.0,0.09480864735409487,0,0.43466571304533214,0,inverted_controls,0
43,vanilla,33,12.0,0.089273984641318,0,0.32433532343970406,0,inverted_controls,0
43,vanilla,34,16.0,0.08239373898667031,0,0.23204639554023743,0,inverted_controls,0
43,vanilla,35,9.0,0.07875931641927113,0,0.31698540404990866,0,inverted_controls,0
43,vanilla,36,10.0,0.07490878371492794,0,0.29966591993967695,0,inverted_controls,0
43,vanilla,37,21.0,0.06742445445908266,0,0.20294022181677446,0,inverted_controls,0
43,vanilla,38,10.0,0.06412808167716157,0,0.41356557210286454,0,inverted_controls,0
43,vanilla,39,12.0,0.06038446427088321,0,0.27524205711152816,0,inverted_controls,0
43,vanilla,40,17.0,0.0554520479727078,0,0.24976589165481866,0,inverted_controls,0
43,vanilla,41,17.0,0.05092252885731386,0,0.5619172301946902,0,inverted_controls,0
43,vanilla,42,27.0,0.04447676004441063,0,0.2728713471212505,0,inverted_controls,0
43,vanilla,43,29.0,0.03845939824099909,0,0.1732903486010672,0,inverted_controls,0
43,vanilla,44,30.0,0.03308985827710748,0,0.1940200805664062,0,inverted_controls,0
43,vanilla,45,26.0,0.02904658009432929,0,0.2308916953893808,0,inverted_controls,0
43,vanilla,46,56.0,0.021937519923982282,0,0.16856303101494197,0,inverted_controls,0
43,vanilla,47,19.0,0.019944633602480003,0,0.21697703579015898,0,inverted_controls,0
43,vanilla,48,32.0,0.016988875991640028,0,0.27071691304445267,0,inverted_controls,0
43,vanilla,49,40.0,0.013902339057518077,0,0.22012850642204285,0,inverted_controls,0
43,vanilla,50,54.0,0.010605575411209664,0,0.16969725673581346,0,inverted_controls,0
43,vanilla,51,29.0,0.01,0,0.44082151610275794,0,inverted_controls,0
43,vanilla,52,101.0,0.01,0,0.4696239354980268,0,inverted_controls,0
43,vanilla,53,223.0,0.01,0,0.2322426840150659,0,inverted_controls,0
43,vanilla,54,124.0,0.01,0,0.21566468669522196,0,inverted_controls,0
43,vanilla,55,261.0,0.01,0,0.20951475676905607,0,inverted_controls,0
43,vanilla,56,188.0,0.01,0,0.17996601517318836,0,inverted_controls,0
43,vanilla,57,77.0,0.01,0,0.24083578947818643,0,inverted_controls,0
43,vanilla,58,82.0,0.01,0,0.19723483217440968,0,inverted_controls,0
43,vanilla,59,157.0,0.01,0,0.17105918021718408,0,inverted_controls,0
43,vanilla,60,46.0,0.01,0,0.22235637816829962,0,inverted_controls,0
43,vanilla,61,95.0,0.01,0,0.29182877624244014,0,inverted_controls,0
43,vanilla,62,262.0,0.01,0,0.12358594699063678,0,inverted_controls,0
43,vanilla,63,85.0,0.01,0,0.14205857725704416,0,inverted_controls,0
43,vanilla,64,276.0,0.01,0,0.14090854591793486,0,inverted_controls,0
43,vanilla,65,240.0,0.01,0,0.14741558829943338,0,inverted_controls,0
43,vanilla,66,215.0,0.01,0,0.1549471271130466,0,inverted_controls,0
43,vanilla,67,204.0,0.01,0,0.1418632479274974,0,inverted_controls,0
43,vanilla,68,167.0,0.01,0,0.1398092505936613,0,inverted_controls,0
43,vanilla,69,240.0,0.01,0,0.13292843202749888,0,inverted_controls,0
43,vanilla,70,297.0,0.01,0,0.12442716711966947,0,inverted_controls,0
43,vanilla,71,264.0,0.01,0,0.17119352444253783,0,inverted_controls,0
43,vanilla,72,126.0,0.01,0,0.15687580588002686,0,inverted_controls,0
43,vanilla,73,262.0,0.01,0,0.12251819545076094,0,inverted_controls,0
43,vanilla,74,208.0,0.01,0,0.12079237859982711,0,inverted_controls,0
43,vanilla,75,26.0,1.0,0,0.6599633815961007,1,inverted_controls,0
43,vanilla,76,16.0,1.0,0,0.5845877081155777,1,inverted_controls,0
43,vanilla,77,14.0,1.0,0,0.6803984670411972,1,inverted_controls,0
43,vanilla,78,24.0,0.918316468354365,0,0.4087105095386505,1,inverted_controls,0
43,vanilla,79,27.0,0.8020760579717637,0,0.4168607953154011,1,inverted_controls,0
43,vanilla,80,16.0,0.7402609576967045,0,0.48730205496152246,1,inverted_controls,0
43,vanilla,81,28.0,0.6433260027715241,0,0.4573057918321518,1,inverted_controls,0
43,vanilla,82,66.0,0.46211964903917074,0,0.4346976135716294,1,inverted_controls,0
43,vanilla,83,85.0,0.3017979588795719,0,0.22852008015501735,1,inverted_controls,0
43,vanilla,84,121.0,0.16455423674261854,0,0.45585055308565287,1,inverted_controls,0
43,vanilla,85,100.0,0.0996820918179746,0,0.23069902459780375,1,inverted_controls,0
43,vanilla,86,138.0,0.049911691230058335,0,0.12146737379728306,1,inverted_controls,0
43,vanilla,87,130.0,0.02601373925779093,0,0.1098717383849315,1,inverted_controls,0
43,vanilla,88,118.0,0.014398800381387675,0,0.13431588269896427,1,inverted_controls,0
43,vanilla,89,102.0,0.01,0,0.12107063352672104,1,inverted_controls,0
43,vanilla,90,145.0,0.01,0,0.18906514069129685,1,inverted_controls,0
43,vanilla,91,194.0,0.01,0,0.15264399764464073,1,inverted_controls,0
43,vanilla,92,134.0,0.01,0,0.12064995753824416,1,inverted_controls,0
43,vanilla,93,131.0,0.01,0,0.11484618102017856,1,inverted_controls,0
43,vanilla,94,114.0,0.01,0,0.1209176736965514,1,inverted_controls,0
43,vanilla,95,149.0,0.01,0,0.1235630080203882,1,inverted_controls,0
43,vanilla,96,145.0,0.01,0,0.1242615376395741,1,inverted_controls,0
43,vanilla,97,145.0,0.01,0,0.11203623585317328,1,inverted_controls,0
43,vanilla,98,120.0,0.01,0,0.10878316561381023,1,inverted_controls,0
43,vanilla,99,173.0,0.01,0,0.09779948857478324,1,inverted_controls,0
43,vanilla,100,120.0,0.01,0,0.10269968509674073,1,inverted_controls,0
43,vanilla,101,175.0,0.01,0,0.1576606478009905,1,inverted_controls,0
43,vanilla,102,162.0,0.01,0,0.09900373343087027,1,inverted_controls,0
43,vanilla,103,125.0,0.01,0,0.13699322001139322,1,inverted_controls,0
43,vanilla,104,127.0,0.01,0,0.1480403935189635,1,inverted_controls,0
43,vanilla,105,134.0,0.01,0,0.11342516289421577,1,inverted_controls,0
43,vanilla,106,134.0,0.01,0,0.13888840295782137,1,inverted_controls,0
43,vanilla,107,170.0,0.01,0,0.10280687481749293,1,inverted_controls,0
43,vanilla,108,137.0,0.01,0,0.11244432711543248,1,inverted_controls,0
43,vanilla,109,142.0,0.01,0,0.1180023173211326,1,inverted_controls,0
43,vanilla,110,168.0,0.01,0,0.1253502756830246,1,inverted_controls,0
43,vanilla,111,130.0,0.01,0,0.21896516604301255,1,inverted_controls,0
43,vanilla,112,135.0,0.01,0,0.1511430204650502,1,inverted_controls,0
43,vanilla,113,139.0,0.01,0,0.13365116450998135,1,inverted_controls,0
43,vanilla,114,152.0,0.01,0,0.137188951435842,1,inverted_controls,0
43,vanilla,115,135.0,0.01,0,0.1475332295453107,1,inverted_controls,0
43,vanilla,116,151.0,0.01,0,0.1707816116067747,1,inverted_controls,0
43,vanilla,117,132.0,0.01,0,0.1349410173868892,1,inverted_controls,0
43,vanilla,118,139.0,0.01,0,0.13270730652111612,1,inverted_controls,0
43,vanilla,119,128.0,0.01,0,0.12725739739835262,1,inverted_controls,0
43,vanilla,120,150.0,0.01,0,0.1492382542292277,1,inverted_controls,0
43,vanilla,121,153.0,0.01,0,0.23219823421735905,1,inverted_controls,0
43,vanilla,122,152.0,0.01,0,0.19059721001407554,1,inverted_controls,0
43,vanilla,123,178.0,0.01,0,0.19239194384228425,1,inverted_controls,0
43,vanilla,124,165.0,0.01,0,0.20558138760653408,1,inverted_controls,0
43,vanilla,125,178.0,0.0,0,0.16031280171112175,1,inverted_controls,1
43,vanilla,126,182.0,0.0,0,0.1530020167102744,1,inverted_controls,1
43,vanilla,127,171.0,0.0,0,0.16243324967620434,1,inverted_controls,1
43,vanilla,128,211.0,0.0,0,0.1407938937628627,1,inverted_controls,1
43,vanilla,129,162.0,0.0,0,0.165729611989402,1,inverted_controls,1
43,vanilla,130,156.0,0.0,0,0.1756922200194791,1,inverted_controls,1
43,vanilla,131,184.0,0.0,0,0.8938699977985327,1,inverted_controls,1
43,vanilla,132,159.0,0.0,0,0.893405712375601,1,inverted_controls,1
43,vanilla,133,161.0,0.0,0,0.8951610492129751,1,inverted_controls,1
43,vanilla,134,222.0,0.0,0,0.8899714023143321,1,inverted_controls,1
43,vanilla,135,215.0,0.0,0,0.8897271577702012,1,inverted_controls,1
43,vanilla,136,157.0,0.0,0,0.8905461406505284,1,inverted_controls,1
43,vanilla,137,276.0,0.0,0,0.8841134413428928,1,inverted_controls,1
43,vanilla,138,200.0,0.0,0,0.8879907329877219,1,inverted_controls,1
43,vanilla,139,174.0,0.0,0,0.8897955947452122,1,inverted_controls,1
43,vanilla,140,159.0,0.0,0,0.8952383315288297,1,inverted_controls,1
43,vanilla,141,185.0,0.0,0,0.8870924597387916,1,inverted_controls,1
43,vanilla,142,296.0,0.0,0,0.8843186669521504,1,inverted_controls,1
43,vanilla,143,179.0,0.0,0,0.8951775454942075,1,inverted_controls,1
43,vanilla,144,191.0,0.0,0,0.8909553940591596,1,inverted_controls,1
43,vanilla,145,194.0,0.0,0,0.8893693148884986,1,inverted_controls,1
43,vanilla,146,174.0,0.0,0,0.8912747764952794,1,inverted_controls,1
43,vanilla,147,169.0,0.0,0,0.8872617650079068,1,inverted_controls,1
43,vanilla,148,174.0,0.0,0,0.8933390383519434,1,inverted_controls,1
43,vanilla,149,169.0,0.0,0,0.8950954668620634,1,inverted_controls,1
43,hpd,0,30.0,1.0,0,1.0329590115282268,0,inverted_controls,0
43,hpd,1,11.0,1.0,0,1.063880949309378,0,inverted_controls,0
43,hpd,2,26.0,0.9801495006250001,0,1.0369509015327845,0,inverted_controls,0
43,hpd,3,25.0,0.8647077305675338,0,0.45170789718627924,0,inverted_controls,0
43,hpd,4,15.0,0.8020760579717637,0,0.20324086878034803,0,inverted_controls,0
43,hpd,5,13.0,0.7514768435208588,0,0.15049526935968643,0,inverted_controls,0
43,hpd,6,18.0,0.6866430931872001,0,0.08504462794021324,0,inverted_controls,0
43,hpd,7,20.0,0.6211445383053219,0,0.03341163992881775,0,inverted_controls,0
43,hpd,8,17.0,0.5704072587541458,0,0.01757620596418194,0,inverted_controls,0
43,hpd,9,16.0,0.5264466124450268,0,0.01839704935749372,0,inverted_controls,0
43,hpd,10,13.0,0.4932355662165453,0,0.013694828901535425,0,inverted_controls,0
43,hpd,11,10.0,0.46912134373457726,0,0.5444129268328348,0,inverted_controls,0
43,hpd,12,13.0,0.43952667968844233,0,0.2959918119968512,0,inverted_controls,0
43,hpd,13,9.0,0.42013897252428334,0,0.29616032264850756,0,inverted_controls,0
43,hpd,14,29.0,0.3632974174544486,0,0.10714856372482476,0,inverted_controls,0
43,hpd,15,25.0,0.32050833588933575,0,0.0721468448638916,0,inverted_controls,0
43,hpd,16,12.0,0.3017979588795719,0,0.1556718217002021,0,inverted_controls,0
43,hpd,17,11.0,0.285607880564032,0,0.1120436733419245,0,inverted_controls,0
43,hpd,18,17.0,0.26227842021373715,0,0.08608736945133583,0,inverted_controls,0
43,hpd,19,10.0,0.2494556624678441,0,0.14769817193349202,0,inverted_controls,0
43,hpd,20,14.0,0.23255008201124722,0,0.09545826628094627,0,inverted_controls,0
43,hpd,21,11.0,0.22007483514733558,0,0.5780304742581918,0,inverted_controls,0
43,hpd,22,20.0,0.19908200231898848,0,0.2394482930501302,0,inverted_controls,0
43,hpd,23,9.0,0.1903004112552766,0,0.35647872642234524,0,inverted_controls,0
43,hpd,24,10.0,0.18099664897669618,0,0.27199107011159257,0,inverted_controls,0
43,hpd,25,12.0,0.17043057265153258,0,0.252735435962677,0,inverted_controls,0
43,hpd,26,35.0,0.14300635237083656,0,0.13907715479532878,0,inverted_controls,0
43,hpd,27,9.0,0.13669828187021155,0,0.32586645196985314,0,inverted_controls,0
43,hpd,28,10.0,0.13001512070402377,0,0.2464278300603231,0,inverted_controls,0
43,hpd,29,31.0,0.11130363979080501,0,0.14280729909096995,0,inverted_controls,0
43,hpd,30,11.0,0.10533270926593409,0,0.2453174916180697,0,inverted_controls,0
43,hpd,31,9.0,0.10068643904747315,0,0.6403460149411803,0,inverted_controls,0
43,hpd,32,12.0,0.09480864735409487,0,0.43466571304533214,0,inverted_controls,0
43,hpd,33,12.0,0.089273984641318,0,0.32433532343970406,0,inverted_controls,0
43,hpd,34,16.0,0.08239373898667031,0,0.23204639554023743,0,inverted_controls,0
43,hpd,35,9.0,0.07875931641927113,0,0.31698540404990866,0,inverted_controls,0
43,hpd,36,10.0,0.07490878371492794,0,0.29966591993967695,0,inverted_controls,0
43,hpd,37,21.0,0.06742445445908266,0,0.20294022181677446,0,inverted_controls,0
43,hpd,38,10.0,0.06412808167716157,0,0.41356557210286454,0,inverted_controls,0
43,hpd,39,12.0,0.06038446427088321,0,0.27524205711152816,0,inverted_controls,0
43,hpd,40,17.0,0.0554520479727078,0,0.24976589165481866,0,inverted_controls,0
43,hpd,41,17.0,0.05092252885731386,0,0.5619172301946902,0,inverted_controls,0
43,hpd,42,27.0,0.04447676004441063,0,0.2728713471212505,0,inverted_controls,0
43,hpd,43,29.0,0.03845939824099909,0,0.1732903486010672,0,inverted_controls,0
43,hpd,44,30.0,0.03308985827710748,0,0.1940200805664062,0,inverted_controls,0
43,hpd,45,26.0,0.02904658009432929,0,0.2308916953893808,0,inverted_controls,0
43,hpd,46,56.0,0.021937519923982282,0,0.16856303101494197,0,inverted_controls,0
43,hpd,47,19.0,0.019944633602480003,0,0.21697703579015898,0,inverted_controls,0
43,hpd,48,32.0,0.016988875991640028,0,0.27071691304445267,0,inverted_controls,0
43,hpd,49,40.0,0.013902339057518077,0,0.22012850642204285,0,inverted_controls,0
43,hpd,50,54.0,0.010605575411209664,0,0.16969725673581346,0,inverted_controls,0
43,hpd,51,29.0,0.01,0,0.44082151610275794,0,inverted_controls,0
43,hpd,52,101.0,0.01,0,0.4696239354980268,0,inverted_controls,0
43,hpd,53,223.0,0.01,0,0.2322426840150659,0,inverted_controls,0
43,hpd,54,124.0,0.01,0,0.21566468669522196,0,inverted_controls,0
43,hpd,55,261.0,0.01,0,0.20951475676905607,0,inverted_controls,0
43,hpd,56,188.0,0.01,0,0.17996601517318836,0,inverted_controls,0
43,hpd,57,77.0,0.01,0,0.24083578947818643,0,inverted_controls,0
43,hpd,58,82.0,0.01,0,0.19723483217440968,0,inverted_controls,0
43,hpd,59,157.0,0.01,0,0.17105918021718408,0,inverted_controls,0
43,hpd,60,46.0,0.01,0,0.22235637816829962,0,inverted_controls,0
43,hpd,61,95.0,0.01,0,0.29182877624244014,0,inverted_controls,0
43,hpd,62,262.0,0.01,0,0.12358594699063678,0,inverted_controls,0
43,hpd,63,85.0,0.01,0,0.14205857725704416,0,inverted_controls,0
43,hpd,64,276.0,0.01,0,0.14090854591793486,0,inverted_controls,0
43,hpd,65,240.0,0.01,0,0.14741558829943338,0,inverted_controls,0
43,hpd,66,215.0,0.01,0,0.1549471271130466,0,inverted_controls,0
43,hpd,67,204.0,0.01,0,0.1418632479274974,0,inverted_controls,0
43,hpd,68,167.0,0.01,0,0.1398092505936613,0,inverted_controls,0
43,hpd,69,240.0,0.01,0,0.13292843202749888,0,inverted_controls,0
43,hpd,70,297.0,0.01,0,0.12442716711966947,0,inverted_controls,0
43,hpd,71,264.0,0.01,0,0.17119352444253783,0,inverted_controls,0
43,hpd,72,126.0,0.01,0,0.15687580588002686,0,inverted_controls,0
43,hpd,73,262.0,0.01,0,0.12251819545076094,0,inverted_controls,0
43,hpd,74,208.0,0.01,0,0.12079237859982711,0,inverted_controls,0
43,hpd,75,70.0,0.9655206468094844,1,1.6864150285720823,1,inverted_controls,0
43,hpd,76,88.0,0.6211445383053219,1,0.5455497720024802,1,inverted_controls,0
43,hpd,77,59.0,0.46211964903917074,1,0.4581583071563204,1,inverted_controls,0
43,hpd,78,48.0,0.3632974174544486,1,0.5330248458517922,1,inverted_controls,0
43,hpd,79,47.0,0.28704309604425327,1,0.5216452973954222,1,inverted_controls,0
43,hpd,80,53.0,0.22007483514733558,1,0.30492580161904387,1,inverted_controls,0
43,hpd,81,80.0,0.1473726336968319,1,0.343895368774732,1,inverted_controls,0
43,hpd,82,186.0,0.058010934765067,1,0.3363428436299806,1,inverted_controls,0
43,hpd,83,333.0,0.010929385683282892,1,0.3898021855034508,1,inverted_controls,0
43,hpd,84,108.0,0.01,1,0.37333364839907046,1,inverted_controls,0
43,hpd,85,102.0,0.01,1,0.3374480422026192,1,inverted_controls,0
43,hpd,86,149.0,0.01,1,0.2877932277568502,1,inverted_controls,0
43,hpd,87,380.0,0.01,1,0.25491706070147063,1,inverted_controls,0
43,hpd,88,256.0,0.01,1,0.5262297860657176,1,inverted_controls,0
43,hpd,89,318.0,0.01,1,0.28352273060340805,1,inverted_controls,0
43,hpd,90,138.0,0.01,1,0.45379075911885874,1,inverted_controls,0
43,hpd,91,500.0,0.01,1,0.264002836227417,1,inverted_controls,0
43,hpd,92,178.0,0.01,1,0.24333491620053066,1,inverted_controls,0
43,hpd,93,325.0,0.01,1,0.19331716341850083,1,inverted_controls,0
43,hpd,94,302.0,0.01,1,0.2112653689668668,1,inverted_controls,0
43,hpd,95,192.0,0.01,1,0.22870719225870242,1,inverted_controls,0
43,hpd,96,195.0,0.01,1,0.228193415943374,1,inverted_controls,0
43,hpd,97,221.0,0.01,1,0.2280750483229509,1,inverted_controls,0
43,hpd,98,313.0,0.01,1,0.2298649977317379,1,inverted_controls,0
43,hpd,99,209.0,0.01,1,0.25751490988419573,1,inverted_controls,0
43,hpd,100,336.0,0.01,1,0.2659498467331841,1,inverted_controls,0
43,hpd,101,192.0,0.01,1,0.3762561273243692,1,inverted_controls,0
43,hpd,102,500.0,0.01,1,0.23406667009989424,1,inverted_controls,0
43,hpd,103,473.0,0.01,1,0.3756966869792442,1,inverted_controls,0
43,hpd,104,277.0,0.01,1,0.2869265845536325,1,inverted_controls,0
43,hpd,105,500.0,0.01,1,0.2305312220255534,1,inverted_controls,0
43,hpd,106,277.0,0.01,1,0.2857296222957606,1,inverted_controls,0
43,hpd,107,276.0,0.01,1,0.2869838199753692,1,inverted_controls,0
43,hpd,108,210.0,0.01,1,0.30868082273574105,1,inverted_controls,0
43,hpd,109,258.0,0.01,1,0.30072527923633274,1,inverted_controls,0
43,hpd,110,500.0,0.01,1,0.21378029187520345,1,inverted_controls,0
43,hpd,111,295.0,0.01,1,0.40166925494953737,1,inverted_controls,0
43,hpd,112,249.0,0.01,1,0.38753103443896436,1,inverted_controls,0
43,hpd,113,500.0,0.01,1,0.2924845468203227,1,inverted_controls,0
43,hpd,114,345.0,0.01,1,0.25732201723660825,1,inverted_controls,0
43,hpd,115,228.0,0.01,1,0.2249724227085448,1,inverted_controls,0
43,hpd,116,218.0,0.01,1,0.17314607834597245,1,inverted_controls,0
43,hpd,117,304.0,0.01,1,0.1874323395783441,1,inverted_controls,0
43,hpd,118,265.0,0.01,1,0.3442518087303113,1,inverted_controls,0
43,hpd,119,189.0,0.01,1,0.23681063437588,1,inverted_controls,0
43,hpd,120,230.0,0.01,1,0.3639183890992317,1,inverted_controls,0
43,hpd,121,260.0,0.01,1,0.38378977592174823,1,inverted_controls,0
43,hpd,122,78.0,0.01,1,0.36512552851285696,1,inverted_controls,0
43,hpd,123,228.0,0.01,1,0.31087229248375914,1,inverted_controls,0
43,hpd,124,192.0,0.01,1,0.2860837879901131,1,inverted_controls,0
43,hpd,125,48.0,0.0,0,1.168922222322888,1,inverted_controls,1
43,hpd,126,36.0,0.0,0,1.1870245138804119,1,inverted_controls,1
43,hpd,127,50.0,0.0,0,1.0614949750900269,1,inverted_controls,1
43,hpd,128,73.0,0.0,0,1.0031179695913235,1,inverted_controls,1
43,hpd,129,23.0,0.0,0,1.308613618214925,1,inverted_controls,1
43,hpd,130,21.0,0.0,0,1.406564534656585,1,inverted_controls,1
43,hpd,131,33.0,0.0,0,1.2102037054119688,1,inverted_controls,1
43,hpd,132,36.0,0.0,0,1.1630234828701722,1,inverted_controls,1
43,hpd,133,47.0,0.0,0,1.0825489514262963,1,inverted_controls,1
43,hpd,134,98.0,0.0,0,1.0078113298026885,1,inverted_controls,1
43,hpd,135,50.0,0.0,0,1.1260546366373698,1,inverted_controls,1
43,hpd,136,23.0,0.0,0,1.3705213519110195,1,inverted_controls,1
43,hpd,137,488.0,0.0,0,1.0086673614390886,1,inverted_controls,1
43,hpd,138,96.0,0.0,0,0.9371242738432355,1,inverted_controls,1
43,hpd,139,45.0,0.0,0,1.0581569283096877,1,inverted_controls,1
43,hpd,140,36.0,0.0,0,1.1120733464205708,1,inverted_controls,1
43,hpd,141,33.0,0.0,0,1.1516183169201166,1,inverted_controls,1
43,hpd,142,500.0,0.0,0,1.033327729423841,1,inverted_controls,1
43,hpd,143,63.0,0.0,0,1.0422732098392706,1,inverted_controls,1
43,hpd,144,49.0,0.0,0,1.1010252285976798,1,inverted_controls,1
43,hpd,145,77.0,0.0,0,0.9815842166091457,1,inverted_controls,1
43,hpd,146,48.0,0.0,0,1.0714808503786724,1,inverted_controls,1
43,hpd,147,49.0,0.0,0,1.0088707622216673,1,inverted_controls,1
43,hpd,148,33.0,0.0,0,1.2263001191495646,1,inverted_controls,1
43,hpd,149,24.0,0.0,0,1.3897140688366358,1,inverted_controls,1
44,vanilla,0,23.0,1.0,0,1.1562584483105203,0,inverted_controls,0
44,vanilla,1,63.0,0.8911090557802088,0,0.9782646746231766,0,inverted_controls,0
44,vanilla,2,21.0,0.8020760579717637,0,0.15424732934860957,0,inverted_controls,0
44,vanilla,3,37.0,0.6662995813682115,0,0.05978759774216661,0,inverted_controls,0
44,vanilla,4,15.0,0.6180388156137953,0,0.05175701247321234,0,inverted_controls,0
44,vanilla,5,32.0,0.5264466124450268,0,0.02873657767971357,0,inverted_controls,0
44,vanilla,6,25.0,0.46444185833082485,0,0.023812721570332845,0,inverted_controls,0
44,vanilla,7,13.0,0.4351424010585501,0,0.036500099377754405,0,inverted_controls,0
44,vanilla,8,21.0,0.39166620452737816,0,0.023782444378686336,0,inverted_controls,0
44,vanilla,9,14.0,0.36512303261753626,0,0.03271140938713436,0,inverted_controls,0
44,vanilla,10,9.0,0.34901730169741024,0,0.05023314776243987,0,inverted_controls,0
44,vanilla,11,10.0,0.33195389135223546,0,0.6207329789797466,0,inverted_controls,0
44,vanilla,12,20.0,0.30028896908517405,0,0.27028128107388816,0,inverted_controls,0
44,vanilla,13,18.0,0.2743815040481898,0,0.16675735844506157,0,inverted_controls,0
44,vanilla,14,21.0,0.24696734223472733,0,0.11327862171899705,0,inverted_controls,0
44,vanilla,15,20.0,0.22340924607110255,0,0.13434948523839313,0,inverted_controls,0
44,vanilla,16,9.0,0.21355457002808648,0,0.20383076756088822,0,inverted_controls,0
44,vanilla,17,38.0,0.17651675623376062,0,0.08219916883267854,0,inverted_controls,0
44,vanilla,18,11.0,0.16704744067563246,0,0.14495400948957962,0,inverted_controls,0
44,vanilla,19,9.0,0.15967890763313974,0,0.18099969404715077,0,inverted_controls,0
44,vanilla,20,11.0,0.15111286553822956,0,0.19875826980128436,0,inverted_controls,0
44,vanilla,21,13.0,0.14157986400593744,0,0.6127956891671205,0,inverted_controls,0
44,vanilla,22,9.0,0.1353347165085562,0,0.45613016905608006,0,inverted_controls,0
44,vanilla,23,10.0,0.12871821987500112,0,0.25218777656555175,0,inverted_controls,0
44,vanilla,24,10.0,0.12242520289863423,0,0.3887572447458903,0,inverted_controls,0
44,vanilla,25,10.0,0.11643985070121858,0,0.30273796717325846,0,inverted_controls,0
44,vanilla,26,10.0,0.11074712159185099,0,0.3137431462605794,0,inverted_controls,0
44,vanilla,27,11.0,0.10480604571960442,0,0.24941341804735587,0,inverted_controls,0
44,vanilla,28,10.0,0.0996820918179746,0,0.28495676517486573,0,inverted_controls,0
44,vanilla,29,9.0,0.09528507271768329,0,0.3383158401206688,0,inverted_controls,0
44,vanilla,30,11.0,0.09017346495423652,0,0.30134184432752203,0,inverted_controls,0
44,vanilla,31,10.0,0.08576489601717459,0,0.678516952196757,0,inverted_controls,0
44,vanilla,32,10.0,0.08157186144027828,0,0.5705272912979125,0,inverted_controls,0
44,vanilla,33,11.0,0.07719590465791494,0,0.35692380413864594,0,inverted_controls,0
44,vanilla,34,10.0,0.07342180695061275,0,0.31452620824178057,0,inverted_controls,0
44,vanilla,35,16.0,0.0677632708131484,0,0.2102332313855489,0,inverted_controls,0
44,vanilla,36,12.0,0.06380744126877576,0,0.35439032316207886,0,inverted_controls,0
44,vanilla,37,9.0,0.0609928681304848,0,0.3502848324952302,0,inverted_controls,0
44,vanilla,38,9.0,0.05830244700006734,0,0.3678434248323794,0,inverted_controls,0
44,vanilla,39,10.0,0.0554520479727078,0,0.3218666235605876,0,inverted_controls,0
44,vanilla,40,8.0,0.05327239673939179,0,0.31733805934588116,0,inverted_controls,0
44,vanilla,41,9.0,0.05092252885731386,0,0.6547440422905816,0,inverted_controls,0
44,vanilla,42,11.0,0.048190768399801194,0,0.6902745420282538,0,inverted_controls,0
44,vanilla,43,11.0,0.045605554379880814,0,0.5811460198778094,0,inverted_controls,0
44,vanilla,44,14.0,0.04251487140556204,0,0.2429255247116089,0,inverted_controls,0
44,vanilla,45,10.0,0.04043632488927963,0,0.38887429237365717,0,inverted_controls,0
44,vanilla,46,20.0,0.03657912327863173,0,0.25876449346542363,0,inverted_controls,0
44,vanilla,47,45.0,0.029192542808371146,0,0.13646988692107026,0,inverted_controls,0
44,vanilla,48,10.0,0.027765323199097504,0,0.33365643024444586,0,inverted_controls,0
44,vanilla,49,207.0,0.01,0,0.23533502331486453,0,inverted_controls,0
44,vanilla,50,59.0,0.01,0,0.17453948656717935,0,inverted_controls,0
44,vanilla,51,44.0,0.01,0,0.24506974220275876,0,inverted_controls,0
44,vanilla,52,64.0,0.01,0,0.1683481925477584,0,inverted_controls,0
44,vanilla,53,136.0,0.01,0,0.11919947815876383,0,inverted_controls,0
44,vanilla,54,127.0,0.01,0,0.10305154167135243,0,inverted_controls,0
44,vanilla,55,124.0,0.01,0,0.1288454500577783,0,inverted_controls,0
44,vanilla,56,362.0,0.01,0,0.06099157065537314,0,inverted_controls,0
44,vanilla,57,139.0,0.01,0,0.09536120016797842,0,inverted_controls,0
44,vanilla,58,186.0,0.01,0,0.06196959706617512,0,inverted_controls,0
44,vanilla,59,118.0,0.01,0,0.06628665681612694,0,inverted_controls,0
44,vanilla,60,155.0,0.01,0,0.07419773327407014,0,inverted_controls,0
44,vanilla,61,159.0,0.01,0,0.1302373544225153,0,inverted_controls,0
44,vanilla,62,128.0,0.01,0,0.06727522301177183,0,inverted_controls,0
44,vanilla,63,176.0,0.01,0,0.1037743254141374,0,inverted_controls,0
44,vanilla,64,214.0,0.01,0,0.165314799528627,0,inverted_controls,0
44,vanilla,65,221.0,0.01,0,0.10795875156626981,0,inverted_controls,0
44,vanilla,66,242.0,0.01,0,0.09796650777506762,0,inverted_controls,0
44,vanilla,67,179.0,0.01,0,0.08133233992081115,0,inverted_controls,0
44,vanilla,68,230.0,0.01,0,0.09265423650326936,0,inverted_controls,0
44,vanilla,69,178.0,0.01,0,0.10426894689767102,0,inverted_controls,0
44,vanilla,70,221.0,0.01,0,0.08150238293148633,0,inverted_controls,0
44,vanilla,71,178.0,0.01,0,0.12441907750533315,0,inverted_controls,0
44,vanilla,72,256.0,0.01,0,0.07300134872396787,0,inverted_controls,0
44,vanilla,73,283.0,0.01,0,0.11225154851996574,0,inverted_controls,0
44,vanilla,74,193.0,0.01,0,0.16314740419799595,0,inverted_controls,0
44,vanilla,75,20.0,1.0,0,0.46495205760002134,1,inverted_controls,0
44,vanilla,76,10.0,1.0,0,0.6050052682558695,1,inverted_controls,0
44,vanilla,77,34.0,0.995,0,0.3960471059761796,1,inverted_controls,0
44,vanilla,78,31.0,0.851801859600347,0,0.3677235623841644,1,inverted_controls,0
44,vanilla,79,18.0,0.778312557068642,0,0.611239336155079,1,inverted_controls,0
44,vanilla,80,9.0,0.7439808620067382,0,0.3157552259939688,1,inverted_controls,0
44,vanilla,81,30.0,0.6401093727576664,0,0.42711445622973976,1,inverted_controls,0
44,vanilla,82,52.0,0.4932355662165453,0,0.6220482404415424,1,inverted_controls,0
44,vanilla,83,91.0,0.3125753549412418,0,0.2167282366490626,1,inverted_controls,0
44,vanilla,84,111.0,0.17919120740315364,0,0.2565633384315101,1,inverted_controls,0
44,vanilla,85,210.0,0.06254083169574957,0,0.16680019126525003,1,inverted_controls,0
44,vanilla,86,180.0,0.02536986677519817,0,0.23568778325010228,1,inverted_controls,0
44,vanilla,87,237.0,0.01,0,0.21222565982244518,1,inverted_controls,0
44,vanilla,88,319.0,0.01,0,0.20307896951896642,1,inverted_controls,0
44,vanilla,89,231.0,0.01,0,0.20485112987039408,1,inverted_controls,0
44,vanilla,90,272.0,0.01,0,0.1817551652590434,1,inverted_controls,0
44,vanilla,91,300.0,0.01,0,0.20082209746042887,1,inverted_controls,0
44,vanilla,92,218.0,0.01,0,0.18551590683263378,1,inverted_controls,0
44,vanilla,93,181.0,0.01,0,0.18471861675957948,1,inverted_controls,0
44,vanilla,94,221.0,0.01,0,0.19329583411123244,1,inverted_controls,0
44,vanilla,95,267.0,0.01,0,0.16049475556753398,1,inverted_controls,0
44,vanilla,96,218.0,0.01,0,0.19146340046453914,1,inverted_controls,0
44,vanilla,97,228.0,0.01,0,0.15033372800949718,1,inverted_controls,0
44,vanilla,98,211.0,0.01,0,0.19248421836238336,1,inverted_controls,0
44,vanilla,99,217.0,0.01,0,0.18246737493348011,1,inverted_controls,0
44,vanilla,100,256.0,0.01,0,0.1637975343813499,1,inverted_controls,0
44,vanilla,101,206.0,0.01,0,0.2168448233681589,1,inverted_controls,0
44,vanilla,102,251.0,0.01,0,0.13407860904100882,1,inverted_controls,0
44,vanilla,103,396.0,0.01,0,0.1487753567872224,1,inverted_controls,0
44,vanilla,104,339.0,0.01,0,0.1392803145252029,1,inverted_controls,0
44,vanilla,105,283.0,0.01,0,0.1516643295018496,1,inverted_controls,0
44,vanilla,106,371.0,0.01,0,0.14096681898173619,1,inverted_controls,0
44,vanilla,107,279.0,0.01,0,0.18714960273733558,1,inverted_controls,0
44,vanilla,108,246.0,0.01,0,0.13278754164532916,1,inverted_controls,0
44,vanilla,109,199.0,0.01,0,0.20806672465262102,1,inverted_controls,0
44,vanilla,110,266.0,0.01,0,0.1489872466352649,1,inverted_controls,0
44,vanilla,111,328.0,0.01,0,0.1443770489072412,1,inverted_controls,0
44,vanilla,112,252.0,0.01,0,0.13759157708082248,1,inverted_controls,0
44,vanilla,113,264.0,0.01,0,0.13264859625787445,1,inverted_controls,0
44,vanilla,114,270.0,0.01,0,0.16297447357648684,1,inverted_controls,0
44,vanilla,115,307.0,0.01,0,0.11370414605487572,1,inverted_controls,0
44,vanilla,116,191.0,0.01,0,0.14046349949861697,1,inverted_controls,0
44,vanilla,117,226.0,0.01,0,0.12936576559128662,1,inverted_controls,0
44,vanilla,118,268.0,0.01,0,0.12269482743087694,1,inverted_controls,0
44,vanilla,119,281.0,0.01,0,0.11865766305799019,1,inverted_controls,0
44,vanilla,120,281.0,0.01,0,0.1108438168273419,1,inverted_controls,0
44,vanilla,121,230.0,0.01,0,0.16793952782948815,1,inverted_controls,0
44,vanilla,122,256.0,0.01,0,0.11244019617637,1,inverted_controls,0
44,vanilla,123,194.0,0.01,0,0.15148217161906133,1,inverted_controls,0
44,vanilla,124,244.0,0.01,0,0.18196035408582845,1,inverted_controls,0
44,vanilla,125,231.0,0.0,0,0.12998826094348023,1,inverted_controls,1
44,vanilla,126,497.0,0.0,0,0.062263465103569,1,inverted_controls,1
44,vanilla,127,236.0,0.0,0,0.12425170645201945,1,inverted_controls,1
44,vanilla,128,270.0,0.0,0,0.11050227365376038,1,inverted_controls,1
44,vanilla,129,320.0,0.0,0,0.1904901791363955,1,inverted_controls,1
44,vanilla,130,230.0,0.0,0,0.1275560372117637,1,inverted_controls,1
44,vanilla,131,246.0,0.0,0,0.8639043333730724,1,inverted_controls,1
44,vanilla,132,230.0,0.0,0,0.8646145191745481,1,inverted_controls,1
44,vanilla,133,242.0,0.0,0,0.8633288135213301,1,inverted_controls,1
44,vanilla,134,300.0,0.0,0,0.8668987761603463,1,inverted_controls,1
44,vanilla,135,254.0,0.0,0,0.8649716777751453,1,inverted_controls,1
44,vanilla,136,500.0,0.0,0,0.8763290650049846,1,inverted_controls,1
44,vanilla,137,241.0,0.0,0,0.8536296847120526,1,inverted_controls,1
44,vanilla,138,280.0,0.0,0,0.8654761944498335,1,inverted_controls,1
44,vanilla,139,279.0,0.0,0,0.8660943995239914,1,inverted_controls,1
44,vanilla,140,234.0,0.0,0,0.8631661053736325,1,inverted_controls,1
44,vanilla,141,214.0,0.0,0,0.8621552049927993,1,inverted_controls,1
44,vanilla,142,320.0,0.0,0,0.8673832654953003,1,inverted_controls,1
44,vanilla,143,314.0,0.0,0,0.8645017830429563,1,inverted_controls,1
44,vanilla,144,408.0,0.0,0,0.867212218007231,1,inverted_controls,1
44,vanilla,145,201.0,0.0,0,0.8597707645612371,1,inverted_controls,1
44,vanilla,146,198.0,0.0,0,0.8599073533658627,1,inverted_controls,1
44,vanilla,147,314.0,0.0,0,0.8665511451202847,1,inverted_controls,1
44,vanilla,148,500.0,0.0,0,0.8774338553746541,1,inverted_controls,1
44,vanilla,149,224.0,0.0,0,0.8544528292758125,1,inverted_controls,1
44,hpd,0,23.0,1.0,0,1.1562584483105203,0,inverted_controls,0
44,hpd,1,63.0,0.8911090557802088,0,0.9782646746231766,0,inverted_controls,0
44,hpd,2,21.0,0.8020760579717637,0,0.15424732934860957,0,inverted_controls,0
44,hpd,3,37.0,0.6662995813682115,0,0.05978759774216661,0,inverted_controls,0
44,hpd,4,15.0,0.6180388156137953,0,0.05175701247321234,0,inverted_controls,0
44,hpd,5,32.0,0.5264466124450268,0,0.02873657767971357,0,inverted_controls,0
44,hpd,6,25.0,0.46444185833082485,0,0.023812721570332845,0,inverted_controls,0
44,hpd,7,13.0,0.4351424010585501,0,0.036500099377754405,0,inverted_controls,0
44,hpd,8,21.0,0.39166620452737816,0,0.023782444378686336,0,inverted_controls,0
44,hpd,9,14.0,0.36512303261753626,0,0.03271140938713436,0,inverted_controls,0
44,hpd,10,9.0,0.34901730169741024,0,0.05023314776243987,0,inverted_controls,0
44,hpd,11,10.0,0.33195389135223546,0,0.6207329789797466,0,inverted_controls,0
44,hpd,12,20.0,0.30028896908517405,0,0.27028128107388816,0,inverted_controls,0
44,hpd,13,18.0,0.2743815040481898,0,0.16675735844506157,0,inverted_controls,0
44,hpd,14,21.0,0.24696734223472733,0,0.11327862171899705,0,inverted_controls,0
44,hpd,15,20.0,0.22340924607110255,0,0.13434948523839313,0,inverted_controls,0
44,hpd,16,9.0,0.21355457002808648,0,0.20383076756088822,0,inverted_controls,0
44,hpd,17,38.0,0.17651675623376062,0,0.08219916883267854,0,inverted_controls,0
44,hpd,18,11.0,0.16704744067563246,0,0.14495400948957962,0,inverted_controls,0
44,hpd,19,9.0,0.15967890763313974,0,0.18099969404715077,0,inverted_controls,0
44,hpd,20,11.0,0.15111286553822956,0,0.19875826980128436,0,inverted_controls,0
44,hpd,21,13.0,0.14157986400593744,0,0.6127956891671205,0,inverted_controls,0
44,hpd,22,9.0,0.1353347165085562,0,0.45613016905608006,0,inverted_controls,0
44,hpd,23,10.0,0.12871821987500112,0,0.25218777656555175,0,inverted_controls,0
44,hpd,24,10.0,0.12242520289863423,0,0.3887572447458903,0,inverted_controls,0
44,hpd,25,10.0,0.11643985070121858,0,0.30273796717325846,0,inverted_controls,0
44,hpd,26,10.0,0.11074712159185099,0,0.3137431462605794,0,inverted_controls,0
44,hpd,27,11.0,0.10480604571960442,0,0.24941341804735587,0,inverted_controls,0
44,hpd,28,10.0,0.0996820918179746,0,0.28495676517486573,0,inverted_controls,0
44,hpd,29,9.0,0.09528507271768329,0,0.3383158401206688,0,inverted_controls,0
44,hpd,30,11.0,0.09017346495423652,0,0.30134184432752203,0,inverted_controls,0
44,hpd,31,10.0,0.08576489601717459,0,0.678516952196757,0,inverted_controls,0
44,hpd,32,10.0,0.08157186144027828,0,0.5705272912979125,0,inverted_controls,0
44,hpd,33,11.0,0.07719590465791494,0,0.35692380413864594,0,inverted_controls,0
44,hpd,34,10.0,0.07342180695061275,0,0.31452620824178057,0,inverted_controls,0
44,hpd,35,16.0,0.0677632708131484,0,0.2102332313855489,0,inverted_controls,0
44,hpd,36,12.0,0.06380744126877576,0,0.35439032316207886,0,inverted_controls,0
44,hpd,37,9.0,0.0609928681304848,0,0.3502848324952302,0,inverted_controls,0
44,hpd,38,9.0,0.05830244700006734,0,0.3678434248323794,0,inverted_controls,0
44,hpd,39,10.0,0.0554520479727078,0,0.3218666235605876,0,inverted_controls,0
44,hpd,40,8.0,0.05327239673939179,0,0.31733805934588116,0,inverted_controls,0
44,hpd,41,9.0,0.05092252885731386,0,0.6547440422905816,0,inverted_controls,0
44,hpd,42,11.0,0.048190768399801194,0,0.6902745420282538,0,inverted_controls,0
44,hpd,43,11.0,0.045605554379880814,0,0.5811460198778094,0,inverted_controls,0
44,hpd,44,14.0,0.04251487140556204,0,0.2429255247116089,0,inverted_controls,0
44,hpd,45,10.0,0.04043632488927963,0,0.38887429237365717,0,inverted_controls,0
44,hpd,46,20.0,0.03657912327863173,0,0.25876449346542363,0,inverted_controls,0
44,hpd,47,45.0,0.029192542808371146,0,0.13646988692107026,0,inverted_controls,0
44,hpd,48,10.0,0.027765323199097504,0,0.33365643024444586,0,inverted_controls,0
44,hpd,49,207.0,0.01,0,0.23533502331486453,0,inverted_controls,0
44,hpd,50,59.0,0.01,0,0.17453948656717935,0,inverted_controls,0
44,hpd,51,44.0,0.01,0,0.24506974220275876,0,inverted_controls,0
44,hpd,52,64.0,0.01,0,0.1683481925477584,0,inverted_controls,0
44,hpd,53,136.0,0.01,0,0.11919947815876383,0,inverted_controls,0
44,hpd,54,127.0,0.01,0,0.10305154167135243,0,inverted_controls,0
44,hpd,55,124.0,0.01,0,0.1288454500577783,0,inverted_controls,0
44,hpd,56,362.0,0.01,0,0.06099157065537314,0,inverted_controls,0
44,hpd,57,139.0,0.01,0,0.09536120016797842,0,inverted_controls,0
44,hpd,58,186.0,0.01,0,0.06196959706617512,0,inverted_controls,0
44,hpd,59,118.0,0.01,0,0.06628665681612694,0,inverted_controls,0
44,hpd,60,155.0,0.01,0,0.07419773327407014,0,inverted_controls,0
44,hpd,61,159.0,0.01,0,0.1302373544225153,0,inverted_controls,0
44,hpd,62,128.0,0.01,0,0.06727522301177183,0,inverted_controls,0
44,hpd,63,176.0,0.01,0,0.1037743254141374,0,inverted_controls,0
44,hpd,64,214.0,0.01,0,0.165314799528627,0,inverted_controls,0
44,hpd,65,221.0,0.01,0,0.10795875156626981,0,inverted_controls,0
44,hpd,66,242.0,0.01,0,0.09796650777506762,0,inverted_controls,0
44,hpd,67,179.0,0.01,0,0.08133233992081115,0,inverted_controls,0
44,hpd,68,230.0,0.01,0,0.09265423650326936,0,inverted_controls,0
44,hpd,69,178.0,0.01,0,0.10426894689767102,0,inverted_controls,0
44,hpd,70,221.0,0.01,0,0.08150238293148633,0,inverted_controls,0
44,hpd,71,178.0,0.01,0,0.12441907750533315,0,inverted_controls,0
44,hpd,72,256.0,0.01,0,0.07300134872396787,0,inverted_controls,0
44,hpd,73,283.0,0.01,0,0.11225154851996574,0,inverted_controls,0
44,hpd,74,193.0,0.01,0,0.16314740419799595,0,inverted_controls,0
44,hpd,75,51.0,1.0,1,1.7784221826815139,1,inverted_controls,0
44,hpd,76,26.0,0.9322301194154049,1,1.9727234840393064,1,inverted_controls,0
44,hpd,77,16.0,0.8603841919146962,1,0.7643420795599619,1,inverted_controls,0
44,hpd,78,29.0,0.7439808620067382,1,0.8031155652013318,1,inverted_controls,0
44,hpd,79,31.0,0.6369088258938781,1,0.6150516130590951,1,inverted_controls,0
44,hpd,80,80.0,0.42650460709830135,1,0.7555842240651449,1,inverted_controls,0
44,hpd,81,117.0,0.23725980767521673,1,0.40525687997497384,1,inverted_controls,0
44,hpd,82,66.0,0.17043057265153258,1,0.3511531232583402,1,inverted_controls,0
44,hpd,83,83.0,0.11242507996344034,1,0.29784612770540175,1,inverted_controls,0
44,hpd,84,74.0,0.07758382377679894,1,0.2559552944458283,1,inverted_controls,0
44,hpd,85,269.0,0.020145585821044927,1,0.5693982386086806,1,inverted_controls,0
44,hpd,86,266.0,0.01,1,0.5765143187721271,1,inverted_controls,0
44,hpd,87,329.0,0.01,1,0.6382528573667146,1,inverted_controls,0
44,hpd,88,500.0,0.01,1,0.400214227437973,1,inverted_controls,0
44,hpd,89,252.0,0.01,1,0.25832383924967084,1,inverted_controls,0
44,hpd,90,214.0,0.01,1,0.24888603718852698,1,inverted_controls,0
44,hpd,91,224.0,0.01,1,0.3077711896261289,1,inverted_controls,0
44,hpd,92,229.0,0.01,1,0.2769557563411791,1,inverted_controls,0
44,hpd,93,264.0,0.01,1,0.3005875797584804,1,inverted_controls,0
44,hpd,94,357.0,0.01,1,0.20345625375248805,1,inverted_controls,0
44,hpd,95,237.0,0.01,1,0.22719650869631064,1,inverted_controls,0
44,hpd,96,316.0,0.01,1,0.3090647718071434,1,inverted_controls,0
44,hpd,97,204.0,0.01,1,0.24898004638992885,1,inverted_controls,0
44,hpd,98,282.0,0.01,1,0.19553545765561134,1,inverted_controls,0
44,hpd,99,285.0,0.01,1,0.22641314513850624,1,inverted_controls,0
44,hpd,100,255.0,0.01,1,0.27712651165871843,1,inverted_controls,0
44,hpd,101,246.0,0.01,1,0.24878786144863949,1,inverted_controls,0
44,hpd,102,223.0,0.01,1,0.2992419658398593,1,inverted_controls,0
44,hpd,103,218.0,0.01,1,0.3478978766578417,1,inverted_controls,0
44,hpd,104,246.0,0.01,1,0.40429347898901963,1,inverted_controls,0
44,hpd,105,307.0,0.01,1,0.32052743680831797,1,inverted_controls,0
44,hpd,106,378.0,0.01,1,0.35711988696345576,1,inverted_controls,0
44,hpd,107,397.0,0.01,1,0.2630595188497196,1,inverted_controls,0
44,hpd,108,278.0,0.01,1,0.343669851620992,1,inverted_controls,0
44,hpd,109,319.0,0.01,1,0.3341090143536575,1,inverted_controls,0
44,hpd,110,243.0,0.01,1,0.29251473299923914,1,inverted_controls,0
44,hpd,111,209.0,0.01,1,0.2605926256620903,1,inverted_controls,0
44,hpd,112,192.0,0.01,1,0.23228673093641797,1,inverted_controls,0
44,hpd,113,216.0,0.01,1,0.2204074614715797,1,inverted_controls,0
44,hpd,114,235.0,0.01,1,0.20522411317690042,1,inverted_controls,0
44,hpd,115,214.0,0.01,1,0.1619895155370421,1,inverted_controls,0
44,hpd,116,203.0,0.01,1,0.1908455152180786,1,inverted_controls,0
44,hpd,117,185.0,0.01,1,0.18324694837535824,1,inverted_controls,0
44,hpd,118,179.0,0.01,1,0.3169250180823399,1,inverted_controls,0
44,hpd,119,253.0,0.01,1,0.15502754525233634,1,inverted_controls,0
44,hpd,120,234.0,0.01,1,0.16071109486441326,1,inverted_controls,0
44,hpd,121,288.0,0.01,1,0.22051983850973622,1,inverted_controls,0
44,hpd,122,208.0,0.01,1,0.20628933608531952,1,inverted_controls,0
44,hpd,123,216.0,0.01,1,0.21398198862134674,1,inverted_controls,0
44,hpd,124,257.0,0.01,1,0.2334218496787718,1,inverted_controls,0
44,hpd,125,158.0,0.0,0,0.8617999978709323,1,inverted_controls,1
44,hpd,126,160.0,0.0,0,0.8613797470927238,1,inverted_controls,1
44,hpd,127,151.0,0.0,0,0.8564850310352992,1,inverted_controls,1
44,hpd,128,168.0,0.0,0,0.8500295950779838,1,inverted_controls,1
44,hpd,129,181.0,0.0,0,0.8647304371575624,1,inverted_controls,1
44,hpd,130,165.0,0.0,0,0.8647129492326217,1,inverted_controls,1
44,hpd,131,165.0,0.0,0,0.8605347228772713,1,inverted_controls,1
44,hpd,132,160.0,0.0,0,0.8260113169749577,1,inverted_controls,1
44,hpd,133,157.0,0.0,0,0.8433467660993023,1,inverted_controls,1
44,hpd,134,172.0,0.0,0,0.8526340459668359,1,inverted_controls,1
44,hpd,135,156.0,0.0,0,0.8340100696963123,1,inverted_controls,1
44,hpd,136,175.0,0.0,0,0.8604828294118244,1,inverted_controls,1
44,hpd,137,182.0,0.0,0,0.851834257662078,1,inverted_controls,1
44,hpd,138,163.0,0.0,0,0.8597506896606008,1,inverted_controls,1
44,hpd,139,169.0,0.0,0,0.839840688649014,1,inverted_controls,1
44,hpd,140,158.0,0.0,0,0.8285025234966841,1,inverted_controls,1
44,hpd,141,174.0,0.0,0,0.8440023352359903,1,inverted_controls,1
44,hpd,142,166.0,0.0,0,0.8821653869736148,1,inverted_controls,1
44,hpd,143,185.0,0.0,0,0.8443023924355033,1,inverted_controls,1
44,hpd,144,178.0,0.0,0,0.8848826389634208,1,inverted_controls,1
44,hpd,145,168.0,0.0,0,0.8579244012870485,1,inverted_controls,1
44,hpd,146,164.0,0.0,0,0.8383371282399185,1,inverted_controls,1
44,hpd,147,160.0,0.0,0,0.890476840486129,1,inverted_controls,1
44,hpd,148,176.0,0.0,0,0.8422166014259512,1,inverted_controls,1
44,hpd,149,155.0,0.0,0,0.8418436522124916,1,inverted_controls,1
45,vanilla,0,14.0,1.0,0,1.0775813879001708,0,inverted_controls,0
45,vanilla,1,15.0,1.0,0,1.1744594785902234,0,inverted_controls,0
45,vanilla,2,16.0,1.0,0,1.0617239512503147,0,inverted_controls,0
45,vanilla,3,38.0,0.9046104802746175,0,0.8448915042375263,0,inverted_controls,0
45,vanilla,4,16.0,0.8348931673187264,0,0.09985275069872537,0,inverted_controls,0
45,vanilla,5,41.0,0.6797938283326578,0,0.09166787310344417,0,inverted_controls,0
45,vanilla,6,17.0,0.6242658676435396,0,0.030112364712883446,0,inverted_controls,0
45,vanilla,7,16.0,0.5761543988830038,0,0.017794926961263023,0,inverted_controls,0
45,vanilla,8,18.0,0.5264466124450268,0,0.01892087636170564,0,inverted_controls,0
45,vanilla,9,13.0,0.4932355662165453,0,0.023285651818299908,0,inverted_controls,0
45,vanilla,10,8.0,0.4738479773082268,0,0.025716895858446758,0,inverted_controls,0
45,vanilla,11,16.0,0.43732904629000013,0,0.5744425803422928,0,inverted_controls,0
45,vanilla,12,10.0,0.4159480862733536,0,0.3245624383290609,0,inverted_controls,0
45,vanilla,13,14.0,0.3877593341372176,0,0.151517805599031,0,inverted_controls,0
45,vanilla,14,14.0,0.3614809303671764,0,0.19163879610243298,0,inverted_controls,0
45,vanilla,15,14.0,0.33698341088258443,0,0.1479589059239342,0,inverted_controls,0
45,vanilla,16,11.0,0.31890579420988907,0,0.16138338320183032,0,inverted_controls,0
45,vanilla,17,12.0,0.30028896908517405,0,0.16590792271826002,0,inverted_controls,0
45,vanilla,18,22.0,0.2689348941735696,0,0.15404774022824838,0,inverted_controls,0
45,vanilla,19,10.0,0.25578670228422234,0,0.1691747506459554,0,inverted_controls,0
45,vanilla,20,11.0,0.24206491716205145,0,0.20425009727478027,0,inverted_controls,0
45,vanilla,21,9.0,0.231387331601191,0,0.6097081325672291,0,inverted_controls,0
45,vanilla,22,8.0,0.22229219984074702,0,0.47896673281987506,0,inverted_controls,0
45,vanilla,23,12.0,0.20931540516921554,0,0.3447041246626112,0,inverted_controls,0
45,vanilla,24,16.0,0.19318370215794672,0,0.23444995284080505,0,inverted_controls,0
45,vanilla,25,15.0,0.17919120740315364,0,0.18130791452195907,0,inverted_controls,0
45,vanilla,26,10.0,0.17043057265153258,0,0.3282881339391073,0,inverted_controls,0
45,vanilla,27,15.0,0.1580861105294992,0,0.19714253213670518,0,inverted_controls,0
45,vanilla,28,15.0,0.14663577052834775,0,0.19447489844428167,0,inverted_controls,0
45,vanilla,29,11.0,0.138769433003975,0,0.23677954529270984,0,inverted_controls,0
45,vanilla,30,16.0,0.12807462877562611,0,0.2263009746869405,0,inverted_controls,0
45,vanilla,31,18.0,0.11702497557911415,0,0.4950025655605175,0,inverted_controls,0
45,vanilla,32,38.0,0.09672876157528969,0,0.1621177531125253,0,inverted_controls,0
45,vanilla,33,27.0,0.08448484422350626,0,0.2178078904563998,0,inverted_controls,0
45,vanilla,34,16.0,0.07797369223798889,0,0.3280603537956873,0,inverted_controls,0
45,vanilla,35,43.0,0.06285510723190912,0,0.11019304556440014,0,inverted_controls,0
45,vanilla,36,29.0,0.0543512971290831,0,0.15867963330499057,0,inverted_controls,0
45,vanilla,37,36.0,0.04537752660798141,0,0.16709831025865343,0,inverted_controls,0
45,vanilla,38,17.0,0.041670929977297724,0,0.2781502873289819,0,inverted_controls,0
45,vanilla,39,17.0,0.03826710124979409,0,0.2823047170452043,0,inverted_controls,0
45,vanilla,40,26.0,0.03359121130473201,0,0.12680432735345304,0,inverted_controls,0
45,vanilla,41,16.0,0.03100237440513238,0,0.5360200305779775,0,inverted_controls,0
45,vanilla,42,54.0,0.023650553933395897,0,0.2028663070113571,0,inverted_controls,0
45,vanilla,43,39.0,0.019450979052291272,0,0.2643260955810547,0,inverted_controls,0
45,vanilla,44,27.0,0.016988875991640028,0,0.23318240377638075,0,inverted_controls,0
45,vanilla,45,46.0,0.013490447637165436,0,0.25123269316078956,0,inverted_controls,0
45,vanilla,46,391.0,0.01,0,0.10786706712239844,0,inverted_controls,0
45,vanilla,47,271.0,0.01,0,0.09091445470061542,0,inverted_controls,0
45,vanilla,48,80.0,0.01,0,0.13121459633111954,0,inverted_controls,0
45,vanilla,49,141.0,0.01,0,0.09545071398394608,0,inverted_controls,0
45,vanilla,50,95.0,0.01,0,0.09883565149809184,0,inverted_controls,0
45,vanilla,51,254.0,0.01,0,0.1167615860153058,0,inverted_controls,0
45,vanilla,52,224.0,0.01,0,0.09549603859583536,0,inverted_controls,0
45,vanilla,53,184.0,0.01,0,0.08334901799326358,0,inverted_controls,0
45,vanilla,54,307.0,0.01,0,0.0999098785795943,0,inverted_controls,0
45,vanilla,55,237.0,0.01,0,0.07644901061024512,0,inverted_controls,0
45,vanilla,56,460.0,0.01,0,0.0577639973681906,0,inverted_controls,0
45,vanilla,57,226.0,0.01,0,0.07587222574734759,0,inverted_controls,0
45,vanilla,58,253.0,0.01,0,0.08599996943718831,0,inverted_controls,0
45,vanilla,59,217.0,0.01,0,0.08187556010420605,0,inverted_controls,0
45,vanilla,60,254.0,0.01,0,0.0786832536612283,0,inverted_controls,0
45,vanilla,61,273.0,0.01,0,0.12775952708299051,0,inverted_controls,0
45,vanilla,62,323.0,0.01,0,0.07318928760886807,0,inverted_controls,0
45,vanilla,63,293.0,0.01,0,0.08540309302771594,0,inverted_controls,0
45,vanilla,64,333.0,0.01,0,0.07638923685113946,0,inverted_controls,0
45,vanilla,65,322.0,0.01,0,0.0827612751018927,0,inverted_controls,0
45,vanilla,66,248.0,0.01,0,0.10181736561559862,0,inverted_controls,0
45,vanilla,67,194.0,0.01,0,0.09122584980378035,0,inverted_controls,0
45,vanilla,68,400.0,0.01,0,0.07398501897851625,0,inverted_controls,0
45,vanilla,69,254.0,0.01,0,0.07122286113854157,0,inverted_controls,0
45,vanilla,70,248.0,0.01,0,0.08304150706978256,0,inverted_controls,0
45,vanilla,71,254.0,0.01,0,0.12236231706273835,0,inverted_controls,0
45,vanilla,72,214.0,0.01,0,0.10742276257072284,0,inverted_controls,0
45,vanilla,73,241.0,0.01,0,0.11176912352587012,0,inverted_controls,0
45,vanilla,74,219.0,0.01,0,0.09408900001096217,0,inverted_controls,0
45,vanilla,75,15.0,1.0,0,0.6039656904008653,1,inverted_controls,0
45,vanilla,76,14.0,1.0,0,0.5534781104042417,1,inverted_controls,0
45,vanilla,77,16.0,1.0,0,0.9585967858632405,1,inverted_controls,0
45,vanilla,78,17.0,1.0,0,0.4955367329073888,1,inverted_controls,0
45,vanilla,79,16.0,0.9275689688183278,0,0.30450311799844104,1,inverted_controls,0
45,vanilla,80,11.0,0.8778091417340573,0,0.34189957922155206,1,inverted_controls,0
45,vanilla,81,15.0,0.8142285204175609,0,0.46732398668924974,1,inverted_controls,0
45,vanilla,82,35.0,0.6832098777212641,0,0.3321431704929897,1,inverted_controls,0
45,vanilla,83,34.0,0.5761543988830038,0,0.3812665366658978,1,inverted_controls,0
45,vanilla,84,58.0,0.43080185560799106,0,0.3543087956549108,1,inverted_controls,0
45,vanilla,85,65.0,0.31101247816653554,0,0.9984630113992936,1,inverted_controls,0
45,vanilla,86,173.0,0.13066846301911936,0,0.28116021404376607,1,inverted_controls,0
45,vanilla,87,245.0,0.03826710124979409,0,0.2734580740636709,1,inverted_controls,0
45,vanilla,88,157.0,0.017420043796269234,0,0.23867849989808032,1,inverted_controls,0
45,vanilla,89,279.0,0.01,0,0.46111078928875665,1,inverted_controls,0
45,vanilla,90,247.0,0.01,0,0.3018985927185388,1,inverted_controls,0
45,vanilla,91,159.0,0.01,0,0.2291897817727655,1,inverted_controls,0
45,vanilla,92,176.0,0.01,0,0.13888711911259274,1,inverted_controls,0
45,vanilla,93,168.0,0.01,0,0.16323505554880416,1,inverted_controls,0
45,vanilla,94,270.0,0.01,0,0.11321863274515412,1,inverted_controls,0
45,vanilla,95,201.0,0.01,0,0.13973184644088618,1,inverted_controls,0
45,vanilla,96,204.0,0.01,0,0.1282586112521053,1,inverted_controls,0
45,vanilla,97,247.0,0.01,0,0.11823428111520375,1,inverted_controls,0
45,vanilla,98,346.0,0.01,0,0.11034420345100593,1,inverted_controls,0
45,vanilla,99,229.0,0.01,0,0.09797297572117877,1,inverted_controls,0
45,vanilla,100,189.0,0.01,0,0.14391516629980985,1,inverted_controls,0
45,vanilla,101,310.0,0.01,0,0.15583046482455346,1,inverted_controls,0
45,vanilla,102,359.0,0.01,0,0.1287154903429575,1,inverted_controls,0
45,vanilla,103,264.0,0.01,0,0.16212152772479588,1,inverted_controls,0
45,vanilla,104,324.0,0.01,0,0.13466927298793085,1,inverted_controls,0
45,vanilla,105,308.0,0.01,0,0.15218798422710206,1,inverted_controls,0
45,vanilla,106,307.0,0.01,0,0.10830652351358686,1,inverted_controls,0
45,vanilla,107,284.0,0.01,0,0.12184615342270043,1,inverted_controls,0
45,vanilla,108,320.0,0.01,0,0.14342681715885797,1,inverted_controls,0
45,vanilla,109,338.0,0.01,0,0.15352405410781647,1,inverted_controls,0
45,vanilla,110,419.0,0.01,0,0.11673766237075307,1,inverted_controls,0
45,vanilla,111,286.0,0.01,0,0.1531172876869326,1,inverted_controls,0
45,vanilla,112,313.0,0.01,0,0.1239002164814292,1,inverted_controls,0
45,vanilla,113,265.0,0.01,0,0.1189107984866736,1,inverted_controls,0
45,vanilla,114,264.0,0.01,0,0.12622195422047314,1,inverted_controls,0
45,vanilla,115,252.0,0.01,0,0.17041473161606563,1,inverted_controls,0
45,vanilla,116,241.0,0.01,0,0.1477039958431513,1,inverted_controls,0
45,vanilla,117,263.0,0.01,0,0.13298094922296602,1,inverted_controls,0
45,vanilla,118,231.0,0.01,0,0.17125874817973433,1,inverted_controls,0
45,vanilla,119,228.0,0.01,0,0.1439853348927191,1,inverted_controls,0
45,vanilla,120,245.0,0.01,0,0.1373353990567785,1,inverted_controls,0
45,vanilla,121,218.0,0.01,0,0.15464433763369873,1,inverted_controls,0
45,vanilla,122,218.0,0.01,0,0.13781091634651207,1,inverted_controls,0
45,vanilla,123,201.0,0.01,0,0.14689657660463754,1,inverted_controls,0
45,vanilla,124,232.0,0.01,0,0.12779951095581055,1,inverted_controls,0
45,vanilla,125,221.0,0.0,0,0.21329612861391645,1,inverted_controls,1
45,vanilla,126,218.0,0.0,0,0.21318948524078463,1,inverted_controls,1
45,vanilla,127,230.0,0.0,0,0.20555264500604162,1,inverted_controls,1
45,vanilla,128,210.0,0.0,0,0.22342974496266196,1,inverted_controls,1
45,vanilla,129,209.0,0.0,0,0.22350296221281352,1,inverted_controls,1
45,vanilla,130,224.0,0.0,0,0.21666343935898372,1,inverted_controls,1
45,vanilla,131,208.0,0.0,0,0.8606419700842637,1,inverted_controls,1
45,vanilla,132,227.0,0.0,0,0.8625065065515549,1,inverted_controls,1
45,vanilla,133,221.0,0.0,0,0.8642782244387434,1,inverted_controls,1
45,vanilla,134,218.0,0.0,0,0.8602195609964726,1,inverted_controls,1
45,vanilla,135,228.0,0.0,0,0.8589465841215256,1,inverted_controls,1
45,vanilla,136,225.0,0.0,0,0.8620592731899686,1,inverted_controls,1
45,vanilla,137,231.0,0.0,0,0.865131493770715,1,inverted_controls,1
45,vanilla,138,220.0,0.0,0,0.8631737918564767,1,inverted_controls,1
45,vanilla,139,226.0,0.0,0,0.8603528614944412,1,inverted_controls,1
45,vanilla,140,221.0,0.0,0,0.8586882947976414,1,inverted_controls,1
45,vanilla,141,227.0,0.0,0,0.8607963500393997,1,inverted_controls,1
45,vanilla,142,225.0,0.0,0,0.8593564104150841,1,inverted_controls,1
45,vanilla,143,222.0,0.0,0,0.8595434029897053,1,inverted_controls,1
45,vanilla,144,230.0,0.0,0,0.8612967974897745,1,inverted_controls,1
45,vanilla,145,233.0,0.0,0,0.8600964457521453,1,inverted_controls,1
45,vanilla,146,209.0,0.0,0,0.8628680725036816,1,inverted_controls,1
45,vanilla,147,213.0,0.0,0,0.8656942303378445,1,inverted_controls,1
45,vanilla,148,219.0,0.0,0,0.8654878934224447,1,inverted_controls,1
45,vanilla,149,211.0,0.0,0,0.862489108979043,1,inverted_controls,1
45,hpd,0,14.0,1.0,0,1.0775813879001708,0,inverted_controls,0
45,hpd,1,15.0,1.0,0,1.1744594785902234,0,inverted_controls,0
45,hpd,2,16.0,1.0,0,1.0617239512503147,0,inverted_controls,0
45,hpd,3,38.0,0.9046104802746175,0,0.8448915042375263,0,inverted_controls,0
45,hpd,4,16.0,0.8348931673187264,0,0.09985275069872537,0,inverted_controls,0
45,hpd,5,41.0,0.6797938283326578,0,0.09166787310344417,0,inverted_controls,0
45,hpd,6,17.0,0.6242658676435396,0,0.030112364712883446,0,inverted_controls,0
45,hpd,7,16.0,0.5761543988830038,0,0.017794926961263023,0,inverted_controls,0
45,hpd,8,18.0,0.5264466124450268,0,0.01892087636170564,0,inverted_controls,0
45,hpd,9,13.0,0.4932355662165453,0,0.023285651818299908,0,inverted_controls,0
45,hpd,10,8.0,0.4738479773082268,0,0.025716895858446758,0,inverted_controls,0
45,hpd,11,16.0,0.43732904629000013,0,0.5744425803422928,0,inverted_controls,0
45,hpd,12,10.0,0.4159480862733536,0,0.3245624383290609,0,inverted_controls,0
45,hpd,13,14.0,0.3877593341372176,0,0.151517805599031,0,inverted_controls,0
45,hpd,14,14.0,0.3614809303671764,0,0.19163879610243298,0,inverted_controls,0
45,hpd,15,14.0,0.33698341088258443,0,0.1479589059239342,0,inverted_controls,0
45,hpd,16,11.0,0.31890579420988907,0,0.16138338320183032,0,inverted_controls,0
45,hpd,17,12.0,0.30028896908517405,0,0.16590792271826002,0,inverted_controls,0
45,hpd,18,22.0,0.2689348941735696,0,0.15404774022824838,0,inverted_controls,0
45,hpd,19,10.0,0.25578670228422234,0,0.1691747506459554,0,inverted_controls,0
45,hpd,20,11.0,0.24206491716205145,0,0.20425009727478027,0,inverted_controls,0
45,hpd,21,9.0,0.231387331601191,0,0.6097081325672291,0,inverted_controls,0
45,hpd,22,8.0,0.22229219984074702,0,0.47896673281987506,0,inverted_controls,0
45,hpd,23,12.0,0.20931540516921554,0,0.3447041246626112,0,inverted_controls,0
45,hpd,24,16.0,0.19318370215794672,0,0.23444995284080505,0,inverted_controls,0
45,hpd,25,15.0,0.17919120740315364,0,0.18130791452195907,0,inverted_controls,0
45,hpd,26,10.0,0.17043057265153258,0,0.3282881339391073,0,inverted_controls,0
45,hpd,27,15.0,0.1580861105294992,0,0.19714253213670518,0,inverted_controls,0
45,hpd,28,15.0,0.14663577052834775,0,0.19447489844428167,0,inverted_controls,0
45,hpd,29,11.0,0.138769433003975,0,0.23677954529270984,0,inverted_controls,0
45,hpd,30,16.0,0.12807462877562611,0,0.2263009746869405,0,inverted_controls,0
45,hpd,31,18.0,0.11702497557911415,0,0.4950025655605175,0,inverted_controls,0
45,hpd,32,38.0,0.09672876157528969,0,0.1621177531125253,0,inverted_controls,0
45,hpd,33,27.0,0.08448484422350626,0,0.2178078904563998,0,inverted_controls,0
45,hpd,34,16.0,0.07797369223798889,0,0.3280603537956873,0,inverted_controls,0
45,hpd,35,43.0,0.06285510723190912,0,0.11019304556440014,0,inverted_controls,0
45,hpd,36,29.0,0.0543512971290831,0,0.15867963330499057,0,inverted_controls,0
45,hpd,37,36.0,0.04537752660798141,0,0.16709831025865343,0,inverted_controls,0
45,hpd,38,17.0,0.041670929977297724,0,0.2781502873289819,0,inverted_controls,0
45,hpd,39,17.0,0.03826710124979409,0,0.2823047170452043,0,inverted_controls,0
45,hpd,40,26.0,0.03359121130473201,0,0.12680432735345304,0,inverted_controls,0
45,hpd,41,16.0,0.03100237440513238,0,0.5360200305779775,0,inverted_controls,0
45,hpd,42,54.0,0.023650553933395897,0,0.2028663070113571,0,inverted_controls,0
45,hpd,43,39.0,0.019450979052291272,0,0.2643260955810547,0,inverted_controls,0
45,hpd,44,27.0,0.016988875991640028,0,0.23318240377638075,0,inverted_controls,0
45,hpd,45,46.0,0.013490447637165436,0,0.25123269316078956,0,inverted_controls,0
45,hpd,46,391.0,0.01,0,0.10786706712239844,0,inverted_controls,0
45,hpd,47,271.0,0.01,0,0.09091445470061542,0,inverted_controls,0
45,hpd,48,80.0,0.01,0,0.13121459633111954,0,inverted_controls,0
45,hpd,49,141.0,0.01,0,0.09545071398394608,0,inverted_controls,0
45,hpd,50,95.0,0.01,0,0.09883565149809184,0,inverted_controls,0
45,hpd,51,254.0,0.01,0,0.1167615860153058,0,inverted_controls,0
45,hpd,52,224.0,0.01,0,0.09549603859583536,0,inverted_controls,0
45,hpd,53,184.0,0.01,0,0.08334901799326358,0,inverted_controls,0
45,hpd,54,307.0,0.01,0,0.0999098785795943,0,inverted_controls,0
45,hpd,55,237.0,0.01,0,0.07644901061024512,0,inverted_controls,0
45,hpd,56,460.0,0.01,0,0.0577639973681906,0,inverted_controls,0
45,hpd,57,226.0,0.01,0,0.07587222574734759,0,inverted_controls,0
45,hpd,58,253.0,0.01,0,0.08599996943718831,0,inverted_controls,0
45,hpd,59,217.0,0.01,0,0.08187556010420605,0,inverted_controls,0
45,hpd,60,254.0,0.01,0,0.0786832536612283,0,inverted_controls,0
45,hpd,61,273.0,0.01,0,0.12775952708299051,0,inverted_controls,0
45,hpd,62,323.0,0.01,0,0.07318928760886807,0,inverted_controls,0
45,hpd,63,293.0,0.01,0,0.08540309302771594,0,inverted_controls,0
45,hpd,64,333.0,0.01,0,0.07638923685113946,0,inverted_controls,0
45,hpd,65,322.0,0.01,0,0.0827612751018927,0,inverted_controls,0
45,hpd,66,248.0,0.01,0,0.10181736561559862,0,inverted_controls,0
45,hpd,67,194.0,0.01,0,0.09122584980378035,0,inverted_controls,0
45,hpd,68,400.0,0.01,0,0.07398501897851625,0,inverted_controls,0
45,hpd,69,254.0,0.01,0,0.07122286113854157,0,inverted_controls,0
45,hpd,70,248.0,0.01,0,0.08304150706978256,0,inverted_controls,0
45,hpd,71,254.0,0.01,0,0.12236231706273835,0,inverted_controls,0
45,hpd,72,214.0,0.01,0,0.10742276257072284,0,inverted_controls,0
45,hpd,73,241.0,0.01,0,0.11176912352587012,0,inverted_controls,0
45,hpd,74,219.0,0.01,0,0.09408900001096217,0,inverted_controls,0
45,hpd,75,15.0,1.0,1,0.8597777737511529,1,inverted_controls,0
45,hpd,76,47.0,1.0,1,1.4821841919675787,1,inverted_controls,0
45,hpd,77,45.0,0.8020760579717637,1,0.7032246377733019,1,inverted_controls,0
45,hpd,78,41.0,0.653073201944699,1,0.756492692280591,1,inverted_controls,0
45,hpd,79,12.0,0.6149486215357263,1,1.2255725065867105,1,inverted_controls,0
45,hpd,80,38.0,0.5082950737585841,1,0.7814823870073286,1,inverted_controls,0
45,hpd,81,25.0,0.4484282034609769,1,0.649674498240153,1,inverted_controls,0
45,hpd,82,28.0,0.3897078735047413,1,0.5065307276589529,1,inverted_controls,0
45,hpd,83,53.0,0.2987875242397482,1,0.45899343640549367,1,inverted_controls,0
45,hpd,84,49.0,0.23371867538818816,1,0.4068736867839787,1,inverted_controls,0
45,hpd,85,44.0,0.18746015382974018,1,0.44614430449225684,1,inverted_controls,0
45,hpd,86,44.0,0.15035730121053842,1,0.33498533024932403,1,inverted_controls,0
45,hpd,87,39.0,0.12365869841532712,1,0.3689303173978104,1,inverted_controls,0
45,hpd,88,31.0,0.10586201936274783,1,0.439423571350754,1,inverted_controls,0
45,hpd,89,43.0,0.08533607153708872,1,0.5089447110198265,1,inverted_controls,0
45,hpd,90,43.0,0.06878996970981359,1,0.3407672911651375,1,inverted_controls,0
45,hpd,91,103.0,0.04104898613852031,1,0.44969680818539215,1,inverted_controls,0
45,hpd,92,354.0,0.01,1,0.2594864787691731,1,inverted_controls,0
45,hpd,93,296.0,0.01,1,0.3521469278042918,1,inverted_controls,0
45,hpd,94,172.0,0.01,1,0.2991531306458998,1,inverted_controls,0
45,hpd,95,216.0,0.01,1,0.4310819859857912,1,inverted_controls,0
45,hpd,96,286.0,0.01,1,0.2568712048319392,1,inverted_controls,0
45,hpd,97,204.0,0.01,1,0.17760565389994704,1,inverted_controls,0
45,hpd,98,178.0,0.01,1,0.2795614053247573,1,inverted_controls,0
45,hpd,99,154.0,0.01,1,0.29027380778159934,1,inverted_controls,0
45,hpd,100,173.0,0.01,1,0.25817416077174665,1,inverted_controls,0
45,hpd,101,183.0,0.01,1,0.31615020060582677,1,inverted_controls,0
45,hpd,102,173.0,0.01,1,0.19898085465550652,1,inverted_controls,0
45,hpd,103,172.0,0.01,1,0.27033205780872077,1,inverted_controls,0
45,hpd,104,187.0,0.01,1,0.1938814228656245,1,inverted_controls,0
45,hpd,105,188.0,0.01,1,0.23496304589805878,1,inverted_controls,0
45,hpd,106,210.0,0.01,1,0.20529789016360328,1,inverted_controls,0
45,hpd,107,183.0,0.01,1,0.26016159613492923,1,inverted_controls,0
45,hpd,108,197.0,0.01,1,0.1945910135098117,1,inverted_controls,0
45,hpd,109,204.0,0.01,1,0.20025671502343967,1,inverted_controls,0
45,hpd,110,236.0,0.01,1,0.19098965815231628,1,inverted_controls,0
45,hpd,111,299.0,0.01,1,0.26410353914684015,1,inverted_controls,0
45,hpd,112,136.0,0.01,1,0.35937795393607197,1,inverted_controls,0
45,hpd,113,254.0,0.01,1,0.20774636212296374,1,inverted_controls,0
45,hpd,114,226.0,0.01,1,0.2431338047910932,1,inverted_controls,0
45,hpd,115,215.0,0.01,1,0.22132674668186397,1,inverted_controls,0
45,hpd,116,226.0,0.01,1,0.20809144115729314,1,inverted_controls,0
45,hpd,117,239.0,0.01,1,0.21117102484656508,1,inverted_controls,0
45,hpd,118,205.0,0.01,1,0.21443714126338806,1,inverted_controls,0
45,hpd,119,219.0,0.01,1,0.2036270656179257,1,inverted_controls,0
45,hpd,120,206.0,0.01,1,0.22142245121372556,1,inverted_controls,0
45,hpd,121,301.0,0.01,1,0.2509415445401687,1,inverted_controls,0
45,hpd,122,214.0,0.01,1,0.5714690883954365,1,inverted_controls,0
45,hpd,123,365.0,0.01,1,0.264085669060276,1,inverted_controls,0
45,hpd,124,358.0,0.01,1,0.22904773264623887,1,inverted_controls,0
45,hpd,125,500.0,0.0,0,0.8756688302357991,1,inverted_controls,1
45,hpd,126,444.0,0.0,0,0.9441950167263591,1,inverted_controls,1
45,hpd,127,323.0,0.0,0,0.9685958260968252,1,inverted_controls,1
45,hpd,128,500.0,0.0,0,0.8712064304351806,1,inverted_controls,1
45,hpd,129,500.0,0.0,0,0.8691610603332519,1,inverted_controls,1
45,hpd,130,332.0,0.0,0,0.9199582850597948,1,inverted_controls,1
45,hpd,131,500.0,0.0,0,0.8666159818172455,1,inverted_controls,1
45,hpd,132,500.0,0.0,0,0.8679165903727213,1,inverted_controls,1
45,hpd,133,307.0,0.0,0,0.8550182302663432,1,inverted_controls,1
45,hpd,134,446.0,0.0,0,0.9059837031970287,1,inverted_controls,1
45,hpd,135,500.0,0.0,0,0.8762998962402344,1,inverted_controls,1
45,hpd,136,500.0,0.0,0,0.8696306972503662,1,inverted_controls,1
45,hpd,137,500.0,0.0,0,0.869917137781779,1,inverted_controls,1
45,hpd,138,135.0,0.0,0,0.8305357450320396,1,inverted_controls,1
45,hpd,139,500.0,0.0,0,0.8680662519137065,1,inverted_controls,1
45,hpd,140,256.0,0.0,0,0.9430538316567738,1,inverted_controls,1
45,hpd,141,154.0,0.0,0,0.8592304497054128,1,inverted_controls,1
45,hpd,142,188.0,0.0,0,0.9392270014641133,1,inverted_controls,1
45,hpd,143,453.0,0.0,0,0.9038787253031053,1,inverted_controls,1
45,hpd,144,500.0,0.0,0,0.8714430532455444,1,inverted_controls,1
45,hpd,145,248.0,0.0,0,0.9116883720121076,1,inverted_controls,1
45,hpd,146,327.0,0.0,0,0.9457366604445298,1,inverted_controls,1
45,hpd,147,230.0,0.0,0,0.9101620256036952,1,inverted_controls,1
45,hpd,148,500.0,0.0,0,0.8765141251881916,1,inverted_controls,1
45,hpd,149,500.0,0.0,0,0.8833587203025818,1,inverted_controls,1
46,vanilla,0,11.0,1.0,0,1.0068195444164856,0,inverted_controls,0
46,vanilla,1,19.0,1.0,0,1.1296894090217457,0,inverted_controls,0
46,vanilla,2,42.0,0.9558895783575597,0,1.0376737382676866,0,inverted_controls,0
46,vanilla,3,24.0,0.8475428503023453,0,0.30323925117651623,0,inverted_controls,0
46,vanilla,4,69.0,0.5997278763867329,0,0.07340009316154149,0,inverted_controls,0
46,vanilla,5,15.0,0.5562889678716474,0,0.05284388860066732,0,inverted_controls,0
46,vanilla,6,14.0,0.5185893309484582,0,0.05743415298916044,0,inverted_controls,0
46,vanilla,7,12.0,0.4883155414435353,0,0.05809889568222893,0,inverted_controls,0
46,vanilla,8,9.0,0.46677573701590436,0,0.08200970843986227,0,inverted_controls,0
46,vanilla,9,11.0,0.4417353564707963,0,0.05319391055540605,0,inverted_controls,0
46,vanilla,10,11.0,0.4180382776616619,0,0.04398235046502315,0,inverted_controls,0
46,vanilla,11,11.0,0.39561243860243744,0,0.6843816150318492,0,inverted_controls,0
46,vanilla,12,23.0,0.35253382661792404,0,0.23301100730896,0,inverted_controls,0
46,vanilla,13,36.0,0.2943280830920294,0,0.10760235565680044,0,inverted_controls,0
46,vanilla,14,15.0,0.2730095965279488,0,0.1402984645631578,0,inverted_controls,0
46,vanilla,15,18.0,0.2494556624678441,0,0.09955897154631438,0,inverted_controls,0
46,vanilla,16,11.0,0.23607350863684065,0,0.20417371663180264,0,inverted_controls,0
46,vanilla,17,14.0,0.22007483514733558,0,0.12053012280237108,0,inverted_controls,0
46,vanilla,18,11.0,0.20826882814336947,0,0.10150094827016196,0,inverted_controls,0
46,vanilla,19,10.0,0.19808659230739353,0,0.1665604472160339,0,inverted_controls,0
46,vanilla,20,10.0,0.18840216465300522,0,0.19263112545013428,0,inverted_controls,0
46,vanilla,21,10.0,0.17919120740315364,0,0.6381689071655273,0,inverted_controls,0
46,vanilla,22,23.0,0.15967890763313974,0,0.2480881559676019,0,inverted_controls,0
46,vanilla,23,24.0,0.14157986400593744,0,0.13827092945575714,0,inverted_controls,0
46,vanilla,24,9.0,0.1353347165085562,0,0.19383718790831392,0,inverted_controls,0
46,vanilla,25,13.0,0.12679708435358925,0,0.18537105658115482,0,inverted_controls,0
46,vanilla,26,13.0,0.11879805134519765,0,0.14244694587511897,0,inverted_controls,0
46,vanilla,27,14.0,0.11074712159185099,0,0.16207333121980935,0,inverted_controls,0
46,vanilla,28,9.0,0.10586201936274783,0,0.19243309232923717,0,inverted_controls,0
46,vanilla,29,9.0,0.10119240105273684,0,0.2317408897258617,0,inverted_controls,0
46,vanilla,30,15.0,0.09386293109673778,0,0.13658086723751495,0,inverted_controls,0
46,vanilla,31,10.0,0.089273984641318,0,0.5607912500699361,0,inverted_controls,0
46,vanilla,32,31.0,0.07642587550895225,0,0.19257816576188613,0,inverted_controls,0
46,vanilla,33,60.0,0.056575091797066025,0,0.08051246537102594,0,inverted_controls,0
46,vanilla,34,75.0,0.03884689602888724,0,0.08579861852857802,0,inverted_controls,0
46,vanilla,35,60.0,0.028756840457888354,0,0.11271704832712809,0,inverted_controls,0
46,vanilla,36,111.0,0.016485538227150154,0,0.07825058072178931,0,inverted_controls,0
46,vanilla,37,45.0,0.013156542237201536,0,0.12324388998526113,0,inverted_controls,0
46,vanilla,38,31.0,0.011263082556340478,0,0.15750772978669852,0,inverted_controls,0
46,vanilla,39,60.0,0.01,0,0.1036053525076972,0,inverted_controls,0
46,vanilla,40,17.0,0.01,0,0.26399211790047444,0,inverted_controls,0
46,vanilla,41,51.0,0.01,0,0.24444376876930782,0,inverted_controls,0
46,vanilla,42,190.0,0.01,0,0.0956294348365382,0,inverted_controls,0
46,vanilla,43,65.0,0.01,0,0.16007922490437826,0,inverted_controls,0
46,vanilla,44,92.0,0.01,0,0.11631086425504822,0,inverted_controls,0
46,vanilla,45,17.0,0.01,0,0.34834733663820755,0,inverted_controls,0
46,vanilla,46,25.0,0.01,0,0.24361668904622394,0,inverted_controls,0
46,vanilla,47,9.0,0.01,0,0.517926604659469,0,inverted_controls,0
46,vanilla,48,13.0,0.01,0,0.4593953474974021,0,inverted_controls,0
46,vanilla,49,45.0,0.01,0,0.24099370638529455,0,inverted_controls,0
46,vanilla,50,40.0,0.01,0,0.11562793850898742,0,inverted_controls,0
46,vanilla,51,27.0,0.01,0,0.49048938280270427,0,inverted_controls,0
46,vanilla,52,17.0,0.01,0,0.46653318405151367,0,inverted_controls,0
46,vanilla,53,18.0,0.01,0,0.3880983811837655,0,inverted_controls,0
46,vanilla,54,18.0,0.01,0,0.43732462105927644,0,inverted_controls,0
46,vanilla,55,52.0,0.01,0,0.2585236995648115,0,inverted_controls,0
46,vanilla,56,78.0,0.01,0,0.23322575112693328,0,inverted_controls,0
46,vanilla,57,23.0,0.01,0,0.2408754410951034,0,inverted_controls,0
46,vanilla,58,181.0,0.01,0,0.10634802630373566,0,inverted_controls,0
46,vanilla,59,93.0,0.01,0,0.14033383536936989,0,inverted_controls,0
46,vanilla,60,123.0,0.01,0,0.12858203949967054,0,inverted_controls,0
46,vanilla,61,89.0,0.01,0,0.29249399878112564,0,inverted_controls,0
46,vanilla,62,82.0,0.01,0,0.20222445232112232,0,inverted_controls,0
46,vanilla,63,157.0,0.01,0,0.13377532533779266,0,inverted_controls,0
46,vanilla,64,113.0,0.01,0,0.16973364247684983,0,inverted_controls,0
46,vanilla,65,208.0,0.01,0,0.11679741434561902,0,inverted_controls,0
46,vanilla,66,231.0,0.01,0,0.11571474577613382,0,inverted_controls,0
46,vanilla,67,196.0,0.01,0,0.12068304926359734,0,inverted_controls,0
46,vanilla,68,122.0,0.01,0,0.11829824004668356,0,inverted_controls,0
46,vanilla,69,210.0,0.01,0,0.1270169833349803,0,inverted_controls,0
46,vanilla,70,140.0,0.01,0,0.1346349931898571,0,inverted_controls,0
46,vanilla,71,170.0,0.01,0,0.22755033923130408,0,inverted_controls,0
46,vanilla,72,215.0,0.01,0,0.14071887297223706,0,inverted_controls,0
46,vanilla,73,231.0,0.01,0,0.3179093068640298,0,inverted_controls,0
46,vanilla,74,370.0,0.01,0,0.15158631844563528,0,inverted_controls,0
46,vanilla,75,18.0,1.0,0,0.6000480762234441,1,inverted_controls,0
46,vanilla,76,37.0,1.0,0,0.48918024484101713,1,inverted_controls,0
46,vanilla,77,17.0,0.9558895783575597,0,0.6104402401868035,1,inverted_controls,0
46,vanilla,78,12.0,0.9000874278732445,0,0.9807522263791825,1,inverted_controls,0
46,vanilla,79,33.0,0.7628626641409962,0,0.2277123687243221,1,inverted_controls,0
46,vanilla,80,23.0,0.6797938283326578,0,0.37607562714728754,1,inverted_controls,0
46,vanilla,81,18.0,0.6211445383053219,0,0.8824678262074789,1,inverted_controls,0
46,vanilla,82,29.0,0.5371084840724134,0,0.6192959122274114,1,inverted_controls,0
46,vanilla,83,36.0,0.4484282034609769,0,0.3046541964566266,1,inverted_controls,0
46,vanilla,84,129.0,0.23489314109365644,0,0.28021962636508996,1,inverted_controls,0
46,vanilla,85,148.0,0.11186295456362313,0,0.2402572758025951,1,inverted_controls,0
46,vanilla,86,213.0,0.03845939824099909,0,0.220815294412007,1,inverted_controls,0
46,vanilla,87,223.0,0.012576201611761997,0,0.18048199730603684,1,inverted_controls,0
46,vanilla,88,216.0,0.01,0,0.13679160232897158,1,inverted_controls,0
46,vanilla,89,156.0,0.01,0,0.1879402302269243,1,inverted_controls,0
46,vanilla,90,303.0,0.01,0,0.13264995059295587,1,inverted_controls,0
46,vanilla,91,264.0,0.01,0,0.1444023766300895,1,inverted_controls,0
46,vanilla,92,264.0,0.01,0,0.1284726442712726,1,inverted_controls,0
46,vanilla,93,286.0,0.01,0,0.12067428224292392,1,inverted_controls,0
46,vanilla,94,335.0,0.01,0,0.1075379755959582,1,inverted_controls,0
46,vanilla,95,348.0,0.01,0,0.11242306323800506,1,inverted_controls,0
46,vanilla,96,226.0,0.01,0,0.3301640597768238,1,inverted_controls,0
46,vanilla,97,199.0,0.01,0,0.1672217829942304,1,inverted_controls,0
46,vanilla,98,405.0,0.01,0,0.11991514840734348,1,inverted_controls,0
46,vanilla,99,417.0,0.01,0,0.10828863878806622,1,inverted_controls,0
46,vanilla,100,404.0,0.01,0,0.10994796272945087,1,inverted_controls,0
46,vanilla,101,263.0,0.01,0,0.15365849762059589,1,inverted_controls,0
46,vanilla,102,286.0,0.01,0,0.11226517198246955,1,inverted_controls,0
46,vanilla,103,372.0,0.01,0,0.09085822244271582,1,inverted_controls,0
46,vanilla,104,307.0,0.01,0,0.10011679730120232,1,inverted_controls,0
46,vanilla,105,183.0,0.01,0,0.1013220292405787,1,inverted_controls,0
46,vanilla,106,221.0,0.01,0,0.09170332555497572,1,inverted_controls,0
46,vanilla,107,444.0,0.01,0,0.092598039556194,1,inverted_controls,0
46,vanilla,108,258.0,0.01,0,0.09043448223932153,1,inverted_controls,0
46,vanilla,109,295.0,0.01,0,0.10918600060845497,1,inverted_controls,0
46,vanilla,110,188.0,0.01,0,0.1499484339927105,1,inverted_controls,0
46,vanilla,111,284.0,0.01,0,0.11881777182431288,1,inverted_controls,0
46,vanilla,112,191.0,0.01,0,0.1110925216741379,1,inverted_controls,0
46,vanilla,113,365.0,0.01,0,0.07994951505094904,1,inverted_controls,0
46,vanilla,114,299.0,0.01,0,0.11272067901415704,1,inverted_controls,0
46,vanilla,115,221.0,0.01,0,0.14728925274867635,1,inverted_controls,0
46,vanilla,116,177.0,0.01,0,0.10486580378142679,1,inverted_controls,0
46,vanilla,117,341.0,0.01,0,0.0938424068928231,1,inverted_controls,0
46,vanilla,118,276.0,0.01,0,0.17701545228128848,1,inverted_controls,0
46,vanilla,119,287.0,0.01,0,0.10096100675381296,1,inverted_controls,0
46,vanilla,120,229.0,0.01,0,0.10145586442739161,1,inverted_controls,0
46,vanilla,121,350.0,0.01,0,0.11118408010119483,1,inverted_controls,0
46,vanilla,122,500.0,0.01,0,0.08842836284637451,1,inverted_controls,0
46,vanilla,123,334.0,0.01,0,0.10583686685847665,1,inverted_controls,0
46,vanilla,124,226.0,0.01,0,0.10202220724043945,1,inverted_controls,0
46,vanilla,125,429.0,0.0,0,0.0626413497984085,1,inverted_controls,1
46,vanilla,126,401.0,0.0,0,0.07503707430705564,1,inverted_controls,1
46,vanilla,127,195.0,0.0,0,0.08343897599440354,1,inverted_controls,1
46,vanilla,128,360.0,0.0,0,0.04739243564782319,1,inverted_controls,1
46,vanilla,129,318.0,0.0,0,0.05488746746031243,1,inverted_controls,1
46,vanilla,130,266.0,0.0,0,0.05669698978127692,1,inverted_controls,1
46,vanilla,131,477.0,0.0,0,0.8666962492640913,1,inverted_controls,1
46,vanilla,132,398.0,0.0,0,0.8740614323160756,1,inverted_controls,1
46,vanilla,133,500.0,0.0,0,0.8748064587910971,1,inverted_controls,1
46,vanilla,134,187.0,0.0,0,0.8352262332052685,1,inverted_controls,1
46,vanilla,135,226.0,0.0,0,0.8430599287196248,1,inverted_controls,1
46,vanilla,136,359.0,0.0,0,0.865033736357339,1,inverted_controls,1
46,vanilla,137,189.0,0.0,0,0.8532956361350138,1,inverted_controls,1
46,vanilla,138,342.0,0.0,0,0.8529798582515755,1,inverted_controls,1
46,vanilla,139,212.0,0.0,0,0.8405471833996803,1,inverted_controls,1
46,vanilla,140,497.0,0.0,0,0.8666821103380639,1,inverted_controls,1
46,vanilla,141,475.0,0.0,0,0.8724154402080335,1,inverted_controls,1
46,vanilla,142,418.0,0.0,0,0.8721384511609968,1,inverted_controls,1
46,vanilla,143,358.0,0.0,0,0.8730655870846087,1,inverted_controls,1
46,vanilla,144,457.0,0.0,0,0.872835763782415,1,inverted_controls,1
46,vanilla,145,192.0,0.0,0,0.8530411281519465,1,inverted_controls,1
46,vanilla,146,360.0,0.0,0,0.8659083253807491,1,inverted_controls,1
46,vanilla,147,208.0,0.0,0,0.8561227715168243,1,inverted_controls,1
46,vanilla,148,500.0,0.0,0,0.8697525118192038,1,inverted_controls,1
46,vanilla,149,356.0,0.0,0,0.8635649520359682,1,inverted_controls,1
46,hpd,0,11.0,1.0,0,1.0068195444164856,0,inverted_controls,0
46,hpd,1,19.0,1.0,0,1.1296894090217457,0,inverted_controls,0
46,hpd,2,42.0,0.9558895783575597,0,1.0376737382676866,0,inverted_controls,0
46,hpd,3,24.0,0.8475428503023453,0,0.30323925117651623,0,inverted_controls,0
46,hpd,4,69.0,0.5997278763867329,0,0.07340009316154149,0,inverted_controls,0
46,hpd,5,15.0,0.5562889678716474,0,0.05284388860066732,0,inverted_controls,0
46,hpd,6,14.0,0.5185893309484582,0,0.05743415298916044,0,inverted_controls,0
46,hpd,7,12.0,0.4883155414435353,0,0.05809889568222893,0,inverted_controls,0
46,hpd,8,9.0,0.46677573701590436,0,0.08200970843986227,0,inverted_controls,0
46,hpd,9,11.0,0.4417353564707963,0,0.05319391055540605,0,inverted_controls,0
46,hpd,10,11.0,0.4180382776616619,0,0.04398235046502315,0,inverted_controls,0
46,hpd,11,11.0,0.39561243860243744,0,0.6843816150318492,0,inverted_controls,0
46,hpd,12,23.0,0.35253382661792404,0,0.23301100730896,0,inverted_controls,0
46,hpd,13,36.0,0.2943280830920294,0,0.10760235565680044,0,inverted_controls,0
46,hpd,14,15.0,0.2730095965279488,0,0.1402984645631578,0,inverted_controls,0
46,hpd,15,18.0,0.2494556624678441,0,0.09955897154631438,0,inverted_controls,0
46,hpd,16,11.0,0.23607350863684065,0,0.20417371663180264,0,inverted_controls,0
46,hpd,17,14.0,0.22007483514733558,0,0.12053012280237108,0,inverted_controls,0
46,hpd,18,11.0,0.20826882814336947,0,0.10150094827016196,0,inverted_controls,0
46,hpd,19,10.0,0.19808659230739353,0,0.1665604472160339,0,inverted_controls,0
46,hpd,20,10.0,0.18840216465300522,0,0.19263112545013428,0,inverted_controls,0
46,hpd,21,10.0,0.17919120740315364,0,0.6381689071655273,0,inverted_controls,0
46,hpd,22,23.0,0.15967890763313974,0,0.2480881559676019,0,inverted_controls,0
46,hpd,23,24.0,0.14157986400593744,0,0.13827092945575714,0,inverted_controls,0
46,hpd,24,9.0,0.1353347165085562,0,0.19383718790831392,0,inverted_controls,0
46,hpd,25,13.0,0.12679708435358925,0,0.18537105658115482,0,inverted_controls,0
46,hpd,26,13.0,0.11879805134519765,0,0.14244694587511897,0,inverted_controls,0
46,hpd,27,14.0,0.11074712159185099,0,0.16207333121980935,0,inverted_controls,0
46,hpd,28,9.0,0.10586201936274783,0,0.19243309232923717,0,inverted_controls,0
46,hpd,29,9.0,0.10119240105273684,0,0.2317408897258617,0,inverted_controls,0
46,hpd,30,15.0,0.09386293109673778,0,0.13658086723751495,0,inverted_controls,0
46,hpd,31,10.0,0.089273984641318,0,0.5607912500699361,0,inverted_controls,0
46,hpd,32,31.0,0.07642587550895225,0,0.19257816576188613,0,inverted_controls,0
46,hpd,33,60.0,0.056575091797066025,0,0.08051246537102594,0,inverted_controls,0
46,hpd,34,75.0,0.03884689602888724,0,0.08579861852857802,0,inverted_controls,0
46,hpd,35,60.0,0.028756840457888354,0,0.11271704832712809,0,inverted_controls,0
46,hpd,36,111.0,0.016485538227150154,0,0.07825058072178931,0,inverted_controls,0
46,hpd,37,45.0,0.013156542237201536,0,0.12324388998526113,0,inverted_controls,0
46,hpd,38,31.0,0.011263082556340478,0,0.15750772978669852,0,inverted_controls,0
46,hpd,39,60.0,0.01,0,0.1036053525076972,0,inverted_controls,0
46,hpd,40,17.0,0.01,0,0.26399211790047444,0,inverted_controls,0
46,hpd,41,51.0,0.01,0,0.24444376876930782,0,inverted_controls,0
46,hpd,42,190.0,0.01,0,0.0956294348365382,0,inverted_controls,0
46,hpd,43,65.0,0.01,0,0.16007922490437826,0,inverted_controls,0
46,hpd,44,92.0,0.01,0,0.11631086425504822,0,inverted_controls,0
46,hpd,45,17.0,0.01,0,0.34834733663820755,0,inverted_controls,0
46,hpd,46,25.0,0.01,0,0.24361668904622394,0,inverted_controls,0
46,hpd,47,9.0,0.01,0,0.517926604659469,0,inverted_controls,0
46,hpd,48,13.0,0.01,0,0.4593953474974021,0,inverted_controls,0
46,hpd,49,45.0,0.01,0,0.24099370638529455,0,inverted_controls,0
46,hpd,50,40.0,0.01,0,0.11562793850898742,0,inverted_controls,0
46,hpd,51,27.0,0.01,0,0.49048938280270427,0,inverted_controls,0
46,hpd,52,17.0,0.01,0,0.46653318405151367,0,inverted_controls,0
46,hpd,53,18.0,0.01,0,0.3880983811837655,0,inverted_controls,0
46,hpd,54,18.0,0.01,0,0.43732462105927644,0,inverted_controls,0
46,hpd,55,52.0,0.01,0,0.2585236995648115,0,inverted_controls,0
46,hpd,56,78.0,0.01,0,0.23322575112693328,0,inverted_controls,0
46,hpd,57,23.0,0.01,0,0.2408754410951034,0,inverted_controls,0
46,hpd,58,181.0,0.01,0,0.10634802630373566,0,inverted_controls,0
46,hpd,59,93.0,0.01,0,0.14033383536936989,0,inverted_controls,0
46,hpd,60,123.0,0.01,0,0.12858203949967054,0,inverted_controls,0
46,hpd,61,89.0,0.01,0,0.29249399878112564,0,inverted_controls,0
46,hpd,62,82.0,0.01,0,0.20222445232112232,0,inverted_controls,0
46,hpd,63,157.0,0.01,0,0.13377532533779266,0,inverted_controls,0
46,hpd,64,113.0,0.01,0,0.16973364247684983,0,inverted_controls,0
46,hpd,65,208.0,0.01,0,0.11679741434561902,0,inverted_controls,0
46,hpd,66,231.0,0.01,0,0.11571474577613382,0,inverted_controls,0
46,hpd,67,196.0,0.01,0,0.12068304926359734,0,inverted_controls,0
46,hpd,68,122.0,0.01,0,0.11829824004668356,0,inverted_controls,0
46,hpd,69,210.0,0.01,0,0.1270169833349803,0,inverted_controls,0
46,hpd,70,140.0,0.01,0,0.1346349931898571,0,inverted_controls,0
46,hpd,71,170.0,0.01,0,0.22755033923130408,0,inverted_controls,0
46,hpd,72,215.0,0.01,0,0.14071887297223706,0,inverted_controls,0
46,hpd,73,231.0,0.01,0,0.3179093068640298,0,inverted_controls,0
46,hpd,74,370.0,0.01,0,0.15158631844563528,0,inverted_controls,0
46,hpd,75,27.0,1.0,1,1.829529700455842,1,inverted_controls,0
46,hpd,76,53.0,0.918316468354365,1,1.3873724667531144,1,inverted_controls,0
46,hpd,77,79.0,0.6180388156137953,1,0.7391885282621101,1,inverted_controls,0
46,hpd,78,105.0,0.36512303261753626,1,0.6562783210996597,1,inverted_controls,0
46,hpd,79,82.0,0.24206491716205145,1,0.5258576210921373,1,inverted_controls,0
46,hpd,80,38.0,0.2000824143909432,1,0.5740334025600501,1,inverted_controls,0
46,hpd,81,29.0,0.1730128104744653,1,0.5874700902522295,1,inverted_controls,0
46,hpd,82,72.0,0.12059799144222175,1,0.34953827107394186,1,inverted_controls,0
46,hpd,83,77.0,0.08198177029173696,1,0.4714722881069431,1,inverted_controls,0
46,hpd,84,53.0,0.06285510723190912,1,0.4123631423374392,1,inverted_controls,0
46,hpd,85,77.0,0.04272851397543923,1,0.3511973129206405,1,inverted_controls,0
46,hpd,86,115.0,0.024008889611965685,1,0.5754282939261284,1,inverted_controls,0
46,hpd,87,179.0,0.01,1,0.2647699073262277,1,inverted_controls,0
46,hpd,88,172.0,0.01,1,0.26993193737296167,1,inverted_controls,0
46,hpd,89,151.0,0.01,1,0.2802986819749374,1,inverted_controls,0
46,hpd,90,240.0,0.01,1,0.2839833486411306,1,inverted_controls,0
46,hpd,91,376.0,0.01,1,0.3859592477480571,1,inverted_controls,0
46,hpd,92,236.0,0.01,1,0.2518157022821028,1,inverted_controls,0
46,hpd,93,268.0,0.01,1,0.28595486594669856,1,inverted_controls,0
46,hpd,94,163.0,0.01,1,0.200933944959582,1,inverted_controls,0
46,hpd,95,294.0,0.01,1,0.26535973824611325,1,inverted_controls,0
46,hpd,96,219.0,0.01,1,0.20967345803839976,1,inverted_controls,0
46,hpd,97,273.0,0.01,1,0.4365827095363931,1,inverted_controls,0
46,hpd,98,214.0,0.01,1,0.2902175226129847,1,inverted_controls,0
46,hpd,99,224.0,0.01,1,0.210762463864826,1,inverted_controls,0
46,hpd,100,243.0,0.01,1,0.3707120901354383,1,inverted_controls,0
46,hpd,101,263.0,0.01,1,0.32753345528936206,1,inverted_controls,0
46,hpd,102,214.0,0.01,1,0.2814442984690176,1,inverted_controls,0
46,hpd,103,217.0,0.01,1,0.2922754176018242,1,inverted_controls,0
46,hpd,104,205.0,0.01,1,0.29813332703055406,1,inverted_controls,0
46,hpd,105,245.0,0.01,1,0.29044149189579244,1,inverted_controls,0
46,hpd,106,260.0,0.01,1,0.2472773132033837,1,inverted_controls,0
46,hpd,107,198.0,0.01,1,0.2976682277941945,1,inverted_controls,0
46,hpd,108,246.0,0.01,1,0.25613943193622724,1,inverted_controls,0
46,hpd,109,213.0,0.01,1,0.34678895162281487,1,inverted_controls,0
46,hpd,110,186.0,0.01,1,0.3514783428881758,1,inverted_controls,0
46,hpd,111,253.0,0.01,1,0.30921846031357336,1,inverted_controls,0
46,hpd,112,168.0,0.01,1,0.3793084216969354,1,inverted_controls,0
46,hpd,113,216.0,0.01,1,0.2758711667524444,1,inverted_controls,0
46,hpd,114,343.0,0.01,1,0.25205424900073464,1,inverted_controls,0
46,hpd,115,245.0,0.01,1,0.2751014581342944,1,inverted_controls,0
46,hpd,116,169.0,0.01,1,0.30301921278297084,1,inverted_controls,0
46,hpd,117,146.0,0.01,1,0.3066968923290026,1,inverted_controls,0
46,hpd,118,378.0,0.01,1,0.2181824840986329,1,inverted_controls,0
46,hpd,119,229.0,0.01,1,0.2594396937882536,1,inverted_controls,0
46,hpd,120,189.0,0.01,1,0.2760542317883257,1,inverted_controls,0
46,hpd,121,194.0,0.01,1,0.30334495351076946,1,inverted_controls,0
46,hpd,122,146.0,0.01,1,0.34292041357249425,1,inverted_controls,0
46,hpd,123,199.0,0.01,1,0.2359137567044103,1,inverted_controls,0
46,hpd,124,129.0,0.01,1,0.2182917299196702,1,inverted_controls,0
46,hpd,125,500.0,0.0,0,0.9855721193154652,1,inverted_controls,1
46,hpd,126,233.0,0.0,0,0.8632708707763059,1,inverted_controls,1
46,hpd,127,231.0,0.0,0,0.9607568165612599,1,inverted_controls,1
46,hpd,128,210.0,0.0,0,0.8676802037254211,1,inverted_controls,1
46,hpd,129,200.0,0.0,0,0.8753381522496543,1,inverted_controls,1
46,hpd,130,469.0,0.0,0,0.9697448150774394,1,inverted_controls,1
46,hpd,131,500.0,0.0,0,0.9637416553497314,1,inverted_controls,1
46,hpd,132,500.0,0.0,0,0.9387255412737529,1,inverted_controls,1
46,hpd,133,500.0,0.0,0,0.9565369459788006,1,inverted_controls,1
46,hpd,134,163.0,0.0,0,0.9225098160390717,1,inverted_controls,1
46,hpd,135,451.0,0.0,0,0.9859798173065637,1,inverted_controls,1
46,hpd,136,289.0,0.0,0,0.8885542669923248,1,inverted_controls,1
46,hpd,137,217.0,0.0,0,0.9681399342834308,1,inverted_controls,1
46,hpd,138,252.0,0.0,0,0.8669916774545399,1,inverted_controls,1
46,hpd,139,500.0,0.0,0,0.950945100625356,1,inverted_controls,1
46,hpd,140,256.0,0.0,0,0.8680597301572561,1,inverted_controls,1
46,hpd,141,268.0,0.0,0,0.8753173149640289,1,inverted_controls,1
46,hpd,142,500.0,0.0,0,0.9937458893458048,1,inverted_controls,1
46,hpd,143,377.0,0.0,0,0.8613500354776964,1,inverted_controls,1
46,hpd,144,466.0,0.0,0,0.9612277720619169,1,inverted_controls,1
46,hpd,145,199.0,0.0,0,0.875253604285082,1,inverted_controls,1
46,hpd,146,459.0,0.0,0,0.9640756738991,1,inverted_controls,1
46,hpd,147,177.0,0.0,0,0.8784448882729768,1,inverted_controls,1
46,hpd,148,500.0,0.0,0,0.9492780963579814,1,inverted_controls,1
46,hpd,149,278.0,0.0,0,0.9061103393133881,1,inverted_controls,1
47,vanilla,0,11.0,1.0,0,1.0230874274716233,0,inverted_controls,0
47,vanilla,1,27.0,1.0,0,1.0167614228931472,0,inverted_controls,0
47,vanilla,2,16.0,1.0,0,1.0195207943518958,0,inverted_controls,0
47,vanilla,3,20.0,0.946354579813443,0,0.9054892361164093,0,inverted_controls,0
47,vanilla,4,15.0,0.8778091417340573,0,0.22933699819776748,0,inverted_controls,0
47,vanilla,5,18.0,0.8020760579717637,0,0.10802274500882184,0,inverted_controls,0
47,vanilla,6,15.0,0.7439808620067382,0,0.09249871174494426,0,inverted_controls,0
47,vanilla,7,22.0,0.6662995813682115,0,0.047748170115730966,0,inverted_controls,0
47,vanilla,8,14.0,0.6211445383053219,0,0.018516313462030316,0,inverted_controls,0
47,vanilla,9,14.0,0.5790496471185967,0,0.023272241864885603,0,inverted_controls,0
47,vanilla,10,17.0,0.531750826943791,0,0.016616872712677602,0,inverted_controls,0
47,vanilla,11,12.0,0.500708706245853,0,0.4730657868915134,0,inverted_controls,0
47,vanilla,12,13.0,0.46912134373457726,0,0.220495798648932,0,inverted_controls,0
47,vanilla,13,25.0,0.41386834584198684,0,0.13529001077016195,0,inverted_controls,0
47,vanilla,14,16.0,0.3819719776053028,0,0.08405845115582147,0,inverted_controls,0
47,vanilla,15,21.0,0.3438081748424137,0,0.09163846477629647,0,inverted_controls,0
47,vanilla,16,21.0,0.30945741577570285,0,0.09075229508536203,0,inverted_controls,0
47,vanilla,17,19.0,0.28134514724562876,0,0.0967878124170136,0,inverted_controls,0
47,vanilla,18,26.0,0.24696734223472733,0,0.08743961499287534,0,inverted_controls,0
47,vanilla,19,13.0,0.231387331601191,0,0.13792691780970645,0,inverted_controls,0
47,vanilla,20,11.0,0.2189744609715989,0,0.116924372586337,0,inverted_controls,0
47,vanilla,21,11.0,0.20722748400265262,0,0.6168595335700294,0,inverted_controls,0
47,vanilla,22,15.0,0.192217783647157,0,0.46686567200554735,0,inverted_controls,0
47,vanilla,23,13.0,0.1800916657318127,0,0.23559571535159382,0,inverted_controls,0
47,vanilla,24,11.0,0.17043057265153258,0,0.2784591660355077,0,inverted_controls,0
47,vanilla,25,13.0,0.15967890763313974,0,0.2351266420804537,0,inverted_controls,0
47,vanilla,26,16.0,0.1473726336968319,0,0.21893106897672018,0,inverted_controls,0
47,vanilla,27,14.0,0.13738520790976036,0,0.21395630495888848,0,inverted_controls,0
47,vanilla,28,18.0,0.1255322834371622,0,0.20007525108478685,0,inverted_controls,0
47,vanilla,29,12.0,0.11820406108847166,0,0.21232627497779,0,inverted_controls,0
47,vanilla,30,12.0,0.11130363979080501,0,0.25357121229171753,0,inverted_controls,0
47,vanilla,31,20.0,0.10068643904747315,0,0.42954516410827637,0,inverted_controls,0
47,vanilla,32,16.0,0.09292664835904782,0,0.299965038895607,0,inverted_controls,0
47,vanilla,33,15.0,0.08619587539414532,0,0.2536033365461562,0,inverted_controls,0
47,vanilla,34,20.0,0.07797369223798889,0,0.23614975214004513,0,inverted_controls,0
47,vanilla,35,11.0,0.07379076075438468,0,0.3369208682667125,0,inverted_controls,0
47,vanilla,36,17.0,0.0677632708131484,0,0.31134379611295815,0,inverted_controls,0
47,vanilla,37,20.0,0.06129936495526111,0,0.2728382666905721,0,inverted_controls,0
47,vanilla,38,13.0,0.05743227569078546,0,0.29494684781783664,0,inverted_controls,0
47,vanilla,39,21.0,0.05169406930342616,0,0.2598173694005088,0,inverted_controls,0
47,vanilla,40,18.0,0.047234157581800176,0,0.24783338440789116,0,inverted_controls,0
47,vanilla,41,19.0,0.04294323012606958,0,0.4997413409383674,0,inverted_controls,0
47,vanilla,42,17.0,0.039435475429100995,0,0.30797996707991054,0,inverted_controls,0
47,vanilla,43,19.0,0.03585300941485119,0,0.2862909927702787,0,inverted_controls,0
47,vanilla,44,26.0,0.03147209942303359,0,0.2500723539254604,0,inverted_controls,0
47,vanilla,45,19.0,0.02861305625559891,0,0.25169471272251065,0,inverted_controls,0
47,vanilla,46,19.0,0.02601373925779093,0,0.26295919167368037,0,inverted_controls,0
47,vanilla,47,16.0,0.024008889611965685,0,0.2823192278544108,0,inverted_controls,0
47,vanilla,48,17.0,0.022047758717570132,0,0.26192989068872785,0,inverted_controls,0
47,vanilla,49,14.0,0.020553584742122436,0,0.2519188438143049,0,inverted_controls,0
47,vanilla,50,20.0,0.018592988164936427,0,0.2725032488505046,0,inverted_controls,0
47,vanilla,51,12.0,0.0175075817047932,0,0.48769026994705206,0,inverted_controls,0
47,vanilla,52,19.0,0.015917127532080494,0,0.26700652691355925,0,inverted_controls,0
47,vanilla,53,15.0,0.01476423357148172,0,0.2794620937771267,0,inverted_controls,0
47,vanilla,54,20.0,0.01335588042198471,0,0.28117407957712803,0,inverted_controls,0
47,vanilla,55,17.0,0.012264924940880204,0,0.3123122944551356,0,inverted_controls,0
47,vanilla,56,15.0,0.01137656378004644,0,0.25472032229105634,0,inverted_controls,0
47,vanilla,57,18.0,0.01039504944313793,0,0.1981853555749964,0,inverted_controls,0
47,vanilla,58,15.0,0.01,0,0.2145864327748617,0,inverted_controls,0
47,vanilla,59,15.0,0.01,0,0.25826648076375325,0,inverted_controls,0
47,vanilla,60,15.0,0.01,0,0.24637523227267794,0,inverted_controls,0
47,vanilla,61,12.0,0.01,0,0.5474602646297878,0,inverted_controls,0
47,vanilla,62,23.0,0.01,0,0.3844853415005449,0,inverted_controls,0
47,vanilla,63,25.0,0.01,0,0.281825270652771,0,inverted_controls,0
47,vanilla,64,26.0,0.01,0,0.30662493369518184,0,inverted_controls,0
47,vanilla,65,27.0,0.01,0,0.2795974604877425,0,inverted_controls,0
47,vanilla,66,80.0,0.01,0,0.5290249314159154,0,inverted_controls,0
47,vanilla,67,137.0,0.01,0,0.16957719475393457,0,inverted_controls,0
47,vanilla,68,120.0,0.01,0,0.1520541752378146,0,inverted_controls,0
47,vanilla,69,81.0,0.01,0,0.08977727070757391,0,inverted_controls,0
47,vanilla,70,78.0,0.01,0,0.0817715326944987,0,inverted_controls,0
47,vanilla,71,140.0,0.01,0,0.12661622705913725,0,inverted_controls,0
47,vanilla,72,153.0,0.01,0,0.08146946128936636,0,inverted_controls,0
47,vanilla,73,103.0,0.01,0,0.06387229876225048,0,inverted_controls,0
47,vanilla,74,120.0,0.01,0,0.07988522085878585,0,inverted_controls,0
47,vanilla,75,18.0,1.0,0,0.2930956350432502,1,inverted_controls,0
47,vanilla,76,23.0,1.0,0,0.32448646901310346,1,inverted_controls,0
47,vanilla,77,9.0,1.0,0,0.5499499285662615,1,inverted_controls,0
47,vanilla,78,17.0,0.9801495006250001,0,0.45732658984614355,1,inverted_controls,0
47,vanilla,79,23.0,0.8734200960253871,0,0.16682595446489862,1,inverted_controls,0
47,vanilla,80,23.0,0.778312557068642,0,0.16296838763831317,1,inverted_controls,0
47,vanilla,81,33.0,0.6596532430440636,0,0.4585063601985122,1,inverted_controls,0
47,vanilla,82,9.0,0.6305556603555866,0,0.31563825960512515,1,inverted_controls,0
47,vanilla,83,26.0,0.5535075230322891,0,0.273693411778181,1,inverted_controls,0
47,vanilla,84,32.0,0.47147873742168567,0,0.3542962297797203,1,inverted_controls,0
47,vanilla,85,32.0,0.4016064652978155,0,0.3128291741013527,1,inverted_controls,0
47,vanilla,86,64.0,0.2913921604631864,0,0.44044999840358895,1,inverted_controls,0
47,vanilla,87,196.0,0.10909420695870241,0,0.18054146101685606,1,inverted_controls,0
47,vanilla,88,137.0,0.05489891379418004,0,0.1779769777961601,1,inverted_controls,0
47,vanilla,89,122.0,0.029783765425331846,0,0.0917849208487839,1,inverted_controls,0
47,vanilla,90,17.0,0.027350922279685573,0,0.32027738702063463,1,inverted_controls,0
47,vanilla,91,30.0,0.023532301163728918,0,0.44604379336039224,1,inverted_controls,0
47,vanilla,92,38.0,0.019450979052291272,0,0.34361655670299873,1,inverted_controls,0
47,vanilla,93,37.0,0.01615829206087557,0,0.37325280421489004,1,inverted_controls,0
47,vanilla,94,44.0,0.012960179199743523,0,0.2570704004981301,1,inverted_controls,0
47,vanilla,95,166.0,0.01,0,0.2319218231492253,1,inverted_controls,0
47,vanilla,96,230.0,0.01,0,0.1509545972381813,1,inverted_controls,0
47,vanilla,97,180.0,0.01,0,0.11443395879533556,1,inverted_controls,0
47,vanilla,98,157.0,0.01,0,0.1698718425321478,1,inverted_controls,0
47,vanilla,99,249.0,0.01,0,0.10656637743294957,1,inverted_controls,0
47,vanilla,100,113.0,0.01,0,0.14001328403619187,1,inverted_controls,0
47,vanilla,101,245.0,0.01,0,0.13921264596536856,1,inverted_controls,0
47,vanilla,102,263.0,0.01,0,0.0942124667729715,1,inverted_controls,0
47,vanilla,103,163.0,0.01,0,0.1632973045902993,1,inverted_controls,0
47,vanilla,104,184.0,0.01,0,0.12852850469990051,1,inverted_controls,0
47,vanilla,105,163.0,0.01,0,0.14962468020511308,1,inverted_controls,0
47,vanilla,106,250.0,0.01,0,0.11802013810475669,1,inverted_controls,0
47,vanilla,107,154.0,0.01,0,0.12296039253086238,1,inverted_controls,0
47,vanilla,108,270.0,0.01,0,0.11854941373989905,1,inverted_controls,0
47,vanilla,109,175.0,0.01,0,0.11941951456524076,1,inverted_controls,0
47,vanilla,110,260.0,0.01,0,0.07371271359614838,1,inverted_controls,0
47,vanilla,111,175.0,0.01,0,0.18668881461733866,1,inverted_controls,0
47,vanilla,112,206.0,0.01,0,0.1910355021652666,1,inverted_controls,0
47,vanilla,113,168.0,0.01,0,0.21136507533845447,1,inverted_controls,0
47,vanilla,114,195.0,0.01,0,0.19289513693915475,1,inverted_controls,0
47,vanilla,115,275.0,0.01,0,0.13925243493282433,1,inverted_controls,0
47,vanilla,116,184.0,0.01,0,0.2072739307431207,1,inverted_controls,0
47,vanilla,117,360.0,0.01,0,0.1010948035452101,1,inverted_controls,0
47,vanilla,118,216.0,0.01,0,0.12214448238596505,1,inverted_controls,0
47,vanilla,119,199.0,0.01,0,0.14128365588547595,1,inverted_controls,0
47,vanilla,120,149.0,0.01,0,0.19619264431981165,1,inverted_controls,0
47,vanilla,121,203.0,0.01,0,0.21596192608913178,1,inverted_controls,0
47,vanilla,122,265.0,0.01,0,0.13173242724916467,1,inverted_controls,0
47,vanilla,123,203.0,0.01,0,0.16839026621801317,1,inverted_controls,0
47,vanilla,124,232.0,0.01,0,0.12777405874482517,1,inverted_controls,0
47,vanilla,125,189.0,0.0,0,0.09386591894496266,1,inverted_controls,1
47,vanilla,126,250.0,0.0,0,0.13598571554819744,1,inverted_controls,1
47,vanilla,127,207.0,0.0,0,0.07964980736638803,1,inverted_controls,1
47,vanilla,128,312.0,0.0,0,0.07999514820229295,1,inverted_controls,1
47,vanilla,129,141.0,0.0,0,0.14171462250657682,1,inverted_controls,1
47,vanilla,130,167.0,0.0,0,0.1128179175173213,1,inverted_controls,1
47,vanilla,131,137.0,0.0,0,0.8801749524118836,1,inverted_controls,1
47,vanilla,132,189.0,0.0,0,0.878276909049436,1,inverted_controls,1
47,vanilla,133,149.0,0.0,0,0.8831825203010166,1,inverted_controls,1
47,vanilla,134,284.0,0.0,0,0.8668588223591657,1,inverted_controls,1
47,vanilla,135,166.0,0.0,0,0.8629283474152347,1,inverted_controls,1
47,vanilla,136,189.0,0.0,0,0.8828887224617881,1,inverted_controls,1
47,vanilla,137,135.0,0.0,0,0.8795710351732042,1,inverted_controls,1
47,vanilla,138,182.0,0.0,0,0.8809405927693014,1,inverted_controls,1
47,vanilla,139,207.0,0.0,0,0.8849003203633133,1,inverted_controls,1
47,vanilla,140,145.0,0.0,0,0.8887438653529377,1,inverted_controls,1
47,vanilla,141,179.0,0.0,0,0.884860275843956,1,inverted_controls,1
47,vanilla,142,230.0,0.0,0,0.8810868484386498,1,inverted_controls,1
47,vanilla,143,139.0,0.0,0,0.8851493233971174,1,inverted_controls,1
47,vanilla,144,158.0,0.0,0,0.8855909395821487,1,inverted_controls,1
47,vanilla,145,184.0,0.0,0,0.8835874070291934,1,inverted_controls,1
47,vanilla,146,219.0,0.0,0,0.8836074782651671,1,inverted_controls,1
47,vanilla,147,172.0,0.0,0,0.8877547397169956,1,inverted_controls,1
47,vanilla,148,307.0,0.0,0,0.8687669524152426,1,inverted_controls,1
47,vanilla,149,190.0,0.0,0,0.8678033410457143,1,inverted_controls,1
47,hpd,0,11.0,1.0,0,1.0230874274716233,0,inverted_controls,0
47,hpd,1,27.0,1.0,0,1.0167614228931472,0,inverted_controls,0
47,hpd,2,16.0,1.0,0,1.0195207943518958,0,inverted_controls,0
47,hpd,3,20.0,0.946354579813443,0,0.9054892361164093,0,inverted_controls,0
47,hpd,4,15.0,0.8778091417340573,0,0.22933699819776748,0,inverted_controls,0
47,hpd,5,18.0,0.8020760579717637,0,0.10802274500882184,0,inverted_controls,0
47,hpd,6,15.0,0.7439808620067382,0,0.09249871174494426,0,inverted_controls,0
47,hpd,7,22.0,0.6662995813682115,0,0.047748170115730966,0,inverted_controls,0
47,hpd,8,14.0,0.6211445383053219,0,0.018516313462030316,0,inverted_controls,0
47,hpd,9,14.0,0.5790496471185967,0,0.023272241864885603,0,inverted_controls,0
47,hpd,10,17.0,0.531750826943791,0,0.016616872712677602,0,inverted_controls,0
47,hpd,11,12.0,0.500708706245853,0,0.4730657868915134,0,inverted_controls,0
47,hpd,12,13.0,0.46912134373457726,0,0.220495798648932,0,inverted_controls,0
47,hpd,13,25.0,0.41386834584198684,0,0.13529001077016195,0,inverted_controls,0
47,hpd,14,16.0,0.3819719776053028,0,0.08405845115582147,0,inverted_controls,0
47,hpd,15,21.0,0.3438081748424137,0,0.09163846477629647,0,inverted_controls,0
47,hpd,16,21.0,0.30945741577570285,0,0.09075229508536203,0,inverted_controls,0
47,hpd,17,19.0,0.28134514724562876,0,0.0967878124170136,0,inverted_controls,0
47,hpd,18,26.0,0.24696734223472733,0,0.08743961499287534,0,inverted_controls,0
47,hpd,19,13.0,0.231387331601191,0,0.13792691780970645,0,inverted_controls,0
47,hpd,20,11.0,0.2189744609715989,0,0.116924372586337,0,inverted_controls,0
47,hpd,21,11.0,0.20722748400265262,0,0.6168595335700294,0,inverted_controls,0
47,hpd,22,15.0,0.192217783647157,0,0.46686567200554735,0,inverted_controls,0
47,hpd,23,13.0,0.1800916657318127,0,0.23559571535159382,0,inverted_controls,0
47,hpd,24,11.0,0.17043057265153258,0,0.2784591660355077,0,inverted_controls,0
47,hpd,25,13.0,0.15967890763313974,0,0.2351266420804537,0,inverted_controls,0
47,hpd,26,16.0,0.1473726336968319,0,0.21893106897672018,0,inverted_controls,0
47,hpd,27,14.0,0.13738520790976036,0,0.21395630495888848,0,inverted_controls,0
47,hpd,28,18.0,0.1255322834371622,0,0.20007525108478685,0,inverted_controls,0
47,hpd,29,12.0,0.11820406108847166,0,0.21232627497779,0,inverted_controls,0
47,hpd,30,12.0,0.11130363979080501,0,0.25357121229171753,0,inverted_controls,0
47,hpd,31,20.0,0.10068643904747315,0,0.42954516410827637,0,inverted_controls,0
47,hpd,32,16.0,0.09292664835904782,0,0.299965038895607,0,inverted_controls,0
47,hpd,33,15.0,0.08619587539414532,0,0.2536033365461562,0,inverted_controls,0
47,hpd,34,20.0,0.07797369223798889,0,0.23614975214004513,0,inverted_controls,0
47,hpd,35,11.0,0.07379076075438468,0,0.3369208682667125,0,inverted_controls,0
47,hpd,36,17.0,0.0677632708131484,0,0.31134379611295815,0,inverted_controls,0
47,hpd,37,20.0,0.06129936495526111,0,0.2728382666905721,0,inverted_controls,0
47,hpd,38,13.0,0.05743227569078546,0,0.29494684781783664,0,inverted_controls,0
47,hpd,39,21.0,0.05169406930342616,0,0.2598173694005088,0,inverted_controls,0
47,hpd,40,18.0,0.047234157581800176,0,0.24783338440789116,0,inverted_controls,0
47,hpd,41,19.0,0.04294323012606958,0,0.4997413409383674,0,inverted_controls,0
47,hpd,42,17.0,0.039435475429100995,0,0.30797996707991054,0,inverted_controls,0
47,hpd,43,19.0,0.03585300941485119,0,0.2862909927702787,0,inverted_controls,0
47,hpd,44,26.0,0.03147209942303359,0,0.2500723539254604,0,inverted_controls,0
47,hpd,45,19.0,0.02861305625559891,0,0.25169471272251065,0,inverted_controls,0
47,hpd,46,19.0,0.02601373925779093,0,0.26295919167368037,0,inverted_controls,0
47,hpd,47,16.0,0.024008889611965685,0,0.2823192278544108,0,inverted_controls,0
47,hpd,48,17.0,0.022047758717570132,0,0.26192989068872785,0,inverted_controls,0
47,hpd,49,14.0,0.020553584742122436,0,0.2519188438143049,0,inverted_controls,0
47,hpd,50,20.0,0.018592988164936427,0,0.2725032488505046,0,inverted_controls,0
47,hpd,51,12.0,0.0175075817047932,0,0.48769026994705206,0,inverted_controls,0
47,hpd,52,19.0,0.015917127532080494,0,0.26700652691355925,0,inverted_controls,0
47,hpd,53,15.0,0.01476423357148172,0,0.2794620937771267,0,inverted_controls,0
47,hpd,54,20.0,0.01335588042198471,0,0.28117407957712803,0,inverted_controls,0
47,hpd,55,17.0,0.012264924940880204,0,0.3123122944551356,0,inverted_controls,0
47,hpd,56,15.0,0.01137656378004644,0,0.25472032229105634,0,inverted_controls,0
47,hpd,57,18.0,0.01039504944313793,0,0.1981853555749964,0,inverted_controls,0
47,hpd,58,15.0,0.01,0,0.2145864327748617,0,inverted_controls,0
47,hpd,59,15.0,0.01,0,0.25826648076375325,0,inverted_controls,0
47,hpd,60,15.0,0.01,0,0.24637523227267794,0,inverted_controls,0
47,hpd,61,12.0,0.01,0,0.5474602646297878,0,inverted_controls,0
47,hpd,62,23.0,0.01,0,0.3844853415005449,0,inverted_controls,0
47,hpd,63,25.0,0.01,0,0.281825270652771,0,inverted_controls,0
47,hpd,64,26.0,0.01,0,0.30662493369518184,0,inverted_controls,0
47,hpd,65,27.0,0.01,0,0.2795974604877425,0,inverted_controls,0
47,hpd,66,80.0,0.01,0,0.5290249314159154,0,inverted_controls,0
47,hpd,67,137.0,0.01,0,0.16957719475393457,0,inverted_controls,0
47,hpd,68,120.0,0.01,0,0.1520541752378146,0,inverted_controls,0
47,hpd,69,81.0,0.01,0,0.08977727070757391,0,inverted_controls,0
47,hpd,70,78.0,0.01,0,0.0817715326944987,0,inverted_controls,0
47,hpd,71,140.0,0.01,0,0.12661622705913725,0,inverted_controls,0
47,hpd,72,153.0,0.01,0,0.08146946128936636,0,inverted_controls,0
47,hpd,73,103.0,0.01,0,0.06387229876225048,0,inverted_controls,0
47,hpd,74,120.0,0.01,0,0.07988522085878585,0,inverted_controls,0
47,hpd,75,65.0,0.990025,1,2.6780514888274363,1,inverted_controls,0
47,hpd,76,29.0,0.8560822709551227,1,0.764731292066903,1,inverted_controls,0
47,hpd,77,72.0,0.5967292370047992,1,0.7089069739536003,1,inverted_controls,0
47,hpd,78,66.0,0.4286478463299511,1,0.7246738058148008,1,inverted_controls,0
47,hpd,79,27.0,0.3743896431025813,1,0.7087789258839171,1,inverted_controls,0
47,hpd,80,54.0,0.285607880564032,1,0.5983158681127759,1,inverted_controls,0
47,hpd,81,93.0,0.17919120740315364,1,0.46028357338307146,1,inverted_controls,0
47,hpd,82,40.0,0.14663577052834775,1,0.4557022094726563,1,inverted_controls,0
47,hpd,83,77.0,0.0996820918179746,1,0.6138862675918646,1,inverted_controls,0
47,hpd,84,126.0,0.053006034755694834,1,0.9973063923063731,1,inverted_controls,0
47,hpd,85,123.0,0.02861305625559891,1,0.5374923424346014,1,inverted_controls,0
47,hpd,86,104.0,0.016988875991640028,1,0.3947414052792084,1,inverted_controls,0
47,hpd,87,122.0,0.01,1,0.3498426740938197,1,inverted_controls,0
47,hpd,88,145.0,0.01,1,0.3548176436588682,1,inverted_controls,0
47,hpd,89,150.0,0.01,1,0.3302540662553576,1,inverted_controls,0
47,hpd,90,145.0,0.01,1,0.37628588731261503,1,inverted_controls,0
47,hpd,91,184.0,0.01,1,0.4425697339617688,1,inverted_controls,0
47,hpd,92,144.0,0.01,1,0.25333746384691314,1,inverted_controls,0
47,hpd,93,167.0,0.01,1,0.2894065085047495,1,inverted_controls,0
47,hpd,94,188.0,0.01,1,0.2200391656118082,1,inverted_controls,0
47,hpd,95,145.0,0.01,1,0.2716136811793535,1,inverted_controls,0
47,hpd,96,203.0,0.01,1,0.3737757341027847,1,inverted_controls,0
47,hpd,97,190.0,0.01,1,0.24319116609138353,1,inverted_controls,0
47,hpd,98,172.0,0.01,1,0.23458938589391778,1,inverted_controls,0
47,hpd,99,183.0,0.01,1,0.20951094740292633,1,inverted_controls,0
47,hpd,100,185.0,0.01,1,0.19975825258203456,1,inverted_controls,0
47,hpd,101,262.0,0.01,1,0.20420731205976647,1,inverted_controls,0
47,hpd,102,339.0,0.01,1,0.44330933054171007,1,inverted_controls,0
47,hpd,103,230.0,0.01,1,0.34904813420945324,1,inverted_controls,0
47,hpd,104,322.0,0.01,1,0.24454338111245608,1,inverted_controls,0
47,hpd,105,294.0,0.01,1,0.26971683156192977,1,inverted_controls,0
47,hpd,106,130.0,0.01,1,0.25716063028726827,1,inverted_controls,0
47,hpd,107,500.0,0.01,1,0.23203189214070635,1,inverted_controls,0
47,hpd,108,500.0,0.01,1,0.21214619898796083,1,inverted_controls,0
47,hpd,109,500.0,0.01,0,0.09690914535522462,1,inverted_controls,0
47,hpd,110,374.0,0.01,1,0.11602563399044585,1,inverted_controls,0
47,hpd,111,320.0,0.01,1,0.30689315795898436,1,inverted_controls,0
47,hpd,112,453.0,0.01,1,0.17869874236336344,1,inverted_controls,0
47,hpd,113,394.0,0.01,1,0.17665217763881394,1,inverted_controls,0
47,hpd,114,391.0,0.01,1,0.2468219295283819,1,inverted_controls,0
47,hpd,115,351.0,0.01,1,0.27351422606483594,1,inverted_controls,0
47,hpd,116,289.0,0.01,1,0.21959985099999277,1,inverted_controls,0
47,hpd,117,448.0,0.01,1,0.17050582800237907,1,inverted_controls,0
47,hpd,118,500.0,0.01,1,0.13823987611134847,1,inverted_controls,0
47,hpd,119,230.0,0.01,1,0.2144322687301083,1,inverted_controls,0
47,hpd,120,198.0,0.01,1,0.2518034816189647,1,inverted_controls,0
47,hpd,121,327.0,0.01,1,0.194942763092321,1,inverted_controls,0
47,hpd,122,227.0,0.01,1,0.1768667998993099,1,inverted_controls,0
47,hpd,123,240.0,0.01,1,0.23491681085692515,1,inverted_controls,0
47,hpd,124,500.0,0.01,1,0.22297776730855304,1,inverted_controls,0
47,hpd,125,203.0,0.0,0,0.8461374565102587,1,inverted_controls,1
47,hpd,126,157.0,0.0,0,0.8586122721370364,1,inverted_controls,1
47,hpd,127,177.0,0.0,0,0.8376516905208092,1,inverted_controls,1
47,hpd,128,158.0,0.0,0,0.8342026617959581,1,inverted_controls,1
47,hpd,129,236.0,0.0,0,0.8623506649065826,1,inverted_controls,1
47,hpd,130,152.0,0.0,0,0.85489785056888,1,inverted_controls,1
47,hpd,131,162.0,0.0,0,0.8391392514293576,1,inverted_controls,1
47,hpd,132,138.0,0.0,0,0.8295563986335975,1,inverted_controls,1
47,hpd,133,166.0,0.0,0,0.874563504414386,1,inverted_controls,1
47,hpd,134,149.0,0.0,0,0.905231074465468,1,inverted_controls,1
47,hpd,135,158.0,0.0,0,0.8589367539570804,1,inverted_controls,1
47,hpd,136,158.0,0.0,0,0.8567981307516622,1,inverted_controls,1
47,hpd,137,170.0,0.0,0,0.855610080793792,1,inverted_controls,1
47,hpd,138,153.0,0.0,0,0.897386986186042,1,inverted_controls,1
47,hpd,139,149.0,0.0,0,0.8308244647595706,1,inverted_controls,1
47,hpd,140,227.0,0.0,0,0.8723052566797198,1,inverted_controls,1
47,hpd,141,152.0,0.0,0,0.8400038925179263,1,inverted_controls,1
47,hpd,142,214.0,0.0,0,0.8657306510711384,1,inverted_controls,1
47,hpd,143,241.0,0.0,0,0.8654472758661167,1,inverted_controls,1
47,hpd,144,145.0,0.0,0,0.8451881337439876,1,inverted_controls,1
47,hpd,145,142.0,0.0,0,0.8616900499997565,1,inverted_controls,1
47,hpd,146,153.0,0.0,0,0.8858866660423528,1,inverted_controls,1
47,hpd,147,150.0,0.0,0,0.8446007058355544,1,inverted_controls,1
47,hpd,148,147.0,0.0,0,0.8540419737497965,1,inverted_controls,1
47,hpd,149,224.0,0.0,0,0.8850596391019366,1,inverted_controls,1
48,vanilla,0,18.0,1.0,0,1.034372979844058,0,inverted_controls,0
48,vanilla,1,42.0,1.0,0,1.0383628422305697,0,inverted_controls,0
48,vanilla,2,9.0,0.9703725093562657,0,0.9597671230634054,0,inverted_controls,0
48,vanilla,3,19.0,0.8822202429488013,0,0.5072690060264186,0,inverted_controls,0
48,vanilla,4,15.0,0.8183201210226743,0,0.2357283353805542,0,inverted_controls,0
48,vanilla,5,28.0,0.7111635524897149,0,0.08073553230081287,0,inverted_controls,0
48,vanilla,6,14.0,0.6629680834613705,0,0.028750675065176833,0,inverted_controls,0
48,vanilla,7,15.0,0.6149486215357263,0,0.013974028163486057,0,inverted_controls,0
48,vanilla,8,75.0,0.4222502236424958,0,0.011566396819220651,0,inverted_controls,0
48,vanilla,9,11.0,0.3995984329713264,0,0.008706110896486225,0,inverted_controls,0
48,vanilla,10,31.0,0.3420891339682016,0,0.0037326902471562875,0,inverted_controls,0
48,vanilla,11,22.0,0.3063705780533402,0,0.4230291680856183,0,inverted_controls,0
48,vanilla,12,18.0,0.2799384215094006,0,0.18321102195315891,0,inverted_controls,0
48,vanilla,13,28.0,0.24328132378095624,0,0.07785668117659432,0,inverted_controls,0
48,vanilla,14,29.0,0.21036724137609603,0,0.06118892116108161,0,inverted_controls,0
48,vanilla,15,29.0,0.18190617987607657,0,0.061004927788657695,0,inverted_controls,0
48,vanilla,16,28.0,0.1580861105294992,0,0.06234637754304068,0,inverted_controls,0
48,vanilla,17,23.0,0.14087196468590776,0,0.0732549256172733,0,inverted_controls,0
48,vanilla,18,26.0,0.12365869841532712,0,0.07616026279253837,0,inverted_controls,0
48,vanilla,19,27.0,0.10800599224428936,0,0.07258591239835009,0,inverted_controls,0
48,vanilla,20,28.0,0.09386293109673778,0,0.09188622378167652,0,inverted_controls,0
48,vanilla,21,15.0,0.08706434220766679,0,0.5216675678888956,0,inverted_controls,0
48,vanilla,22,28.0,0.07566352740075044,0,0.26386972836085726,0,inverted_controls,0
48,vanilla,23,22.0,0.0677632708131484,0,0.12003309076482599,0,inverted_controls,0
48,vanilla,24,20.0,0.06129936495526111,0,0.16241969267527262,0,inverted_controls,0
48,vanilla,25,26.0,0.05380914294022049,0,0.13997829266083545,0,inverted_controls,0
48,vanilla,26,23.0,0.04794981455780219,0,0.13332641988560773,0,inverted_controls,0
48,vanilla,27,21.0,0.043159025252331236,0,0.15742093608492896,0,inverted_controls,0
48,vanilla,28,29.0,0.037319942779450235,0,0.1460910405235729,0,inverted_controls,0
48,vanilla,29,33.0,0.03163025067641567,0,0.14258689952619147,0,inverted_controls,0
48,vanilla,30,21.0,0.028469990974320916,0,0.0989034100184365,0,inverted_controls,0
48,vanilla,31,10.0,0.02707809682994571,0,0.6740549246470133,0,inverted_controls,0
48,vanilla,32,32.0,0.023065173234186005,0,0.23017042378584543,0,inverted_controls,0
48,vanilla,33,34.0,0.019450979052291272,0,0.14423774036706663,0,inverted_controls,0
48,vanilla,34,75.0,0.01335588042198471,0,0.2584603251351251,0,inverted_controls,0
48,vanilla,35,39.0,0.01098430721937979,0,0.11523541833600429,0,inverted_controls,0
48,vanilla,36,35.0,0.01,0,0.10552208423614502,0,inverted_controls,0
48,vanilla,37,18.0,0.01,0,0.14593812271400733,0,inverted_controls,0
48,vanilla,38,39.0,0.01,0,0.10412360664106843,0,inverted_controls,0
48,vanilla,39,16.0,0.01,0,0.17446088045835495,0,inverted_controls,0
48,vanilla,40,37.0,0.01,0,0.13687873745823764,0,inverted_controls,0
48,vanilla,41,24.0,0.01,0,0.3739619453748067,0,inverted_controls,0
48,vanilla,42,17.0,0.01,0,0.31476126465142945,0,inverted_controls,0
48,vanilla,43,188.0,0.01,0,0.08804733152930619,0,inverted_controls,0
48,vanilla,44,137.0,0.01,0,0.15653873592107545,0,inverted_controls,0
48,vanilla,45,122.0,0.01,0,0.17883294723072987,0,inverted_controls,0
48,vanilla,46,165.0,0.01,0,0.24229010090683445,0,inverted_controls,0
48,vanilla,47,181.0,0.01,0,0.08444705413410897,0,inverted_controls,0
48,vanilla,48,175.0,0.01,0,0.10119501590728759,0,inverted_controls,0
48,vanilla,49,209.0,0.01,0,0.08134534180259399,0,inverted_controls,0
48,vanilla,50,161.0,0.01,0,0.07988352015398552,0,inverted_controls,0
48,vanilla,51,208.0,0.01,0,0.14690653253824282,0,inverted_controls,0
48,vanilla,52,248.0,0.01,0,0.08516331641904769,0,inverted_controls,0
48,vanilla,53,209.0,0.01,0,0.08383499758475514,0,inverted_controls,0
48,vanilla,54,197.0,0.01,0,0.08932288649118492,0,inverted_controls,0
48,vanilla,55,182.0,0.01,0,0.0810230546818548,0,inverted_controls,0
48,vanilla,56,199.0,0.01,0,0.08367538452148438,0,inverted_controls,0
48,vanilla,57,220.0,0.01,0,0.07559417594562877,0,inverted_controls,0
48,vanilla,58,185.0,0.01,0,0.08158314636161736,0,inverted_controls,0
48,vanilla,59,194.0,0.01,0,0.07922143419993292,0,inverted_controls,0
48,vanilla,60,190.0,0.01,0,0.0777607754657143,0,inverted_controls,0
48,vanilla,61,212.0,0.01,0,0.11924434457934878,0,inverted_controls,0
48,vanilla,62,206.0,0.01,0,0.08234674606508421,0,inverted_controls,0
48,vanilla,63,243.0,0.01,0,0.07083834771102675,0,inverted_controls,0
48,vanilla,64,217.0,0.01,0,0.07076425742810041,0,inverted_controls,0
48,vanilla,65,209.0,0.01,0,0.0750739243612335,0,inverted_controls,0
48,vanilla,66,197.0,0.01,0,0.07222083498378695,0,inverted_controls,0
48,vanilla,67,172.0,0.01,0,0.07183471761008567,0,inverted_controls,0
48,vanilla,68,218.0,0.01,0,0.06871193847889565,0,inverted_controls,0
48,vanilla,69,180.0,0.01,0,0.08416452098775792,0,inverted_controls,0
48,vanilla,70,186.0,0.01,0,0.0929354352335776,0,inverted_controls,0
48,vanilla,71,181.0,0.01,0,0.12889711984174246,0,inverted_controls,0
48,vanilla,72,177.0,0.01,0,0.09105408752929918,0,inverted_controls,0
48,vanilla,73,171.0,0.01,0,0.10023797929403144,0,inverted_controls,0
48,vanilla,74,174.0,0.01,0,0.09325279746475804,0,inverted_controls,0
48,vanilla,75,10.0,1.0,0,0.6307724396387737,1,inverted_controls,0
48,vanilla,76,37.0,1.0,0,0.46975241051063876,1,inverted_controls,0
48,vanilla,77,30.0,0.9322301194154049,0,0.48225555684831417,1,inverted_controls,0
48,vanilla,78,13.0,0.8734200960253871,0,0.5803308792603322,1,inverted_controls,0
48,vanilla,79,23.0,0.778312557068642,0,0.3136936218842216,1,inverted_controls,0
48,vanilla,80,39.0,0.6401093727576664,0,0.1832142548683362,1,inverted_controls,0
48,vanilla,81,18.0,0.5848838636585911,0,0.8299096447450143,1,inverted_controls,0
48,vanilla,82,67.0,0.4180382776616619,0,0.7936476059813997,1,inverted_controls,0
48,vanilla,83,25.0,0.36880183088056995,0,0.37023304303487137,1,inverted_controls,0
48,vanilla,84,43.0,0.29729358661854943,0,0.16282253117524373,1,inverted_controls,0
48,vanilla,85,23.0,0.2649210072611673,0,0.305828004643537,1,inverted_controls,0
48,vanilla,86,150.0,0.12490462201997637,0,0.1632130800353156,1,inverted_controls,0
48,vanilla,87,82.0,0.08280777787605056,0,0.18545773746521493,1,inverted_controls,0
48,vanilla,88,241.0,0.024741930939380097,0,0.2169305239475614,1,inverted_controls,0
48,vanilla,89,242.0,0.01,0,0.16310433251141845,1,inverted_controls,0
48,vanilla,90,210.0,0.01,0,0.17421302265591093,1,inverted_controls,0
48,vanilla,91,203.0,0.01,0,0.1800258327978977,1,inverted_controls,0
48,vanilla,92,226.0,0.01,0,0.1364161053941665,1,inverted_controls,0
48,vanilla,93,246.0,0.01,0,0.10966987209268377,1,inverted_controls,0
48,vanilla,94,238.0,0.01,0,0.13170764960494696,1,inverted_controls,0
48,vanilla,95,326.0,0.01,0,0.09321512327603768,1,inverted_controls,0
48,vanilla,96,212.0,0.01,0,0.14141703701619082,1,inverted_controls,0
48,vanilla,97,247.0,0.01,0,0.11846382318720644,1,inverted_controls,0
48,vanilla,98,203.0,0.01,0,0.11395097835897812,1,inverted_controls,0
48,vanilla,99,223.0,0.01,0,0.10709110254307677,1,inverted_controls,0
48,vanilla,100,228.0,0.01,0,0.13641452475597984,1,inverted_controls,0
48,vanilla,101,260.0,0.01,0,0.1273693200869438,1,inverted_controls,0
48,vanilla,102,384.0,0.01,0,0.16585218244128758,1,inverted_controls,0
48,vanilla,103,500.0,0.01,0,0.07589824525515237,1,inverted_controls,0
48,vanilla,104,275.0,0.01,0,0.09739843310731831,1,inverted_controls,0
48,vanilla,105,305.0,0.01,0,0.10327036914929667,1,inverted_controls,0
48,vanilla,106,375.0,0.01,0,0.08710721503363716,1,inverted_controls,0
48,vanilla,107,264.0,0.01,0,0.08562217517332599,1,inverted_controls,0
48,vanilla,108,424.0,0.01,0,0.0970778469019716,1,inverted_controls,0
48,vanilla,109,292.0,0.01,0,0.0922989197517639,1,inverted_controls,0
48,vanilla,110,331.0,0.01,0,0.09705960882634436,1,inverted_controls,0
48,vanilla,111,430.0,0.01,0,0.09810034286144168,1,inverted_controls,0
48,vanilla,112,346.0,0.01,0,0.0800712735666705,1,inverted_controls,0
48,vanilla,113,320.0,0.01,0,0.08588398446639378,1,inverted_controls,0
48,vanilla,114,298.0,0.01,0,0.09720373767067655,1,inverted_controls,0
48,vanilla,115,320.0,0.01,0,0.1273575946688652,1,inverted_controls,0
48,vanilla,116,500.0,0.01,0,0.05938636938730876,1,inverted_controls,0
48,vanilla,117,426.0,0.01,0,0.06990085931637664,1,inverted_controls,0
48,vanilla,118,291.0,0.01,0,0.09249996210428174,1,inverted_controls,0
48,vanilla,119,481.0,0.01,0,0.07191916463776586,1,inverted_controls,0
48,vanilla,120,290.0,0.01,0,0.10830739065148365,1,inverted_controls,0
48,vanilla,121,279.0,0.01,0,0.10131068269554147,1,inverted_controls,0
48,vanilla,122,345.0,0.01,0,0.0735498909789007,1,inverted_controls,0
48,vanilla,123,261.0,0.01,0,0.09229966720249766,1,inverted_controls,0
48,vanilla,124,500.0,0.01,0,0.05302188428243001,1,inverted_controls,0
48,vanilla,125,304.0,0.0,0,0.10474276281239696,1,inverted_controls,1
48,vanilla,126,352.0,0.0,0,0.09193969495368726,1,inverted_controls,1
48,vanilla,127,305.0,0.0,0,0.10344978447168902,1,inverted_controls,1
48,vanilla,128,344.0,0.0,0,0.1487712120825006,1,inverted_controls,1
48,vanilla,129,277.0,0.0,0,0.12286398241522797,1,inverted_controls,1
48,vanilla,130,331.0,0.0,0,0.09550061566832081,1,inverted_controls,1
48,vanilla,131,282.0,0.0,0,0.8509015478986375,1,inverted_controls,1
48,vanilla,132,296.0,0.0,0,0.848948697517584,1,inverted_controls,1
48,vanilla,133,334.0,0.0,0,0.8515940778507683,1,inverted_controls,1
48,vanilla,134,347.0,0.0,0,0.8534778925687734,1,inverted_controls,1
48,vanilla,135,500.0,0.0,0,0.8717331647872925,1,inverted_controls,1
48,vanilla,136,358.0,0.0,0,0.852616338312515,1,inverted_controls,1
48,vanilla,137,340.0,0.0,0,0.8524611970957587,1,inverted_controls,1
48,vanilla,138,394.0,0.0,0,0.8635709045703843,1,inverted_controls,1
48,vanilla,139,352.0,0.0,0,0.8605098952398156,1,inverted_controls,1
48,vanilla,140,432.0,0.0,0,0.8653528256180846,1,inverted_controls,1
48,vanilla,141,362.0,0.0,0,0.8626999848455356,1,inverted_controls,1
48,vanilla,142,334.0,0.0,0,0.8523280913244464,1,inverted_controls,1
48,vanilla,143,331.0,0.0,0,0.8517537443539408,1,inverted_controls,1
48,vanilla,144,500.0,0.0,0,0.8729539858500163,1,inverted_controls,1
48,vanilla,145,294.0,0.0,0,0.8484539412587138,1,inverted_controls,1
48,vanilla,146,343.0,0.0,0,0.8531697785773245,1,inverted_controls,1
48,vanilla,147,304.0,0.0,0,0.8517278448531502,1,inverted_controls,1
48,vanilla,148,342.0,0.0,0,0.853479241534748,1,inverted_controls,1
48,vanilla,149,357.0,0.0,0,0.8545340895096238,1,inverted_controls,1
48,hpd,0,18.0,1.0,0,1.034372979844058,0,inverted_controls,0
48,hpd,1,42.0,1.0,0,1.0383628422305697,0,inverted_controls,0
48,hpd,2,9.0,0.9703725093562657,0,0.9597671230634054,0,inverted_controls,0
48,hpd,3,19.0,0.8822202429488013,0,0.5072690060264186,0,inverted_controls,0
48,hpd,4,15.0,0.8183201210226743,0,0.2357283353805542,0,inverted_controls,0
48,hpd,5,28.0,0.7111635524897149,0,0.08073553230081287,0,inverted_controls,0
48,hpd,6,14.0,0.6629680834613705,0,0.028750675065176833,0,inverted_controls,0
48,hpd,7,15.0,0.6149486215357263,0,0.013974028163486057,0,inverted_controls,0
48,hpd,8,75.0,0.4222502236424958,0,0.011566396819220651,0,inverted_controls,0
48,hpd,9,11.0,0.3995984329713264,0,0.008706110896486225,0,inverted_controls,0
48,hpd,10,31.0,0.3420891339682016,0,0.0037326902471562875,0,inverted_controls,0
48,hpd,11,22.0,0.3063705780533402,0,0.4230291680856183,0,inverted_controls,0
48,hpd,12,18.0,0.2799384215094006,0,0.18321102195315891,0,inverted_controls,0
48,hpd,13,28.0,0.24328132378095624,0,0.07785668117659432,0,inverted_controls,0
48,hpd,14,29.0,0.21036724137609603,0,0.06118892116108161,0,inverted_controls,0
48,hpd,15,29.0,0.18190617987607657,0,0.061004927788657695,0,inverted_controls,0
48,hpd,16,28.0,0.1580861105294992,0,0.06234637754304068,0,inverted_controls,0
48,hpd,17,23.0,0.14087196468590776,0,0.0732549256172733,0,inverted_controls,0
48,hpd,18,26.0,0.12365869841532712,0,0.07616026279253837,0,inverted_controls,0
48,hpd,19,27.0,0.10800599224428936,0,0.07258591239835009,0,inverted_controls,0
48,hpd,20,28.0,0.09386293109673778,0,0.09188622378167652,0,inverted_controls,0
48,hpd,21,15.0,0.08706434220766679,0,0.5216675678888956,0,inverted_controls,0
48,hpd,22,28.0,0.07566352740075044,0,0.26386972836085726,0,inverted_controls,0
48,hpd,23,22.0,0.0677632708131484,0,0.12003309076482599,0,inverted_controls,0
48,hpd,24,20.0,0.06129936495526111,0,0.16241969267527262,0,inverted_controls,0
48,hpd,25,26.0,0.05380914294022049,0,0.13997829266083545,0,inverted_controls,0
48,hpd,26,23.0,0.04794981455780219,0,0.13332641988560773,0,inverted_controls,0
48,hpd,27,21.0,0.043159025252331236,0,0.15742093608492896,0,inverted_controls,0
48,hpd,28,29.0,0.037319942779450235,0,0.1460910405235729,0,inverted_controls,0
48,hpd,29,33.0,0.03163025067641567,0,0.14258689952619147,0,inverted_controls,0
48,hpd,30,21.0,0.028469990974320916,0,0.0989034100184365,0,inverted_controls,0
48,hpd,31,10.0,0.02707809682994571,0,0.6740549246470133,0,inverted_controls,0
48,hpd,32,32.0,0.023065173234186005,0,0.23017042378584543,0,inverted_controls,0
48,hpd,33,34.0,0.019450979052291272,0,0.14423774036706663,0,inverted_controls,0
48,hpd,34,75.0,0.01335588042198471,0,0.2584603251351251,0,inverted_controls,0
48,hpd,35,39.0,0.01098430721937979,0,0.11523541833600429,0,inverted_controls,0
48,hpd,36,35.0,0.01,0,0.10552208423614502,0,inverted_controls,0
48,hpd,37,18.0,0.01,0,0.14593812271400733,0,inverted_controls,0
48,hpd,38,39.0,0.01,0,0.10412360664106843,0,inverted_controls,0
48,hpd,39,16.0,0.01,0,0.17446088045835495,0,inverted_controls,0
48,hpd,40,37.0,0.01,0,0.13687873745823764,0,inverted_controls,0
48,hpd,41,24.0,0.01,0,0.3739619453748067,0,inverted_controls,0
48,hpd,42,17.0,0.01,0,0.31476126465142945,0,inverted_controls,0
48,hpd,43,188.0,0.01,0,0.08804733152930619,0,inverted_controls,0
48,hpd,44,137.0,0.01,0,0.15653873592107545,0,inverted_controls,0
48,hpd,45,122.0,0.01,0,0.17883294723072987,0,inverted_controls,0
48,hpd,46,165.0,0.01,0,0.24229010090683445,0,inverted_controls,0
48,hpd,47,181.0,0.01,0,0.08444705413410897,0,inverted_controls,0
48,hpd,48,175.0,0.01,0,0.10119501590728759,0,inverted_controls,0
48,hpd,49,209.0,0.01,0,0.08134534180259399,0,inverted_controls,0
48,hpd,50,161.0,0.01,0,0.07988352015398552,0,inverted_controls,0
48,hpd,51,208.0,0.01,0,0.14690653253824282,0,inverted_controls,0
48,hpd,52,248.0,0.01,0,0.08516331641904769,0,inverted_controls,0
48,hpd,53,209.0,0.01,0,0.08383499758475514,0,inverted_controls,0
48,hpd,54,197.0,0.01,0,0.08932288649118492,0,inverted_controls,0
48,hpd,55,182.0,0.01,0,0.0810230546818548,0,inverted_controls,0
48,hpd,56,199.0,0.01,0,0.08367538452148438,0,inverted_controls,0
48,hpd,57,220.0,0.01,0,0.07559417594562877,0,inverted_controls,0
48,hpd,58,185.0,0.01,0,0.08158314636161736,0,inverted_controls,0
48,hpd,59,194.0,0.01,0,0.07922143419993292,0,inverted_controls,0
48,hpd,60,190.0,0.01,0,0.0777607754657143,0,inverted_controls,0
48,hpd,61,212.0,0.01,0,0.11924434457934878,0,inverted_controls,0
48,hpd,62,206.0,0.01,0,0.08234674606508421,0,inverted_controls,0
48,hpd,63,243.0,0.01,0,0.07083834771102675,0,inverted_controls,0
48,hpd,64,217.0,0.01,0,0.07076425742810041,0,inverted_controls,0
48,hpd,65,209.0,0.01,0,0.0750739243612335,0,inverted_controls,0
48,hpd,66,197.0,0.01,0,0.07222083498378695,0,inverted_controls,0
48,hpd,67,172.0,0.01,0,0.07183471761008567,0,inverted_controls,0
48,hpd,68,218.0,0.01,0,0.06871193847889565,0,inverted_controls,0
48,hpd,69,180.0,0.01,0,0.08416452098775792,0,inverted_controls,0
48,hpd,70,186.0,0.01,0,0.0929354352335776,0,inverted_controls,0
48,hpd,71,181.0,0.01,0,0.12889711984174246,0,inverted_controls,0
48,hpd,72,177.0,0.01,0,0.09105408752929918,0,inverted_controls,0
48,hpd,73,171.0,0.01,0,0.10023797929403144,0,inverted_controls,0
48,hpd,74,174.0,0.01,0,0.09325279746475804,0,inverted_controls,0
48,hpd,75,11.0,1.0,1,0.6528634880528306,1,inverted_controls,0
48,hpd,76,38.0,1.0,1,2.2487414489712636,1,inverted_controls,0
48,hpd,77,35.0,0.9000874278732445,1,1.2067752315884543,1,inverted_controls,0
48,hpd,78,44.0,0.7219385759785162,1,0.9403281555031284,1,inverted_controls,0
48,hpd,79,64.0,0.5238143793828016,1,0.658160732438167,1,inverted_controls,0
48,hpd,80,78.0,0.3543053533848483,1,0.536705693628034,1,inverted_controls,0
48,hpd,81,42.0,0.28704309604425327,1,0.5173884005773635,1,inverted_controls,0
48,hpd,82,45.0,0.2290792429684691,1,0.3908744193889476,1,inverted_controls,0
48,hpd,83,70.0,0.16128775296900558,1,0.352526128859747,1,inverted_controls,0
48,hpd,84,49.0,0.1261630989318213,1,0.46408086569130824,1,inverted_controls,0
48,hpd,85,48.0,0.09918368135888474,1,0.3722456511523988,1,inverted_controls,0
48,hpd,86,56.0,0.07490878371492794,1,0.4192166143939608,1,inverted_controls,0
48,hpd,87,33.0,0.06348840406243188,1,0.3357217263693761,1,inverted_controls,0
48,hpd,88,79.0,0.04272851397543923,1,0.36169768385746304,1,inverted_controls,0
48,hpd,89,57.0,0.032109488810599975,1,0.5733093852885285,1,inverted_controls,0
48,hpd,90,172.0,0.013558238831322046,1,0.46349085786545924,1,inverted_controls,0
48,hpd,91,50.0,0.010552547534153616,1,0.3527019071578979,1,inverted_controls,0
48,hpd,92,50.0,0.01,1,0.2811999003092448,1,inverted_controls,0
48,hpd,93,135.0,0.01,1,0.2633946733710207,1,inverted_controls,0
48,hpd,94,151.0,0.01,1,0.2796052302219484,1,inverted_controls,0
48,hpd,95,194.0,0.01,1,0.23910111844334817,1,inverted_controls,0
48,hpd,96,152.0,0.01,1,0.24511634623795228,1,inverted_controls,0
48,hpd,97,148.0,0.01,1,0.2213942856938989,1,inverted_controls,0
48,hpd,98,139.0,0.01,1,0.21774048828106707,1,inverted_controls,0
48,hpd,99,175.0,0.01,1,0.1966014961969285,1,inverted_controls,0
48,hpd,100,253.0,0.01,1,0.39942770104791503,1,inverted_controls,0
48,hpd,101,339.0,0.01,1,0.31503756404391897,1,inverted_controls,0
48,hpd,102,357.0,0.01,1,0.2774496265486175,1,inverted_controls,0
48,hpd,103,500.0,0.01,1,0.22974228127797441,1,inverted_controls,0
48,hpd,104,330.0,0.01,1,0.2857809983118616,1,inverted_controls,0
48,hpd,105,500.0,0.01,1,0.2099633083343506,1,inverted_controls,0
48,hpd,106,500.0,0.01,1,0.21322755289077758,1,inverted_controls,0
48,hpd,107,410.0,0.01,1,0.22073020528002482,1,inverted_controls,0
48,hpd,108,500.0,0.01,1,0.21948977331320443,1,inverted_controls,0
48,hpd,109,361.0,0.01,1,0.18165513908874076,1,inverted_controls,0
48,hpd,110,356.0,0.01,1,0.21647249737035917,1,inverted_controls,0
48,hpd,111,500.0,0.01,1,0.20305146217346193,1,inverted_controls,0
48,hpd,112,500.0,0.01,1,0.17324695587158204,1,inverted_controls,0
48,hpd,113,500.0,0.01,0,0.16286096890767415,1,inverted_controls,0
48,hpd,114,500.0,0.01,1,0.2528516798019409,1,inverted_controls,0
48,hpd,115,500.0,0.01,0,0.1415585371653239,1,inverted_controls,0
48,hpd,116,500.0,0.01,1,0.13444293594360351,1,inverted_controls,0
48,hpd,117,500.0,0.01,1,0.12395378748575846,1,inverted_controls,0
48,hpd,118,484.0,0.01,1,0.2519231469629553,1,inverted_controls,0
48,hpd,119,397.0,0.01,1,0.27341754150230474,1,inverted_controls,0
48,hpd,120,423.0,0.01,1,0.39655715663945984,1,inverted_controls,0
48,hpd,121,337.0,0.01,1,0.36633481016027,1,inverted_controls,0
48,hpd,122,500.0,0.01,1,0.31481819550196327,1,inverted_controls,0
48,hpd,123,443.0,0.01,1,0.3346957920905429,1,inverted_controls,0
48,hpd,124,162.0,0.01,1,0.34002337754999173,1,inverted_controls,0
48,hpd,125,47.0,0.0,0,0.9156768440354802,1,inverted_controls,1
48,hpd,126,51.0,0.0,0,0.9361533619999107,1,inverted_controls,1
48,hpd,127,31.0,0.0,0,0.8915654664398519,1,inverted_controls,1
48,hpd,128,27.0,0.0,0,1.0086975450868958,1,inverted_controls,1
48,hpd,129,26.0,0.0,0,0.9263967000521145,1,inverted_controls,1
48,hpd,130,27.0,0.0,0,1.036071482999825,1,inverted_controls,1
48,hpd,131,39.0,0.0,0,0.9701914705781857,1,inverted_controls,1
48,hpd,132,47.0,0.0,0,1.0212509885747378,1,inverted_controls,1
48,hpd,133,38.0,0.0,0,0.9150416934699341,1,inverted_controls,1
48,hpd,134,36.0,0.0,0,0.9025826983981662,1,inverted_controls,1
48,hpd,135,45.0,0.0,0,0.9941175072281448,1,inverted_controls,1
48,hpd,136,28.0,0.0,0,0.8787635621570404,1,inverted_controls,1
48,hpd,137,52.0,0.0,0,0.9177909294764202,1,inverted_controls,1
48,hpd,138,27.0,0.0,0,0.9487698725712153,1,inverted_controls,1
48,hpd,139,37.0,0.0,0,0.9359433758366215,1,inverted_controls,1
48,hpd,140,27.0,0.0,0,0.9075720810595853,1,inverted_controls,1
48,hpd,141,53.0,0.0,0,0.9308161615575633,1,inverted_controls,1
48,hpd,142,26.0,0.0,0,1.01535248145079,1,inverted_controls,1
48,hpd,143,40.0,0.0,0,1.009343671798706,1,inverted_controls,1
48,hpd,144,27.0,0.0,0,0.9406566796479403,1,inverted_controls,1
48,hpd,145,24.0,0.0,0,0.9483319388495554,1,inverted_controls,1
48,hpd,146,32.0,0.0,0,0.936174139380455,1,inverted_controls,1
48,hpd,147,39.0,0.0,0,1.0102144714094636,1,inverted_controls,1
48,hpd,148,33.0,0.0,0,0.924999865618619,1,inverted_controls,1
48,hpd,149,34.0,0.0,0,0.9288749461080514,1,inverted_controls,1
49,vanilla,0,24.0,1.0,0,1.0186562629209623,0,inverted_controls,0
49,vanilla,1,23.0,1.0,0,1.006798249223958,0,inverted_controls,0
49,vanilla,2,31.0,0.9275689688183278,0,0.8083473418348579,0,inverted_controls,0
49,vanilla,3,11.0,0.8778091417340573,0,0.3398056355389682,0,inverted_controls,0
49,vanilla,4,55.0,0.6662995813682115,0,0.10776580210888023,0,inverted_controls,0
49,vanilla,5,11.0,0.6305556603555866,0,0.036325270479375664,0,inverted_controls,0
49,vanilla,6,62.0,0.46211964903917074,0,0.03146715574367072,0,inverted_controls,0
49,vanilla,7,18.0,0.4222502236424958,0,0.020907351264247188,0,inverted_controls,0
49,vanilla,8,12.0,0.3976004408064698,0,0.015013320578469172,0,inverted_controls,0
49,vanilla,9,10.0,0.37816180712868996,0,0.020114600658416748,0,inverted_controls,0
49,vanilla,10,12.0,0.35608578229633,0,0.019664718045128714,0,inverted_controls,0
49,vanilla,11,13.0,0.33362200135903064,0,0.5233891071417393,0,inverted_controls,0
49,vanilla,12,42.0,0.2702863258025825,0,0.15526720550325182,0,inverted_controls,0
49,vanilla,13,13.0,0.2532352299289372,0,0.13351138738485482,0,inverted_controls,0
49,vanilla,14,35.0,0.21248679717794605,0,0.06010574726831345,0,inverted_controls,0
49,vanilla,15,19.0,0.19318370215794672,0,0.08977686104021573,0,inverted_controls,0
49,vanilla,16,11.0,0.182820281282489,0,0.1677454493262551,0,inverted_controls,0
49,vanilla,17,14.0,0.17043057265153258,0,0.12460946185248238,0,inverted_controls,0
49,vanilla,18,15.0,0.1580861105294992,0,0.09948067135281033,0,inverted_controls,0
49,vanilla,19,24.0,0.14016760486247823,0,0.08743273880746631,0,inverted_controls,0
49,vanilla,20,10.0,0.13331482894782642,0,0.13242096106211346,0,inverted_controls,0
49,vanilla,21,12.0,0.1255322834371622,0,0.636348499192132,0,inverted_controls,0
49,vanilla,22,48.0,0.09868776295209031,0,0.18654554916752708,0,inverted_controls,0
49,vanilla,23,14.0,0.09199970504166631,0,0.1693482569285802,0,inverted_controls,0
49,vanilla,24,20.0,0.0832238973628649,0,0.1336948037147522,0,inverted_controls,0
49,vanilla,25,48.0,0.06542683706543727,0,0.13364656103981865,0,inverted_controls,0
49,vanilla,26,33.0,0.0554520479727078,0,0.13172838182160349,0,inverted_controls,0
49,vanilla,27,54.0,0.04230229704853423,0,0.09164261965104092,0,inverted_controls,0
49,vanilla,28,18.0,0.0386526615487428,0,0.1413619429976852,0,inverted_controls,0
49,vanilla,29,34.0,0.032595988006089364,0,0.10412829763749067,0,inverted_controls,0
49,vanilla,30,47.0,0.025754252208694463,0,0.14238317300241887,0,inverted_controls,0
49,vanilla,31,40.0,0.021075222784267326,0,0.375961842139562,0,inverted_controls,0
49,vanilla,32,30.0,0.018132788524664028,0,0.1687479231092665,0,inverted_controls,0
49,vanilla,33,100.0,0.01098430721937979,0,0.14441936651865644,0,inverted_controls,0
49,vanilla,34,36.0,0.01,0,0.17398927609125775,0,inverted_controls,0
49,vanilla,35,45.0,0.01,0,0.15451619713394732,0,inverted_controls,0
49,vanilla,36,166.0,0.01,0,0.06904430801131159,0,inverted_controls,0
49,vanilla,37,71.0,0.01,0,0.10531253993791034,0,inverted_controls,0
49,vanilla,38,66.0,0.01,0,0.08949457274542916,0,inverted_controls,0
49,vanilla,39,116.0,0.01,0,0.11083671279337215,0,inverted_controls,0
49,vanilla,40,21.0,0.01,0,0.22058231868441144,0,inverted_controls,0
49,vanilla,41,80.0,0.01,0,0.21250737806161246,0,inverted_controls,0
49,vanilla,42,138.0,0.01,0,0.10152412727835099,0,inverted_controls,0
49,vanilla,43,201.0,0.01,0,0.080908005905784,0,inverted_controls,0
49,vanilla,44,150.0,0.01,0,0.08006676938798693,0,inverted_controls,0
49,vanilla,45,248.0,0.01,0,0.07625004809389832,0,inverted_controls,0
49,vanilla,46,167.0,0.01,0,0.06691563391162011,0,inverted_controls,0
49,vanilla,47,120.0,0.01,0,0.09942063887914022,0,inverted_controls,0
49,vanilla,48,148.0,0.01,0,0.12001096343134976,0,inverted_controls,0
49,vanilla,49,134.0,0.01,0,0.07987088409822378,0,inverted_controls,0
49,vanilla,50,65.0,0.01,0,0.10263201640202449,0,inverted_controls,0
49,vanilla,51,134.0,0.01,0,0.17287776600662158,0,inverted_controls,0
49,vanilla,52,146.0,0.01,0,0.08496967243821654,0,inverted_controls,0
49,vanilla,53,173.0,0.01,0,0.0770586451124364,0,inverted_controls,0
49,vanilla,54,148.0,0.01,0,0.09343702138007225,0,inverted_controls,0
49,vanilla,55,198.0,0.01,0,0.07834973399486607,0,inverted_controls,0
49,vanilla,56,107.0,0.01,0,0.0809184257115159,0,inverted_controls,0
49,vanilla,57,137.0,0.01,0,0.09392874896381315,0,inverted_controls,0
49,vanilla,58,140.0,0.01,0,0.1412891285760062,0,inverted_controls,0
49,vanilla,59,172.0,0.01,0,0.08046460659929025,0,inverted_controls,0
49,vanilla,60,281.0,0.01,0,0.07127102131238328,0,inverted_controls,0
49,vanilla,61,159.0,0.01,0,0.17092392779496232,0,inverted_controls,0
49,vanilla,62,170.0,0.01,0,0.08279235035765406,0,inverted_controls,0
49,vanilla,63,135.0,0.01,0,0.09515463334542734,0,inverted_controls,0
49,vanilla,64,170.0,0.01,0,0.115088789135802,0,inverted_controls,0
49,vanilla,65,119.0,0.01,0,0.1403311774844215,0,inverted_controls,0
49,vanilla,66,144.0,0.01,0,0.10939199118702499,0,inverted_controls,0
49,vanilla,67,131.0,0.01,0,0.09639387519001656,0,inverted_controls,0
49,vanilla,68,263.0,0.01,0,0.08940803747817742,0,inverted_controls,0
49,vanilla,69,181.0,0.01,0,0.09799737341935245,0,inverted_controls,0
49,vanilla,70,171.0,0.01,0,0.08845369625277455,0,inverted_controls,0
49,vanilla,71,135.0,0.01,0,0.2067516150297942,0,inverted_controls,0
49,vanilla,72,168.0,0.01,0,0.13678402512792556,0,inverted_controls,0
49,vanilla,73,246.0,0.01,0,0.0958661076014604,0,inverted_controls,0
49,vanilla,74,293.0,0.01,0,0.0734443820512878,0,inverted_controls,0
49,vanilla,75,15.0,1.0,0,0.4819936301973131,1,inverted_controls,0
49,vanilla,76,33.0,1.0,0,0.4569519348818847,1,inverted_controls,0
49,vanilla,77,27.0,0.9416228069143757,0,0.2649629719463395,1,inverted_controls,0
49,vanilla,78,18.0,0.8603841919146962,0,0.2565023148501361,1,inverted_controls,0
49,vanilla,79,16.0,0.7940753492934954,0,0.22057033702731135,1,inverted_controls,0
49,vanilla,80,24.0,0.7040696960536299,0,0.2143006200591723,1,inverted_controls,0
49,vanilla,81,98.0,0.43080185560799106,0,0.2679604775443369,1,inverted_controls,0
49,vanilla,82,108.0,0.2507092085103961,0,0.23214007509343418,1,inverted_controls,0
49,vanilla,83,160.0,0.11242507996344034,0,0.23517861093084017,1,inverted_controls,0
49,vanilla,84,166.0,0.04892091923449087,0,0.18887832066620208,1,inverted_controls,0
49,vanilla,85,169.0,0.020969846670345987,0,0.11808622606407256,1,inverted_controls,0
49,vanilla,86,156.0,0.01,0,0.10225772271808396,1,inverted_controls,0
49,vanilla,87,161.0,0.01,0,0.09010863847120455,1,inverted_controls,0
49,vanilla,88,128.0,0.01,0,0.11847748110691705,1,inverted_controls,0
49,vanilla,89,164.0,0.01,0,0.12952795358208136,1,inverted_controls,0
49,vanilla,90,146.0,0.01,0,0.14295455092164477,1,inverted_controls,0
49,vanilla,91,155.0,0.01,0,0.17250310836299773,1,inverted_controls,0
49,vanilla,92,134.0,0.01,0,0.15030543483904937,1,inverted_controls,0
49,vanilla,93,133.0,0.01,0,0.1460688789386797,1,inverted_controls,0
49,vanilla,94,117.0,0.01,0,0.17841565575015514,1,inverted_controls,0
49,vanilla,95,161.0,0.01,0,0.14940645976096206,1,inverted_controls,0
49,vanilla,96,131.0,0.01,0,0.1582515476314166,1,inverted_controls,0
49,vanilla,97,133.0,0.01,0,0.14703029976751572,1,inverted_controls,0
49,vanilla,98,127.0,0.01,0,0.1386645910308117,1,inverted_controls,0
49,vanilla,99,121.0,0.01,0,0.17704832323983352,1,inverted_controls,0
49,vanilla,100,142.0,0.01,0,0.16124449537393631,1,inverted_controls,0
49,vanilla,101,126.0,0.01,0,0.2535519234087102,1,inverted_controls,0
49,vanilla,102,135.0,0.01,0,0.2031402446605541,1,inverted_controls,0
49,vanilla,103,128.0,0.01,0,0.1713115038971106,1,inverted_controls,0
49,vanilla,104,148.0,0.01,0,0.18049324525369181,1,inverted_controls,0
49,vanilla,105,140.0,0.01,0,0.11141120479220434,1,inverted_controls,0
49,vanilla,106,164.0,0.01,0,0.1171967203054971,1,inverted_controls,0
49,vanilla,107,149.0,0.01,0,0.12342372303307723,1,inverted_controls,0
49,vanilla,108,139.0,0.01,0,0.12372413013192964,1,inverted_controls,0
49,vanilla,109,146.0,0.01,0,0.12973054848849502,1,inverted_controls,0
49,vanilla,110,133.0,0.01,0,0.12863829141870178,1,inverted_controls,0
49,vanilla,111,135.0,0.01,0,0.15919325322280697,1,inverted_controls,0
49,vanilla,112,143.0,0.01,0,0.12363931349107435,1,inverted_controls,0
49,vanilla,113,154.0,0.01,0,0.10398910107550682,1,inverted_controls,0
49,vanilla,114,135.0,0.01,0,0.10954689861815653,1,inverted_controls,0
49,vanilla,115,162.0,0.01,0,0.0996097360618811,1,inverted_controls,0
49,vanilla,116,150.0,0.01,0,0.12040540907118055,1,inverted_controls,0
49,vanilla,117,158.0,0.01,0,0.12234486004471275,1,inverted_controls,0
49,vanilla,118,156.0,0.01,0,0.12789876542539674,1,inverted_controls,0
49,vanilla,119,141.0,0.01,0,0.15607332112377698,1,inverted_controls,0
49,vanilla,120,145.0,0.01,0,0.14502667613413142,1,inverted_controls,0
49,vanilla,121,147.0,0.01,0,0.17206138602189736,1,inverted_controls,0
49,vanilla,122,159.0,0.01,0,0.10553835572936503,1,inverted_controls,0
49,vanilla,123,172.0,0.01,0,0.1155316852783972,1,inverted_controls,0
49,vanilla,124,175.0,0.01,0,0.08887851442609515,1,inverted_controls,0
49,vanilla,125,182.0,0.0,0,0.08015494512550997,1,inverted_controls,1
49,vanilla,126,182.0,0.0,0,0.07937208331111588,1,inverted_controls,1
49,vanilla,127,143.0,0.0,0,0.0782218240635656,1,inverted_controls,1
49,vanilla,128,224.0,0.0,0,0.35962655998411636,1,inverted_controls,1
49,vanilla,129,200.0,0.0,0,0.39939496417840314,1,inverted_controls,1
49,vanilla,130,329.0,0.0,0,0.26739505129623803,1,inverted_controls,1
49,vanilla,131,174.0,0.0,0,0.8313890033298069,1,inverted_controls,1
49,vanilla,132,247.0,0.0,0,0.8460457945963953,1,inverted_controls,1
49,vanilla,133,184.0,0.0,0,0.8355853501437368,1,inverted_controls,1
49,vanilla,134,159.0,0.0,0,0.8295565436221267,1,inverted_controls,1
49,vanilla,135,167.0,0.0,0,0.8309979876596294,1,inverted_controls,1
49,vanilla,136,152.0,0.0,0,0.8225763957751425,1,inverted_controls,1
49,vanilla,137,231.0,0.0,0,0.8394717292868213,1,inverted_controls,1
49,vanilla,138,161.0,0.0,0,0.8300911215274724,1,inverted_controls,1
49,vanilla,139,265.0,0.0,0,0.8434534795629154,1,inverted_controls,1
49,vanilla,140,245.0,0.0,0,0.874132866843217,1,inverted_controls,1
49,vanilla,141,207.0,0.0,0,0.8329196680763109,1,inverted_controls,1
49,vanilla,142,223.0,0.0,0,0.8780358829305845,1,inverted_controls,1
49,vanilla,143,166.0,0.0,0,0.8271498429966739,1,inverted_controls,1
49,vanilla,144,256.0,0.0,0,0.8790504985178511,1,inverted_controls,1
49,vanilla,145,153.0,0.0,0,0.824622333439347,1,inverted_controls,1
49,vanilla,146,166.0,0.0,0,0.8293699289421479,1,inverted_controls,1
49,vanilla,147,253.0,0.0,0,0.8751303819014307,1,inverted_controls,1
49,vanilla,148,177.0,0.0,0,0.8273583753858808,1,inverted_controls,1
49,vanilla,149,139.0,0.0,0,0.8224714745720514,1,inverted_controls,1
49,hpd,0,24.0,1.0,0,1.0186562629209623,0,inverted_controls,0
49,hpd,1,23.0,1.0,0,1.006798249223958,0,inverted_controls,0
49,hpd,2,31.0,0.9275689688183278,0,0.8083473418348579,0,inverted_controls,0
49,hpd,3,11.0,0.8778091417340573,0,0.3398056355389682,0,inverted_controls,0
49,hpd,4,55.0,0.6662995813682115,0,0.10776580210888023,0,inverted_controls,0
49,hpd,5,11.0,0.6305556603555866,0,0.036325270479375664,0,inverted_controls,0
49,hpd,6,62.0,0.46211964903917074,0,0.03146715574367072,0,inverted_controls,0
49,hpd,7,18.0,0.4222502236424958,0,0.020907351264247188,0,inverted_controls,0
49,hpd,8,12.0,0.3976004408064698,0,0.015013320578469172,0,inverted_controls,0
49,hpd,9,10.0,0.37816180712868996,0,0.020114600658416748,0,inverted_controls,0
49,hpd,10,12.0,0.35608578229633,0,0.019664718045128714,0,inverted_controls,0
49,hpd,11,13.0,0.33362200135903064,0,0.5233891071417393,0,inverted_controls,0
49,hpd,12,42.0,0.2702863258025825,0,0.15526720550325182,0,inverted_controls,0
49,hpd,13,13.0,0.2532352299289372,0,0.13351138738485482,0,inverted_controls,0
49,hpd,14,35.0,0.21248679717794605,0,0.06010574726831345,0,inverted_controls,0
49,hpd,15,19.0,0.19318370215794672,0,0.08977686104021573,0,inverted_controls,0
49,hpd,16,11.0,0.182820281282489,0,0.1677454493262551,0,inverted_controls,0
49,hpd,17,14.0,0.17043057265153258,0,0.12460946185248238,0,inverted_controls,0
49,hpd,18,15.0,0.1580861105294992,0,0.09948067135281033,0,inverted_controls,0
49,hpd,19,24.0,0.14016760486247823,0,0.08743273880746631,0,inverted_controls,0
49,hpd,20,10.0,0.13331482894782642,0,0.13242096106211346,0,inverted_controls,0
49,hpd,21,12.0,0.1255322834371622,0,0.636348499192132,0,inverted_controls,0
49,hpd,22,48.0,0.09868776295209031,0,0.18654554916752708,0,inverted_controls,0
49,hpd,23,14.0,0.09199970504166631,0,0.1693482569285802,0,inverted_controls,0
49,hpd,24,20.0,0.0832238973628649,0,0.1336948037147522,0,inverted_controls,0
49,hpd,25,48.0,0.06542683706543727,0,0.13364656103981865,0,inverted_controls,0
49,hpd,26,33.0,0.0554520479727078,0,0.13172838182160349,0,inverted_controls,0
49,hpd,27,54.0,0.04230229704853423,0,0.09164261965104092,0,inverted_controls,0
49,hpd,28,18.0,0.0386526615487428,0,0.1413619429976852,0,inverted_controls,0
49,hpd,29,34.0,0.032595988006089364,0,0.10412829763749067,0,inverted_controls,0
49,hpd,30,47.0,0.025754252208694463,0,0.14238317300241887,0,inverted_controls,0
49,hpd,31,40.0,0.021075222784267326,0,0.375961842139562,0,inverted_controls,0
49,hpd,32,30.0,0.018132788524664028,0,0.1687479231092665,0,inverted_controls,0
49,hpd,33,100.0,0.01098430721937979,0,0.14441936651865644,0,inverted_controls,0
49,hpd,34,36.0,0.01,0,0.17398927609125775,0,inverted_controls,0
49,hpd,35,45.0,0.01,0,0.15451619713394732,0,inverted_controls,0
49,hpd,36,166.0,0.01,0,0.06904430801131159,0,inverted_controls,0
49,hpd,37,71.0,0.01,0,0.10531253993791034,0,inverted_controls,0
49,hpd,38,66.0,0.01,0,0.08949457274542916,0,inverted_controls,0
49,hpd,39,116.0,0.01,0,0.11083671279337215,0,inverted_controls,0
49,hpd,40,21.0,0.01,0,0.22058231868441144,0,inverted_controls,0
49,hpd,41,80.0,0.01,0,0.21250737806161246,0,inverted_controls,0
49,hpd,42,138.0,0.01,0,0.10152412727835099,0,inverted_controls,0
49,hpd,43,201.0,0.01,0,0.080908005905784,0,inverted_controls,0
49,hpd,44,150.0,0.01,0,0.08006676938798693,0,inverted_controls,0
49,hpd,45,248.0,0.01,0,0.07625004809389832,0,inverted_controls,0
49,hpd,46,167.0,0.01,0,0.06691563391162011,0,inverted_controls,0
49,hpd,47,120.0,0.01,0,0.09942063887914022,0,inverted_controls,0
49,hpd,48,148.0,0.01,0,0.12001096343134976,0,inverted_controls,0
49,hpd,49,134.0,0.01,0,0.07987088409822378,0,inverted_controls,0
49,hpd,50,65.0,0.01,0,0.10263201640202449,0,inverted_controls,0
49,hpd,51,134.0,0.01,0,0.17287776600662158,0,inverted_controls,0
49,hpd,52,146.0,0.01,0,0.08496967243821654,0,inverted_controls,0
49,hpd,53,173.0,0.01,0,0.0770586451124364,0,inverted_controls,0
49,hpd,54,148.0,0.01,0,0.09343702138007225,0,inverted_controls,0
49,hpd,55,198.0,0.01,0,0.07834973399486607,0,inverted_controls,0
49,hpd,56,107.0,0.01,0,0.0809184257115159,0,inverted_controls,0
49,hpd,57,137.0,0.01,0,0.09392874896381315,0,inverted_controls,0
49,hpd,58,140.0,0.01,0,0.1412891285760062,0,inverted_controls,0
49,hpd,59,172.0,0.01,0,0.08046460659929025,0,inverted_controls,0
49,hpd,60,281.0,0.01,0,0.07127102131238328,0,inverted_controls,0
49,hpd,61,159.0,0.01,0,0.17092392779496232,0,inverted_controls,0
49,hpd,62,170.0,0.01,0,0.08279235035765406,0,inverted_controls,0
49,hpd,63,135.0,0.01,0,0.09515463334542734,0,inverted_controls,0
49,hpd,64,170.0,0.01,0,0.115088789135802,0,inverted_controls,0
49,hpd,65,119.0,0.01,0,0.1403311774844215,0,inverted_controls,0
49,hpd,66,144.0,0.01,0,0.10939199118702499,0,inverted_controls,0
49,hpd,67,131.0,0.01,0,0.09639387519001656,0,inverted_controls,0
49,hpd,68,263.0,0.01,0,0.08940803747817742,0,inverted_controls,0
49,hpd,69,181.0,0.01,0,0.09799737341935245,0,inverted_controls,0
49,hpd,70,171.0,0.01,0,0.08845369625277455,0,inverted_controls,0
49,hpd,71,135.0,0.01,0,0.2067516150297942,0,inverted_controls,0
49,hpd,72,168.0,0.01,0,0.13678402512792556,0,inverted_controls,0
49,hpd,73,246.0,0.01,0,0.0958661076014604,0,inverted_controls,0
49,hpd,74,293.0,0.01,0,0.0734443820512878,0,inverted_controls,0
49,hpd,75,30.0,1.0,1,1.4771807922257316,1,inverted_controls,0
49,hpd,76,87.0,0.7628626641409962,1,0.9487077605221922,1,inverted_controls,0
49,hpd,77,63.0,0.5562889678716474,1,0.5804589955264299,1,inverted_controls,0
49,hpd,78,196.0,0.20826882814336947,1,0.835286955621575,1,inverted_controls,0
49,hpd,79,55.0,0.1580861105294992,1,0.43000742016416604,1,inverted_controls,0
49,hpd,80,25.0,0.13946676683816583,1,0.46103155453999833,1,inverted_controls,0
49,hpd,81,120.0,0.07642587550895225,1,0.4227827085389031,1,inverted_controls,0
49,hpd,82,67.0,0.05462441922520914,1,0.28752163868045333,1,inverted_controls,0
49,hpd,83,89.0,0.03496560272750046,1,0.3160287557023295,1,inverted_controls,0
49,hpd,84,211.0,0.012142582314594924,1,0.37447608892009915,1,inverted_controls,0
49,hpd,85,286.0,0.01,1,0.3028740959289747,1,inverted_controls,0
49,hpd,86,196.0,0.01,1,0.3040889495489549,1,inverted_controls,0
49,hpd,87,125.0,0.01,1,0.25061902364095057,1,inverted_controls,0
49,hpd,88,134.0,0.01,1,0.3802695559031927,1,inverted_controls,0
49,hpd,89,194.0,0.01,1,0.2540865484177042,1,inverted_controls,0
49,hpd,90,237.0,0.01,1,0.25585773775849163,1,inverted_controls,0
49,hpd,91,142.0,0.01,1,0.2344646285957014,1,inverted_controls,0
49,hpd,92,315.0,0.01,1,0.24134897800980423,1,inverted_controls,0
49,hpd,93,500.0,0.01,0,0.20358674558003742,1,inverted_controls,0
49,hpd,94,390.0,0.01,1,0.3276184162268272,1,inverted_controls,0
49,hpd,95,131.0,0.01,1,0.2533762451194928,1,inverted_controls,0
49,hpd,96,283.0,0.01,1,0.21839143951874318,1,inverted_controls,0
49,hpd,97,500.0,0.01,1,0.1668239870071411,1,inverted_controls,0
49,hpd,98,252.0,0.01,1,0.22952325240014093,1,inverted_controls,0
49,hpd,99,500.0,0.01,0,0.11482446984450023,1,inverted_controls,0
49,hpd,100,500.0,0.01,0,0.1197100429534912,1,inverted_controls,0
49,hpd,101,500.0,0.01,1,0.12651746050516766,1,inverted_controls,0
49,hpd,102,394.0,0.01,1,0.2110698162601684,1,inverted_controls,0
49,hpd,103,455.0,0.01,1,0.17289064044044128,1,inverted_controls,0
49,hpd,104,500.0,0.01,1,0.14098324298858642,1,inverted_controls,0
49,hpd,105,500.0,0.01,1,0.10439996719360352,1,inverted_controls,0
49,hpd,106,429.0,0.01,1,0.2485168508623771,1,inverted_controls,0
49,hpd,107,177.0,0.01,1,0.2846428860827803,1,inverted_controls,0
49,hpd,108,282.0,0.01,1,0.17246821572030974,1,inverted_controls,0
49,hpd,109,357.0,0.01,1,0.1551368129687483,1,inverted_controls,0
49,hpd,110,481.0,0.01,1,0.172496961291598,1,inverted_controls,0
49,hpd,111,500.0,0.01,1,0.15158384021123247,1,inverted_controls,0
49,hpd,112,500.0,0.01,1,0.12772910181681316,1,inverted_controls,0
49,hpd,113,500.0,0.01,0,0.12938022549947104,1,inverted_controls,0
49,hpd,114,500.0,0.01,1,0.14111243629455567,1,inverted_controls,0
49,hpd,115,500.0,0.01,0,0.1399192428588867,1,inverted_controls,0
49,hpd,116,441.0,0.01,1,0.22239458263596168,1,inverted_controls,0
49,hpd,117,500.0,0.01,1,0.1430275619824727,1,inverted_controls,0
49,hpd,118,384.0,0.01,1,0.22360422420832846,1,inverted_controls,0
49,hpd,119,37.0,0.01,1,0.44021991566494784,1,inverted_controls,0
49,hpd,120,265.0,0.01,1,0.4365355066533358,1,inverted_controls,0
49,hpd,121,500.0,0.01,1,0.23749899737040203,1,inverted_controls,0
49,hpd,122,436.0,0.01,1,0.2178751341428961,1,inverted_controls,0
49,hpd,123,500.0,0.01,1,0.158098458925883,1,inverted_controls,0
49,hpd,124,500.0,0.01,1,0.14915937360127765,1,inverted_controls,0
49,hpd,125,500.0,0.0,0,0.8673769442240398,1,inverted_controls,1
49,hpd,126,500.0,0.0,0,0.8690244420369465,1,inverted_controls,1
49,hpd,127,500.0,0.0,0,0.8680225245157879,1,inverted_controls,1
49,hpd,128,500.0,0.0,0,0.8679968687693279,1,inverted_controls,1
49,hpd,129,500.0,0.0,0,0.8675124085744221,1,inverted_controls,1
49,hpd,130,500.0,0.0,0,0.8664400653839112,1,inverted_controls,1
49,hpd,131,500.0,0.0,0,0.8691549294789632,1,inverted_controls,1
49,hpd,132,500.0,0.0,0,0.8673488012949626,1,inverted_controls,1
49,hpd,133,500.0,0.0,0,0.8680671068827309,1,inverted_controls,1
49,hpd,134,500.0,0.0,0,0.8668927357991536,1,inverted_controls,1
49,hpd,135,500.0,0.0,0,0.8690262069702148,1,inverted_controls,1
49,hpd,136,500.0,0.0,0,0.8681371313730877,1,inverted_controls,1
49,hpd,137,500.0,0.0,0,0.8676300811767578,1,inverted_controls,1
49,hpd,138,500.0,0.0,0,0.8668919620513916,1,inverted_controls,1
49,hpd,139,500.0,0.0,0,0.8663141307830811,1,inverted_controls,1
49,hpd,140,500.0,0.0,0,0.8669148705800374,1,inverted_controls,1
49,hpd,141,500.0,0.0,0,0.8682631219228107,1,inverted_controls,1
49,hpd,142,500.0,0.0,0,0.8680051746368408,1,inverted_controls,1
49,hpd,143,500.0,0.0,0,0.867268611272176,1,inverted_controls,1
49,hpd,144,500.0,0.0,0,0.8671368611653645,1,inverted_controls,1
49,hpd,145,500.0,0.0,0,0.8672043819427491,1,inverted_controls,1
49,hpd,146,500.0,0.0,0,0.8670232582092285,1,inverted_controls,1
49,hpd,147,500.0,0.0,0,0.8682897885640461,1,inverted_controls,1
49,hpd,148,500.0,0.0,0,0.8673071231842041,1,inverted_controls,1
49,hpd,149,500.0,0.0,0,0.868569585164388,1,inverted_controls,1
50,vanilla,0,11.0,1.0,0,1.0065421191128816,0,inverted_controls,0
50,vanilla,1,49.0,1.0,0,1.0087474937341652,0,inverted_controls,0
50,vanilla,2,23.0,0.9046104802746175,0,0.7145555390827899,0,inverted_controls,0
50,vanilla,3,25.0,0.798065677681905,0,0.0906579049428304,0,inverted_controls,0
50,vanilla,4,39.0,0.6563549768288433,0,0.0860154073462527,0,inverted_controls,0
50,vanilla,5,13.0,0.6149486215357263,0,0.06665018430122963,0,inverted_controls,0
50,vanilla,6,14.0,0.5732736268885887,0,0.028541718210492815,0,inverted_controls,0
50,vanilla,7,14.0,0.5344229416520513,0,0.02530769223258609,0,inverted_controls,0
50,vanilla,8,15.0,0.49571413690105054,0,0.02056809796227349,0,inverted_controls,0
50,vanilla,9,12.0,0.46677573701590436,0,0.01878996027840508,0,inverted_controls,0
50,vanilla,10,12.0,0.43952667968844233,0,0.02269921369022793,0,inverted_controls,0
50,vanilla,11,13.0,0.4117990041127769,0,0.5388635641489272,0,inverted_controls,0
50,vanilla,12,27.0,0.3596735257153405,0,0.24504972975931047,0,inverted_controls,0
50,vanilla,13,12.0,0.3386767948568688,0,0.2025750908586714,0,inverted_controls,0
50,vanilla,14,11.0,0.32050833588933575,0,0.13268294840148,0,inverted_controls,0
50,vanilla,15,16.0,0.29580711868545667,0,0.07829055686791739,0,inverted_controls,0
50,vanilla,16,17.0,0.27164454854530906,0,0.10160897526086544,0,inverted_controls,0
50,vanilla,17,13.0,0.25450776877280124,0,0.08545203392322247,0,inverted_controls,0
50,vanilla,18,39.0,0.20931540516921554,0,0.09759911716493785,0,inverted_controls,0
50,vanilla,19,10.0,0.19908200231898848,0,0.15347563823064167,0,inverted_controls,0
50,vanilla,20,9.0,0.1903004112552766,0,0.22034524546729195,0,inverted_controls,0
50,vanilla,21,11.0,0.1800916657318127,0,0.5944412151972452,0,inverted_controls,0
50,vanilla,22,45.0,0.14372497725712216,0,0.15846034332557965,0,inverted_controls,0
50,vanilla,23,11.0,0.13601479046086049,0,0.24741475509874752,0,inverted_controls,0
50,vanilla,24,91.0,0.08619587539414532,0,0.08403187007694456,0,inverted_controls,0
50,vanilla,25,42.0,0.06983222438783,0,0.14747936668850126,0,inverted_controls,0
50,vanilla,26,41.0,0.05685938874076987,0,0.10623599649444829,0,inverted_controls,0
50,vanilla,27,56.0,0.04294323012606958,0,0.09784077249822164,0,inverted_controls,0
50,vanilla,28,29.0,0.037133343065552986,0,0.10470471985038667,0,inverted_controls,0
50,vanilla,29,41.0,0.030235026982422884,0,0.08827303677070432,0,inverted_controls,0
50,vanilla,30,50.0,0.023532301163728918,0,0.0886348009109497,0,inverted_controls,0
50,vanilla,31,173.0,0.01,0,0.15117880673307443,0,inverted_controls,0
50,vanilla,32,146.0,0.01,0,0.06653141594368572,0,inverted_controls,0
50,vanilla,33,115.0,0.01,0,0.08690517812535382,0,inverted_controls,0
50,vanilla,34,188.0,0.01,0,0.06874589590316123,0,inverted_controls,0
50,vanilla,35,133.0,0.01,0,0.07364155296096228,0,inverted_controls,0
50,vanilla,36,105.0,0.01,0,0.09040765762329102,0,inverted_controls,0
50,vanilla,37,148.0,0.01,0,0.0786565821450036,0,inverted_controls,0
50,vanilla,38,120.0,0.01,0,0.0705987956788805,0,inverted_controls,0
50,vanilla,39,124.0,0.01,0,0.07991979006798036,0,inverted_controls,0
50,vanilla,40,115.0,0.01,0,0.07668398497761159,0,inverted_controls,0
50,vanilla,41,87.0,0.01,0,0.17137898978602384,0,inverted_controls,0
50,vanilla,42,93.0,0.01,0,0.08451257982561665,0,inverted_controls,0
50,vanilla,43,158.0,0.01,0,0.07828462978958581,0,inverted_controls,0
50,vanilla,44,90.0,0.01,0,0.10082963042789038,0,inverted_controls,0
50,vanilla,45,108.0,0.01,0,0.07573849183541759,0,inverted_controls,0
50,vanilla,46,116.0,0.01,0,0.058512397538656474,0,inverted_controls,0
50,vanilla,47,122.0,0.01,0,0.05079872100079646,0,inverted_controls,0
50,vanilla,48,96.0,0.01,0,0.07775757379002042,0,inverted_controls,0
50,vanilla,49,152.0,0.01,0,0.059052281212388424,0,inverted_controls,0
50,vanilla,50,119.0,0.01,0,0.08293332238825096,0,inverted_controls,0
50,vanilla,51,124.0,0.01,0,0.1471731899887003,0,inverted_controls,0
50,vanilla,52,130.0,0.01,0,0.06819146046271692,0,inverted_controls,0
50,vanilla,53,103.0,0.01,0,0.0809478435701537,0,inverted_controls,0
50,vanilla,54,100.0,0.01,0,0.07891940514246623,0,inverted_controls,0
50,vanilla,55,123.0,0.01,0,0.05808138944269196,0,inverted_controls,0
50,vanilla,56,118.0,0.01,0,0.06923085383776219,0,inverted_controls,0
50,vanilla,57,103.0,0.01,0,0.06696242884910608,0,inverted_controls,0
50,vanilla,58,97.0,0.01,0,0.07469855059463133,0,inverted_controls,0
50,vanilla,59,115.0,0.01,0,0.07317186853160029,0,inverted_controls,0
50,vanilla,60,125.0,0.01,0,0.07447125879923502,0,inverted_controls,0
50,vanilla,61,176.0,0.01,0,0.10410803398399641,0,inverted_controls,0
50,vanilla,62,139.0,0.01,0,0.06675278139914827,0,inverted_controls,0
50,vanilla,63,114.0,0.01,0,0.05188143967885024,0,inverted_controls,0
50,vanilla,64,172.0,0.01,0,0.06868448622466981,0,inverted_controls,0
50,vanilla,65,138.0,0.01,0,0.06021559583968011,0,inverted_controls,0
50,vanilla,66,124.0,0.01,0,0.09208335927737658,0,inverted_controls,0
50,vanilla,67,152.0,0.01,0,0.1079919560436617,0,inverted_controls,0
50,vanilla,68,136.0,0.01,0,0.08404582154517082,0,inverted_controls,0
50,vanilla,69,157.0,0.01,0,0.16649016554441676,0,inverted_controls,0
50,vanilla,70,147.0,0.01,0,0.18146202083077292,0,inverted_controls,0
50,vanilla,71,172.0,0.01,0,0.1528344976809598,0,inverted_controls,0
50,vanilla,72,169.0,0.01,0,0.1076599841522277,0,inverted_controls,0
50,vanilla,73,158.0,0.01,0,0.15570257585259933,0,inverted_controls,0
50,vanilla,74,182.0,0.01,0,0.10895770373361888,0,inverted_controls,0
50,vanilla,75,27.0,1.0,0,0.44004227349787584,1,inverted_controls,0
50,vanilla,76,17.0,1.0,0,0.3537928345156651,1,inverted_controls,0
50,vanilla,77,27.0,0.960693043575437,0,0.39335417232395686,1,inverted_controls,0
50,vanilla,78,47.0,0.7590483508202912,0,0.17989810857367006,1,inverted_controls,0
50,vanilla,79,28.0,0.6596532430440636,0,0.32373630716687163,1,inverted_controls,0
50,vanilla,80,20.0,0.5967292370047992,0,0.2606337050596873,1,inverted_controls,0
50,vanilla,81,41.0,0.4858739637363176,0,0.2873012520433441,1,inverted_controls,0
50,vanilla,82,206.0,0.1730128104744653,0,0.22799457681989208,1,inverted_controls,0
50,vanilla,83,500.0,0.014112977003416188,0,0.09205551242828369,1,inverted_controls,0
50,vanilla,84,391.0,0.01,0,0.1854135123766698,1,inverted_controls,0
50,vanilla,85,286.0,0.01,0,0.11646133577907002,1,inverted_controls,0
50,vanilla,86,186.0,0.01,0,0.10872536384931175,1,inverted_controls,0
50,vanilla,87,183.0,0.01,0,0.08579683824966514,1,inverted_controls,0
50,vanilla,88,189.0,0.01,0,0.10954862612265127,1,inverted_controls,0
50,vanilla,89,238.0,0.01,0,0.11580728232359686,1,inverted_controls,0
50,vanilla,90,187.0,0.01,0,0.07107360201510941,1,inverted_controls,0
50,vanilla,91,202.0,0.01,0,0.11038448708285592,1,inverted_controls,0
50,vanilla,92,189.0,0.01,0,0.06173200392849231,1,inverted_controls,0
50,vanilla,93,172.0,0.01,0,0.06353252687195474,1,inverted_controls,0
50,vanilla,94,168.0,0.01,0,0.08040317230754428,1,inverted_controls,0
50,vanilla,95,160.0,0.01,0,0.0616957888007164,1,inverted_controls,0
50,vanilla,96,190.0,0.01,0,0.058785553982383325,1,inverted_controls,0
50,vanilla,97,187.0,0.01,0,0.07570802995440368,1,inverted_controls,0
50,vanilla,98,139.0,0.01,0,0.05569833245494669,1,inverted_controls,0
50,vanilla,99,153.0,0.01,0,0.06555238009018577,1,inverted_controls,0
50,vanilla,100,128.0,0.01,0,0.058516577196617924,1,inverted_controls,0
50,vanilla,101,172.0,0.01,0,0.10299444729967636,1,inverted_controls,0
50,vanilla,102,180.0,0.01,0,0.044927107184021556,1,inverted_controls,0
50,vanilla,103,188.0,0.01,0,0.05215799998729787,1,inverted_controls,0
50,vanilla,104,164.0,0.01,0,0.050805521205188775,1,inverted_controls,0
50,vanilla,105,156.0,0.01,0,0.055821571339908824,1,inverted_controls,0
50,vanilla,106,185.0,0.01,0,0.048108981321523865,1,inverted_controls,0
50,vanilla,107,183.0,0.01,0,0.07048183125876338,1,inverted_controls,0
50,vanilla,108,148.0,0.01,0,0.08306550120448207,1,inverted_controls,0
50,vanilla,109,173.0,0.01,0,0.053621617240942505,1,inverted_controls,0
50,vanilla,110,177.0,0.01,0,0.041933597368933616,1,inverted_controls,0
50,vanilla,111,158.0,0.01,0,0.10127848411914164,1,inverted_controls,0
50,vanilla,112,167.0,0.01,0,0.052351617289636415,1,inverted_controls,0
50,vanilla,113,168.0,0.01,0,0.05956438987974137,1,inverted_controls,0
50,vanilla,114,176.0,0.01,0,0.056875191403157783,1,inverted_controls,0
50,vanilla,115,161.0,0.01,0,0.05709951067069548,1,inverted_controls,0
50,vanilla,116,165.0,0.01,0,0.0529082543922193,1,inverted_controls,0
50,vanilla,117,166.0,0.01,0,0.053910408632822315,1,inverted_controls,0
50,vanilla,118,165.0,0.01,0,0.05206990097508286,1,inverted_controls,0
50,vanilla,119,167.0,0.01,0,0.05743497455429412,1,inverted_controls,0
50,vanilla,120,168.0,0.01,0,0.05950657502999382,1,inverted_controls,0
50,vanilla,121,182.0,0.01,0,0.10404213749882067,1,inverted_controls,0
50,vanilla,122,182.0,0.01,0,0.08480624270526481,1,inverted_controls,0
50,vanilla,123,177.0,0.01,0,0.07003832132802845,1,inverted_controls,0
50,vanilla,124,178.0,0.01,0,0.07141733437441708,1,inverted_controls,0
50,vanilla,125,178.0,0.0,0,0.07243281535887985,1,inverted_controls,1
50,vanilla,126,181.0,0.0,0,0.07488283794887816,1,inverted_controls,1
50,vanilla,127,183.0,0.0,0,0.06647542786728489,1,inverted_controls,1
50,vanilla,128,172.0,0.0,0,0.07272199835888175,1,inverted_controls,1
50,vanilla,129,157.0,0.0,0,0.07852290289164096,1,inverted_controls,1
50,vanilla,130,172.0,0.0,0,0.06881300053855247,1,inverted_controls,1
50,vanilla,131,182.0,0.0,0,0.8531832197210291,1,inverted_controls,1
50,vanilla,132,173.0,0.0,0,0.852911495748972,1,inverted_controls,1
50,vanilla,133,174.0,0.0,0,0.8536034415964878,1,inverted_controls,1
50,vanilla,134,177.0,0.0,0,0.8535260018206812,1,inverted_controls,1
50,vanilla,135,175.0,0.0,0,0.8546059540339879,1,inverted_controls,1
50,vanilla,136,176.0,0.0,0,0.8538217734206807,1,inverted_controls,1
50,vanilla,137,161.0,0.0,0,0.8516708837039229,1,inverted_controls,1
50,vanilla,138,183.0,0.0,0,0.8549716498682408,1,inverted_controls,1
50,vanilla,139,177.0,0.0,0,0.8543478203358623,1,inverted_controls,1
50,vanilla,140,170.0,0.0,0,0.8531302947624055,1,inverted_controls,1
50,vanilla,141,169.0,0.0,0,0.8525548268116908,1,inverted_controls,1
50,vanilla,142,162.0,0.0,0,0.8515182130130721,1,inverted_controls,1
50,vanilla,143,179.0,0.0,0,0.8546130155495868,1,inverted_controls,1
50,vanilla,144,165.0,0.0,0,0.8532813794685132,1,inverted_controls,1
50,vanilla,145,169.0,0.0,0,0.8533092673713639,1,inverted_controls,1
50,vanilla,146,162.0,0.0,0,0.8528459189850606,1,inverted_controls,1
50,vanilla,147,172.0,0.0,0,0.8526144184807474,1,inverted_controls,1
50,vanilla,148,166.0,0.0,0,0.8527171688386238,1,inverted_controls,1
50,vanilla,149,165.0,0.0,0,0.8519341155736134,1,inverted_controls,1
50,hpd,0,11.0,1.0,0,1.0065421191128816,0,inverted_controls,0
50,hpd,1,49.0,1.0,0,1.0087474937341652,0,inverted_controls,0
50,hpd,2,23.0,0.9046104802746175,0,0.7145555390827899,0,inverted_controls,0
50,hpd,3,25.0,0.798065677681905,0,0.0906579049428304,0,inverted_controls,0
50,hpd,4,39.0,0.6563549768288433,0,0.0860154073462527,0,inverted_controls,0
50,hpd,5,13.0,0.6149486215357263,0,0.06665018430122963,0,inverted_controls,0
50,hpd,6,14.0,0.5732736268885887,0,0.028541718210492815,0,inverted_controls,0
50,hpd,7,14.0,0.5344229416520513,0,0.02530769223258609,0,inverted_controls,0
50,hpd,8,15.0,0.49571413690105054,0,0.02056809796227349,0,inverted_controls,0
50,hpd,9,12.0,0.46677573701590436,0,0.01878996027840508,0,inverted_controls,0
50,hpd,10,12.0,0.43952667968844233,0,0.02269921369022793,0,inverted_controls,0
50,hpd,11,13.0,0.4117990041127769,0,0.5388635641489272,0,inverted_controls,0
50,hpd,12,27.0,0.3596735257153405,0,0.24504972975931047,0,inverted_controls,0
50,hpd,13,12.0,0.3386767948568688,0,0.2025750908586714,0,inverted_controls,0
50,hpd,14,11.0,0.32050833588933575,0,0.13268294840148,0,inverted_controls,0
50,hpd,15,16.0,0.29580711868545667,0,0.07829055686791739,0,inverted_controls,0
50,hpd,16,17.0,0.27164454854530906,0,0.10160897526086544,0,inverted_controls,0
50,hpd,17,13.0,0.25450776877280124,0,0.08545203392322247,0,inverted_controls,0
50,hpd,18,39.0,0.20931540516921554,0,0.09759911716493785,0,inverted_controls,0
50,hpd,19,10.0,0.19908200231898848,0,0.15347563823064167,0,inverted_controls,0
50,hpd,20,9.0,0.1903004112552766,0,0.22034524546729195,0,inverted_controls,0
50,hpd,21,11.0,0.1800916657318127,0,0.5944412151972452,0,inverted_controls,0
50,hpd,22,45.0,0.14372497725712216,0,0.15846034332557965,0,inverted_controls,0
50,hpd,23,11.0,0.13601479046086049,0,0.24741475509874752,0,inverted_controls,0
50,hpd,24,91.0,0.08619587539414532,0,0.08403187007694456,0,inverted_controls,0
50,hpd,25,42.0,0.06983222438783,0,0.14747936668850126,0,inverted_controls,0
50,hpd,26,41.0,0.05685938874076987,0,0.10623599649444829,0,inverted_controls,0
50,hpd,27,56.0,0.04294323012606958,0,0.09784077249822164,0,inverted_controls,0
50,hpd,28,29.0,0.037133343065552986,0,0.10470471985038667,0,inverted_controls,0
50,hpd,29,41.0,0.030235026982422884,0,0.08827303677070432,0,inverted_controls,0
50,hpd,30,50.0,0.023532301163728918,0,0.0886348009109497,0,inverted_controls,0
50,hpd,31,173.0,0.01,0,0.15117880673307443,0,inverted_controls,0
50,hpd,32,146.0,0.01,0,0.06653141594368572,0,inverted_controls,0
50,hpd,33,115.0,0.01,0,0.08690517812535382,0,inverted_controls,0
50,hpd,34,188.0,0.01,0,0.06874589590316123,0,inverted_controls,0
50,hpd,35,133.0,0.01,0,0.07364155296096228,0,inverted_controls,0
50,hpd,36,105.0,0.01,0,0.09040765762329102,0,inverted_controls,0
50,hpd,37,148.0,0.01,0,0.0786565821450036,0,inverted_controls,0
50,hpd,38,120.0,0.01,0,0.0705987956788805,0,inverted_controls,0
50,hpd,39,124.0,0.01,0,0.07991979006798036,0,inverted_controls,0
50,hpd,40,115.0,0.01,0,0.07668398497761159,0,inverted_controls,0
50,hpd,41,87.0,0.01,0,0.17137898978602384,0,inverted_controls,0
50,hpd,42,93.0,0.01,0,0.08451257982561665,0,inverted_controls,0
50,hpd,43,158.0,0.01,0,0.07828462978958581,0,inverted_controls,0
50,hpd,44,90.0,0.01,0,0.10082963042789038,0,inverted_controls,0
50,hpd,45,108.0,0.01,0,0.07573849183541759,0,inverted_controls,0
50,hpd,46,116.0,0.01,0,0.058512397538656474,0,inverted_controls,0
50,hpd,47,122.0,0.01,0,0.05079872100079646,0,inverted_controls,0
50,hpd,48,96.0,0.01,0,0.07775757379002042,0,inverted_controls,0
50,hpd,49,152.0,0.01,0,0.059052281212388424,0,inverted_controls,0
50,hpd,50,119.0,0.01,0,0.08293332238825096,0,inverted_controls,0
50,hpd,51,124.0,0.01,0,0.1471731899887003,0,inverted_controls,0
50,hpd,52,130.0,0.01,0,0.06819146046271692,0,inverted_controls,0
50,hpd,53,103.0,0.01,0,0.0809478435701537,0,inverted_controls,0
50,hpd,54,100.0,0.01,0,0.07891940514246623,0,inverted_controls,0
50,hpd,55,123.0,0.01,0,0.05808138944269196,0,inverted_controls,0
50,hpd,56,118.0,0.01,0,0.06923085383776219,0,inverted_controls,0
50,hpd,57,103.0,0.01,0,0.06696242884910608,0,inverted_controls,0
50,hpd,58,97.0,0.01,0,0.07469855059463133,0,inverted_controls,0
50,hpd,59,115.0,0.01,0,0.07317186853160029,0,inverted_controls,0
50,hpd,60,125.0,0.01,0,0.07447125879923502,0,inverted_controls,0
50,hpd,61,176.0,0.01,0,0.10410803398399641,0,inverted_controls,0
50,hpd,62,139.0,0.01,0,0.06675278139914827,0,inverted_controls,0
50,hpd,63,114.0,0.01,0,0.05188143967885024,0,inverted_controls,0
50,hpd,64,172.0,0.01,0,0.06868448622466981,0,inverted_controls,0
50,hpd,65,138.0,0.01,0,0.06021559583968011,0,inverted_controls,0
50,hpd,66,124.0,0.01,0,0.09208335927737658,0,inverted_controls,0
50,hpd,67,152.0,0.01,0,0.1079919560436617,0,inverted_controls,0
50,hpd,68,136.0,0.01,0,0.08404582154517082,0,inverted_controls,0
50,hpd,69,157.0,0.01,0,0.16649016554441676,0,inverted_controls,0
50,hpd,70,147.0,0.01,0,0.18146202083077292,0,inverted_controls,0
50,hpd,71,172.0,0.01,0,0.1528344976809598,0,inverted_controls,0
50,hpd,72,169.0,0.01,0,0.1076599841522277,0,inverted_controls,0
50,hpd,73,158.0,0.01,0,0.15570257585259933,0,inverted_controls,0
50,hpd,74,182.0,0.01,0,0.10895770373361888,0,inverted_controls,0
50,hpd,75,73.0,0.9511101304657719,1,1.7554151140935887,1,inverted_controls,0
50,hpd,76,28.0,0.8265651079747222,1,0.7265283720833915,1,inverted_controls,0
50,hpd,77,47.0,0.653073201944699,1,0.794833518089132,1,inverted_controls,0
50,hpd,78,106.0,0.38389143477919885,1,0.4451572400219036,1,inverted_controls,0
50,hpd,79,30.0,0.3302941218954743,1,0.6650246567196315,1,inverted_controls,0
50,hpd,80,30.0,0.28417984116121187,1,0.5889548937479654,1,inverted_controls,0
50,hpd,81,47.0,0.22453190559909803,1,0.4080077781744883,1,inverted_controls,0
50,hpd,82,98.0,0.13738520790976036,1,0.3111143193277372,1,inverted_controls,0
50,hpd,83,62.0,0.10068643904747315,1,0.41663194664062997,1,inverted_controls,0
50,hpd,84,137.0,0.05066791621302729,1,0.30193138122558594,1,inverted_controls,0
50,hpd,85,205.0,0.018132788524664028,1,0.5873321089318128,1,inverted_controls,0
50,hpd,86,146.0,0.01,1,0.30816217957566316,1,inverted_controls,0
50,hpd,87,147.0,0.01,1,0.7519931209330656,1,inverted_controls,0
50,hpd,88,183.0,0.01,1,0.33384982983705563,1,inverted_controls,0
50,hpd,89,202.0,0.01,1,0.32390940130347073,1,inverted_controls,0
50,hpd,90,255.0,0.01,1,0.2568728705636816,1,inverted_controls,0
50,hpd,91,440.0,0.01,1,0.20163151657942568,1,inverted_controls,0
50,hpd,92,244.0,0.01,1,0.48648002210373437,1,inverted_controls,0
50,hpd,93,223.0,0.01,1,0.35100863190153436,1,inverted_controls,0
50,hpd,94,179.0,0.01,1,0.2832874217290896,1,inverted_controls,0
50,hpd,95,382.0,0.01,1,0.3396203629217431,1,inverted_controls,0
50,hpd,96,302.0,0.01,1,0.2579518903959666,1,inverted_controls,0
50,hpd,97,469.0,0.01,1,0.15286563047722204,1,inverted_controls,0
50,hpd,98,228.0,0.01,1,0.15637098557767812,1,inverted_controls,0
50,hpd,99,381.0,0.01,1,0.1714518247522603,1,inverted_controls,0
50,hpd,100,145.0,0.01,1,0.21447880514736833,1,inverted_controls,0
50,hpd,101,262.0,0.01,1,0.2510591429911801,1,inverted_controls,0
50,hpd,102,222.0,0.01,1,0.18844376634191104,1,inverted_controls,0
50,hpd,103,245.0,0.01,1,0.20675883544545595,1,inverted_controls,0
50,hpd,104,197.0,0.01,1,0.24786760722320092,1,inverted_controls,0
50,hpd,105,270.0,0.01,1,0.21534346960209033,1,inverted_controls,0
50,hpd,106,214.0,0.01,1,0.24548355589774537,1,inverted_controls,0
50,hpd,107,221.0,0.01,1,0.19392834493657224,1,inverted_controls,0
50,hpd,108,270.0,0.01,1,0.18279892603556316,1,inverted_controls,0
50,hpd,109,186.0,0.01,1,0.18664551272614452,1,inverted_controls,0
50,hpd,110,227.0,0.01,1,0.17743356068578933,1,inverted_controls,0
50,hpd,111,235.0,0.01,1,0.19520366542728232,1,inverted_controls,0
50,hpd,112,255.0,0.01,1,0.18298732564340228,1,inverted_controls,0
50,hpd,113,500.0,0.01,1,0.2167748424212138,1,inverted_controls,0
50,hpd,114,238.0,0.01,1,0.17337986267581376,1,inverted_controls,0
50,hpd,115,500.0,0.01,1,0.15621574592590332,1,inverted_controls,0
50,hpd,116,424.0,0.01,1,0.18011336206640086,1,inverted_controls,0
50,hpd,117,343.0,0.01,1,0.16342264130001977,1,inverted_controls,0
50,hpd,118,277.0,0.01,1,0.16932562915283275,1,inverted_controls,0
50,hpd,119,500.0,0.01,1,0.1786515275637309,1,inverted_controls,0
50,hpd,120,348.0,0.01,1,0.1771037608270901,1,inverted_controls,0
50,hpd,121,500.0,0.01,1,0.17420361455281574,1,inverted_controls,0
50,hpd,122,263.0,0.01,1,0.15614870655219365,1,inverted_controls,0
50,hpd,123,448.0,0.01,1,0.18487949296832085,1,inverted_controls,0
50,hpd,124,279.0,0.01,1,0.17253571884036778,1,inverted_controls,0
50,hpd,125,215.0,0.0,0,0.8862370956775754,1,inverted_controls,1
50,hpd,126,214.0,0.0,0,0.8951929157768083,1,inverted_controls,1
50,hpd,127,213.0,0.0,0,0.8747589789645772,1,inverted_controls,1
50,hpd,128,202.0,0.0,0,0.9153745083919058,1,inverted_controls,1
50,hpd,129,195.0,0.0,0,0.8875668004027799,1,inverted_controls,1
50,hpd,130,215.0,0.0,0,0.8891761580178904,1,inverted_controls,1
50,hpd,131,183.0,0.0,0,0.8982506849292414,1,inverted_controls,1
50,hpd,132,239.0,0.0,0,0.9131600145183015,1,inverted_controls,1
50,hpd,133,179.0,0.0,0,0.8964965836295868,1,inverted_controls,1
50,hpd,134,199.0,0.0,0,0.8682139077577956,1,inverted_controls,1
50,hpd,135,200.0,0.0,0,0.8677730254332225,1,inverted_controls,1
50,hpd,136,211.0,0.0,0,0.9159358274691854,1,inverted_controls,1
50,hpd,137,182.0,0.0,0,0.8990935349202418,1,inverted_controls,1
50,hpd,138,205.0,0.0,0,0.8989208628491657,1,inverted_controls,1
50,hpd,139,206.0,0.0,0,0.9103536289486686,1,inverted_controls,1
50,hpd,140,218.0,0.0,0,0.9065653475781829,1,inverted_controls,1
50,hpd,141,194.0,0.0,0,0.9077029527257807,1,inverted_controls,1
50,hpd,142,249.0,0.0,0,0.8656249965529844,1,inverted_controls,1
50,hpd,143,192.0,0.0,0,0.8863124874316984,1,inverted_controls,1
50,hpd,144,194.0,0.0,0,0.8749967872891639,1,inverted_controls,1
50,hpd,145,218.0,0.0,0,0.906181169030134,1,inverted_controls,1
50,hpd,146,181.0,0.0,0,0.8865578416083179,1,inverted_controls,1
50,hpd,147,243.0,0.0,0,0.9019001349500178,1,inverted_controls,1
50,hpd,148,245.0,0.0,0,0.8828766063768037,1,inverted_controls,1
50,hpd,149,209.0,0.0,0,0.9063131474612052,1,inverted_controls,1
51,vanilla,0,38.0,1.0,0,1.0423116155883723,0,inverted_controls,0
51,vanilla,1,21.0,1.0,0,1.0970057069309174,0,inverted_controls,0
51,vanilla,2,26.0,0.8955869907338783,0,0.7413818454131101,0,inverted_controls,0
51,vanilla,3,13.0,0.8390886103705794,0,0.4543926975665948,0,inverted_controls,0
51,vanilla,4,11.0,0.7940753492934954,0,0.15068156430215549,0,inverted_controls,0
51,vanilla,5,28.0,0.6900935609921609,0,0.26191292490277973,0,inverted_controls,0
51,vanilla,6,14.0,0.6433260027715241,0,0.08942990785553338,0,inverted_controls,0
51,vanilla,7,18.0,0.5878229785513479,0,0.04391976087181656,0,inverted_controls,0
51,vanilla,8,10.0,0.5590843898207511,0,0.03431777954101563,0,inverted_controls,0
51,vanilla,9,11.0,0.5290920728090721,0,0.033328919699697784,0,inverted_controls,0
51,vanilla,10,17.0,0.4858739637363176,0,0.032357379501941154,0,inverted_controls,0
51,vanilla,11,9.0,0.46444185833082485,0,0.607663216414275,0,inverted_controls,0
51,vanilla,12,21.0,0.4180382776616619,0,0.21729214229280985,0,inverted_controls,0
51,vanilla,13,12.0,0.3936343764094253,0,0.14357852273517185,0,inverted_controls,0
51,vanilla,14,24.0,0.34901730169741024,0,0.09418906437026131,0,inverted_controls,0
51,vanilla,15,17.0,0.32050833588933575,0,0.09914049915238922,0,inverted_controls,0
51,vanilla,16,15.0,0.29729358661854943,0,0.11846769120958117,0,inverted_controls,0
51,vanilla,17,12.0,0.2799384215094006,0,0.17463448974821305,0,inverted_controls,0
51,vanilla,18,13.0,0.26227842021373715,0,0.13385341717646673,0,inverted_controls,0
51,vanilla,19,12.0,0.24696734223472733,0,0.13261419865820143,0,inverted_controls,0
51,vanilla,20,11.0,0.23371867538818816,0,0.14415235591657236,0,inverted_controls,0
51,vanilla,21,21.0,0.21036724137609603,0,0.41584738852485775,0,inverted_controls,0
51,vanilla,22,10.0,0.2000824143909432,0,0.22588740984598799,0,inverted_controls,0
51,vanilla,23,25.0,0.17651675623376062,0,0.12293310801188151,0,inverted_controls,0
51,vanilla,24,11.0,0.16704744067563246,0,0.20185165333025387,0,inverted_controls,0
51,vanilla,25,11.0,0.1580861105294992,0,0.16798195333191843,0,inverted_controls,0
51,vanilla,26,9.0,0.15111286553822956,0,0.19834903875986734,0,inverted_controls,0
51,vanilla,27,31.0,0.12936504510050365,0,0.11821922179191344,0,inverted_controls,0
51,vanilla,28,130.0,0.06742445445908266,0,0.08550363381703693,0,inverted_controls,0
51,vanilla,29,163.0,0.029783765425331846,0,0.08416958089255117,0,inverted_controls,0
51,vanilla,30,123.0,0.01607750060057119,0,0.07955772056166073,0,inverted_controls,0
51,vanilla,31,243.0,0.01,0,0.09598849634084192,0,inverted_controls,0
51,vanilla,32,217.0,0.01,0,0.08230041871605565,0,inverted_controls,0
51,vanilla,33,199.0,0.01,0,0.08034174006987656,0,inverted_controls,0
51,vanilla,34,230.0,0.01,0,0.0813882713732512,0,inverted_controls,0
51,vanilla,35,189.0,0.01,0,0.08059824753480405,0,inverted_controls,0
51,vanilla,36,196.0,0.01,0,0.0827271135485902,0,inverted_controls,0
51,vanilla,37,237.0,0.01,0,0.09681165000389731,0,inverted_controls,0
51,vanilla,38,161.0,0.01,0,0.1053276160735768,0,inverted_controls,0
51,vanilla,39,188.0,0.01,0,0.08634887139002484,0,inverted_controls,0
51,vanilla,40,196.0,0.01,0,0.0968863165297476,0,inverted_controls,0
51,vanilla,41,241.0,0.01,0,0.10653785617189948,0,inverted_controls,0
51,vanilla,42,215.0,0.01,0,0.08571150432261385,0,inverted_controls,0
51,vanilla,43,191.0,0.01,0,0.09932065301332592,0,inverted_controls,0
51,vanilla,44,182.0,0.01,0,0.0884834410070063,0,inverted_controls,0
51,vanilla,45,209.0,0.01,0,0.07998515620376123,0,inverted_controls,0
51,vanilla,46,211.0,0.01,0,0.08517522043526456,0,inverted_controls,0
51,vanilla,47,181.0,0.01,0,0.09583442689744587,0,inverted_controls,0
51,vanilla,48,215.0,0.01,0,0.07403037492619004,0,inverted_controls,0
51,vanilla,49,191.0,0.01,0,0.09078804152590235,0,inverted_controls,0
51,vanilla,50,196.0,0.01,0,0.07450685857915554,0,inverted_controls,0
51,vanilla,51,244.0,0.01,0,0.11695544967234461,0,inverted_controls,0
51,vanilla,52,200.0,0.01,0,0.09993962287902831,0,inverted_controls,0
51,vanilla,53,183.0,0.01,0,0.09793998287458021,0,inverted_controls,0
51,vanilla,54,237.0,0.01,0,0.09475528472921853,0,inverted_controls,0
51,vanilla,55,181.0,0.01,0,0.081064874076492,0,inverted_controls,0
51,vanilla,56,203.0,0.01,0,0.09958745223548025,0,inverted_controls,0
51,vanilla,57,195.0,0.01,0,0.10010755816076555,0,inverted_controls,0
51,vanilla,58,92.0,0.01,0,0.11264889136604639,0,inverted_controls,0
51,vanilla,59,173.0,0.01,0,0.08333872738141775,0,inverted_controls,0
51,vanilla,60,131.0,0.01,0,0.0893987080523076,0,inverted_controls,0
51,vanilla,61,145.0,0.01,0,0.1378585037143751,0,inverted_controls,0
51,vanilla,62,389.0,0.01,0,0.09793657672231587,0,inverted_controls,0
51,vanilla,63,96.0,0.01,0,0.1353237827618917,0,inverted_controls,0
51,vanilla,64,101.0,0.01,0,0.11277636757778255,0,inverted_controls,0
51,vanilla,65,262.0,0.01,0,0.10791119485714355,0,inverted_controls,0
51,vanilla,66,135.0,0.01,0,0.10694931171558521,0,inverted_controls,0
51,vanilla,67,173.0,0.01,0,0.11944792679509217,0,inverted_controls,0
51,vanilla,68,270.0,0.01,0,0.1108621644385067,0,inverted_controls,0
51,vanilla,69,327.0,0.01,0,0.11461239585332063,0,inverted_controls,0
51,vanilla,70,104.0,0.01,0,0.1274319589138031,0,inverted_controls,0
51,vanilla,71,20.0,0.01,0,0.6853366136550905,0,inverted_controls,0
51,vanilla,72,274.0,0.01,0,0.29552794459962495,0,inverted_controls,0
51,vanilla,73,82.0,0.01,0,0.1062495272334029,0,inverted_controls,0
51,vanilla,74,67.0,0.01,0,0.14648500366590508,0,inverted_controls,0
51,vanilla,75,11.0,1.0,0,0.21908706607240616,1,inverted_controls,0
51,vanilla,76,25.0,1.0,0,0.40496044158935546,1,inverted_controls,0
51,vanilla,77,48.0,0.9000874278732445,0,0.29133200811015236,1,inverted_controls,0
51,vanilla,78,25.0,0.7940753492934954,0,0.5495204575856527,1,inverted_controls,0
51,vanilla,79,12.0,0.7477194593032545,0,0.6128090454472436,1,inverted_controls,0
51,vanilla,80,19.0,0.6797938283326578,0,0.19844068978962145,1,inverted_controls,0
51,vanilla,81,34.0,0.5732736268885887,0,0.5140437331854129,1,inverted_controls,0
51,vanilla,82,66.0,0.4117990041127769,0,0.4212646427178624,1,inverted_controls,0
51,vanilla,83,11.0,0.3897078735047413,0,0.3639858888857292,1,inverted_controls,0
51,vanilla,84,116.0,0.2178795886667409,0,0.21446947530768382,1,inverted_controls,0
51,vanilla,85,74.0,0.15035730121053842,0,0.2133374600797086,1,inverted_controls,0
51,vanilla,86,113.0,0.08533607153708872,0,0.1476188349512826,1,inverted_controls,0
51,vanilla,87,139.0,0.04251487140556204,0,0.10589812813902931,1,inverted_controls,0
51,vanilla,88,109.0,0.024618221284683196,0,0.12430939871236818,1,inverted_controls,0
51,vanilla,89,108.0,0.014326806379480736,0,0.08716306053561927,1,inverted_controls,0
51,vanilla,90,127.0,0.01,0,0.0873296702001977,1,inverted_controls,0
51,vanilla,91,115.0,0.01,0,0.14850021842597186,1,inverted_controls,0
51,vanilla,92,142.0,0.01,0,0.08069863789518114,1,inverted_controls,0
51,vanilla,93,133.0,0.01,0,0.09160533345731578,1,inverted_controls,0
51,vanilla,94,181.0,0.01,0,0.1409381805862511,1,inverted_controls,0
51,vanilla,95,233.0,0.01,0,0.10925278754022841,1,inverted_controls,0
51,vanilla,96,179.0,0.01,0,0.09304933663409072,1,inverted_controls,0
51,vanilla,97,193.0,0.01,0,0.07299438432914193,1,inverted_controls,0
51,vanilla,98,182.0,0.01,0,0.06888529751108681,1,inverted_controls,0
51,vanilla,99,152.0,0.01,0,0.08451676035397931,1,inverted_controls,0
51,vanilla,100,151.0,0.01,0,0.07679353480044315,1,inverted_controls,0
51,vanilla,101,197.0,0.01,0,0.17264443666196716,1,inverted_controls,0
51,vanilla,102,166.0,0.01,0,0.06548707145284936,1,inverted_controls,0
51,vanilla,103,239.0,0.01,0,0.05711630830538655,1,inverted_controls,0
51,vanilla,104,165.0,0.01,0,0.054191372490892516,1,inverted_controls,0
51,vanilla,105,203.0,0.01,0,0.05182657785995057,1,inverted_controls,0
51,vanilla,106,202.0,0.01,0,0.049943473472847014,1,inverted_controls,0
51,vanilla,107,375.0,0.01,0,0.05543792650434706,1,inverted_controls,0
51,vanilla,108,388.0,0.01,0,0.07367707302480218,1,inverted_controls,0
51,vanilla,109,170.0,0.01,0,0.05153502482993931,1,inverted_controls,0
51,vanilla,110,214.0,0.01,0,0.04540971970632441,1,inverted_controls,0
51,vanilla,111,173.0,0.01,0,0.09461904042947727,1,inverted_controls,0
51,vanilla,112,237.0,0.01,0,0.04849716513804076,1,inverted_controls,0
51,vanilla,113,204.0,0.01,0,0.051331542675791215,1,inverted_controls,0
51,vanilla,114,226.0,0.01,0,0.058156423160811786,1,inverted_controls,0
51,vanilla,115,170.0,0.01,0,0.06885955941443349,1,inverted_controls,0
51,vanilla,116,262.0,0.01,0,0.06701616628176081,1,inverted_controls,0
51,vanilla,117,205.0,0.01,0,0.07506418305683912,1,inverted_controls,0
51,vanilla,118,197.0,0.01,0,0.08749667198323154,1,inverted_controls,0
51,vanilla,119,175.0,0.01,0,0.07058178492954799,1,inverted_controls,0
51,vanilla,120,223.0,0.01,0,0.07181317781297258,1,inverted_controls,0
51,vanilla,121,195.0,0.01,0,0.1275343528160682,1,inverted_controls,0
51,vanilla,122,189.0,0.01,0,0.09244607659664525,1,inverted_controls,0
51,vanilla,123,342.0,0.01,0,0.06831024590059098,1,inverted_controls,0
51,vanilla,124,201.0,0.01,0,0.09418612807544309,1,inverted_controls,0
51,vanilla,125,305.0,0.0,0,0.06264512942788379,1,inverted_controls,1
51,vanilla,126,248.0,0.0,0,0.07192697576297227,1,inverted_controls,1
51,vanilla,127,321.0,0.0,0,0.06904065051925516,1,inverted_controls,1
51,vanilla,128,361.0,0.0,0,0.2236062311399676,1,inverted_controls,1
51,vanilla,129,199.0,0.0,0,0.07423683946056782,1,inverted_controls,1
51,vanilla,130,381.0,0.0,0,0.22046872345064153,1,inverted_controls,1
51,vanilla,131,196.0,0.0,0,0.8595810009508716,1,inverted_controls,1
51,vanilla,132,306.0,0.0,0,0.8639666192671832,1,inverted_controls,1
51,vanilla,133,188.0,0.0,0,0.8609770494149931,1,inverted_controls,1
51,vanilla,134,220.0,0.0,0,0.8620725313822428,1,inverted_controls,1
51,vanilla,135,233.0,0.0,0,0.862274838448935,1,inverted_controls,1
51,vanilla,136,269.0,0.0,0,0.8628070511043884,1,inverted_controls,1
51,vanilla,137,219.0,0.0,0,0.8603648137828531,1,inverted_controls,1
51,vanilla,138,203.0,0.0,0,0.8597763355925361,1,inverted_controls,1
51,vanilla,139,183.0,0.0,0,0.858224819266731,1,inverted_controls,1
51,vanilla,140,217.0,0.0,0,0.859830165605208,1,inverted_controls,1
51,vanilla,141,188.0,0.0,0,0.8599083313705228,1,inverted_controls,1
51,vanilla,142,229.0,0.0,0,0.860722416179496,1,inverted_controls,1
51,vanilla,143,265.0,0.0,0,0.8624054236981854,1,inverted_controls,1
51,vanilla,144,227.0,0.0,0,0.8610239715128042,1,inverted_controls,1
51,vanilla,145,351.0,0.0,0,0.9135725930658615,1,inverted_controls,1
51,vanilla,146,213.0,0.0,0,0.8612649078846725,1,inverted_controls,1
51,vanilla,147,323.0,0.0,0,0.8639193570281699,1,inverted_controls,1
51,vanilla,148,192.0,0.0,0,0.859662419392003,1,inverted_controls,1
51,vanilla,149,209.0,0.0,0,0.8614698186445464,1,inverted_controls,1
51,hpd,0,38.0,1.0,0,1.0423116155883723,0,inverted_controls,0
51,hpd,1,21.0,1.0,0,1.0970057069309174,0,inverted_controls,0
51,hpd,2,26.0,0.8955869907338783,0,0.7413818454131101,0,inverted_controls,0
51,hpd,3,13.0,0.8390886103705794,0,0.4543926975665948,0,inverted_controls,0
51,hpd,4,11.0,0.7940753492934954,0,0.15068156430215549,0,inverted_controls,0
51,hpd,5,28.0,0.6900935609921609,0,0.26191292490277973,0,inverted_controls,0
51,hpd,6,14.0,0.6433260027715241,0,0.08942990785553338,0,inverted_controls,0
51,hpd,7,18.0,0.5878229785513479,0,0.04391976087181656,0,inverted_controls,0
51,hpd,8,10.0,0.5590843898207511,0,0.03431777954101563,0,inverted_controls,0
51,hpd,9,11.0,0.5290920728090721,0,0.033328919699697784,0,inverted_controls,0
51,hpd,10,17.0,0.4858739637363176,0,0.032357379501941154,0,inverted_controls,0
51,hpd,11,9.0,0.46444185833082485,0,0.607663216414275,0,inverted_controls,0
51,hpd,12,21.0,0.4180382776616619,0,0.21729214229280985,0,inverted_controls,0
51,hpd,13,12.0,0.3936343764094253,0,0.14357852273517185,0,inverted_controls,0
51,hpd,14,24.0,0.34901730169741024,0,0.09418906437026131,0,inverted_controls,0
51,hpd,15,17.0,0.32050833588933575,0,0.09914049915238922,0,inverted_controls,0
51,hpd,16,15.0,0.29729358661854943,0,0.11846769120958117,0,inverted_controls,0
51,hpd,17,12.0,0.2799384215094006,0,0.17463448974821305,0,inverted_controls,0
51,hpd,18,13.0,0.26227842021373715,0,0.13385341717646673,0,inverted_controls,0
51,hpd,19,12.0,0.24696734223472733,0,0.13261419865820143,0,inverted_controls,0
51,hpd,20,11.0,0.23371867538818816,0,0.14415235591657236,0,inverted_controls,0
51,hpd,21,21.0,0.21036724137609603,0,0.41584738852485775,0,inverted_controls,0
51,hpd,22,10.0,0.2000824143909432,0,0.22588740984598799,0,inverted_controls,0
51,hpd,23,25.0,0.17651675623376062,0,0.12293310801188151,0,inverted_controls,0
51,hpd,24,11.0,0.16704744067563246,0,0.20185165333025387,0,inverted_controls,0
51,hpd,25,11.0,0.1580861105294992,0,0.16798195333191843,0,inverted_controls,0
51,hpd,26,9.0,0.15111286553822956,0,0.19834903875986734,0,inverted_controls,0
51,hpd,27,31.0,0.12936504510050365,0,0.11821922179191344,0,inverted_controls,0
51,hpd,28,130.0,0.06742445445908266,0,0.08550363381703693,0,inverted_controls,0
51,hpd,29,163.0,0.029783765425331846,0,0.08416958089255117,0,inverted_controls,0
51,hpd,30,123.0,0.01607750060057119,0,0.07955772056166073,0,inverted_controls,0
51,hpd,31,243.0,0.01,0,0.09598849634084192,0,inverted_controls,0
51,hpd,32,217.0,0.01,0,0.08230041871605565,0,inverted_controls,0
51,hpd,33,199.0,0.01,0,0.08034174006987656,0,inverted_controls,0
51,hpd,34,230.0,0.01,0,0.0813882713732512,0,inverted_controls,0
51,hpd,35,189.0,0.01,0,0.08059824753480405,0,inverted_controls,0
51,hpd,36,196.0,0.01,0,0.0827271135485902,0,inverted_controls,0
51,hpd,37,237.0,0.01,0,0.09681165000389731,0,inverted_controls,0
51,hpd,38,161.0,0.01,0,0.1053276160735768,0,inverted_controls,0
51,hpd,39,188.0,0.01,0,0.08634887139002484,0,inverted_controls,0
51,hpd,40,196.0,0.01,0,0.0968863165297476,0,inverted_controls,0
51,hpd,41,241.0,0.01,0,0.10653785617189948,0,inverted_controls,0
51,hpd,42,215.0,0.01,0,0.08571150432261385,0,inverted_controls,0
51,hpd,43,191.0,0.01,0,0.09932065301332592,0,inverted_controls,0
51,hpd,44,182.0,0.01,0,0.0884834410070063,0,inverted_controls,0
51,hpd,45,209.0,0.01,0,0.07998515620376123,0,inverted_controls,0
51,hpd,46,211.0,0.01,0,0.08517522043526456,0,inverted_controls,0
51,hpd,47,181.0,0.01,0,0.09583442689744587,0,inverted_controls,0
51,hpd,48,215.0,0.01,0,0.07403037492619004,0,inverted_controls,0
51,hpd,49,191.0,0.01,0,0.09078804152590235,0,inverted_controls,0
51,hpd,50,196.0,0.01,0,0.07450685857915554,0,inverted_controls,0
51,hpd,51,244.0,0.01,0,0.11695544967234461,0,inverted_controls,0
51,hpd,52,200.0,0.01,0,0.09993962287902831,0,inverted_controls,0
51,hpd,53,183.0,0.01,0,0.09793998287458021,0,inverted_controls,0
51,hpd,54,237.0,0.01,0,0.09475528472921853,0,inverted_controls,0
51,hpd,55,181.0,0.01,0,0.081064874076492,0,inverted_controls,0
51,hpd,56,203.0,0.01,0,0.09958745223548025,0,inverted_controls,0
51,hpd,57,195.0,0.01,0,0.10010755816076555,0,inverted_controls,0
51,hpd,58,92.0,0.01,0,0.11264889136604639,0,inverted_controls,0
51,hpd,59,173.0,0.01,0,0.08333872738141775,0,inverted_controls,0
51,hpd,60,131.0,0.01,0,0.0893987080523076,0,inverted_controls,0
51,hpd,61,145.0,0.01,0,0.1378585037143751,0,inverted_controls,0
51,hpd,62,389.0,0.01,0,0.09793657672231587,0,inverted_controls,0
51,hpd,63,96.0,0.01,0,0.1353237827618917,0,inverted_controls,0
51,hpd,64,101.0,0.01,0,0.11277636757778255,0,inverted_controls,0
51,hpd,65,262.0,0.01,0,0.10791119485714355,0,inverted_controls,0
51,hpd,66,135.0,0.01,0,0.10694931171558521,0,inverted_controls,0
51,hpd,67,173.0,0.01,0,0.11944792679509217,0,inverted_controls,0
51,hpd,68,270.0,0.01,0,0.1108621644385067,0,inverted_controls,0
51,hpd,69,327.0,0.01,0,0.11461239585332063,0,inverted_controls,0
51,hpd,70,104.0,0.01,0,0.1274319589138031,0,inverted_controls,0
51,hpd,71,20.0,0.01,0,0.6853366136550905,0,inverted_controls,0
51,hpd,72,274.0,0.01,0,0.29552794459962495,0,inverted_controls,0
51,hpd,73,82.0,0.01,0,0.1062495272334029,0,inverted_controls,0
51,hpd,74,67.0,0.01,0,0.14648500366590508,0,inverted_controls,0
51,hpd,75,12.0,1.0,1,0.6206623050901625,1,inverted_controls,0
51,hpd,76,25.0,1.0,1,1.9118389256795247,1,inverted_controls,0
51,hpd,77,75.0,0.7822236754458713,1,0.7286540900336372,1,inverted_controls,0
51,hpd,78,49.0,0.6118738784280476,1,0.8257461502438499,1,inverted_controls,0
51,hpd,79,53.0,0.46912134373457726,1,0.5291585502384594,1,inverted_controls,0
51,hpd,80,66.0,0.33698341088258443,1,0.46708061719181565,1,inverted_controls,0
51,hpd,81,25.0,0.29729358661854943,1,0.6302302074432373,1,inverted_controls,0
51,hpd,82,72.0,0.20722748400265262,1,0.43235848457724957,1,inverted_controls,0
51,hpd,83,27.0,0.18099664897669618,1,0.49172554487063563,1,inverted_controls,0
51,hpd,84,38.0,0.14960551470448571,1,0.4367732478861224,1,inverted_controls,0
51,hpd,85,91.0,0.09480864735409487,1,0.4121990710387737,1,inverted_controls,0
51,hpd,86,85.0,0.06191698689958447,1,0.4123901124094047,1,inverted_controls,0
51,hpd,87,76.0,0.04230229704853423,1,0.39909615433006956,1,inverted_controls,0
51,hpd,88,48.0,0.03325613897196732,1,0.38502140177620786,1,inverted_controls,0
51,hpd,89,67.0,0.023769400938086327,1,0.39378751451103244,1,inverted_controls,0
51,hpd,90,38.0,0.01964695745288379,1,0.32622938825373066,1,inverted_controls,0
51,hpd,91,106.0,0.01154893304942575,1,0.3161238124535518,1,inverted_controls,0
51,hpd,92,182.0,0.01,1,0.3011432951623267,1,inverted_controls,0
51,hpd,93,152.0,0.01,1,0.3063048061571623,1,inverted_controls,0
51,hpd,94,204.0,0.01,1,0.3157791951123406,1,inverted_controls,0
51,hpd,95,242.0,0.01,1,0.5067338135616839,1,inverted_controls,0
51,hpd,96,243.0,0.01,1,0.2856213650749217,1,inverted_controls,0
51,hpd,97,241.0,0.01,1,0.38861109623440737,1,inverted_controls,0
51,hpd,98,229.0,0.01,1,0.26818216593157945,1,inverted_controls,0
51,hpd,99,500.0,0.01,1,0.2806652216911316,1,inverted_controls,0
51,hpd,100,299.0,0.01,1,0.2351795763209246,1,inverted_controls,0
51,hpd,101,500.0,0.01,1,0.1930960750579834,1,inverted_controls,0
51,hpd,102,464.0,0.01,1,0.3142994559187998,1,inverted_controls,0
51,hpd,103,212.0,0.01,1,0.37159754326508476,1,inverted_controls,0
51,hpd,104,211.0,0.01,1,0.5020259985991564,1,inverted_controls,0
51,hpd,105,199.0,0.01,1,0.41177365528279214,1,inverted_controls,0
51,hpd,106,211.0,0.01,1,0.5436582020108733,1,inverted_controls,0
51,hpd,107,175.0,0.01,1,0.3534692771094186,1,inverted_controls,0
51,hpd,108,173.0,0.01,1,0.42537641754958894,1,inverted_controls,0
51,hpd,109,180.0,0.01,1,0.32765505689161795,1,inverted_controls,0
51,hpd,110,170.0,0.01,1,0.33518339909759226,1,inverted_controls,0
51,hpd,111,135.0,0.01,1,0.2801123059826133,1,inverted_controls,0
51,hpd,112,168.0,0.01,1,0.20351578484451957,1,inverted_controls,0
51,hpd,113,42.0,0.01,1,0.3837134383973621,1,inverted_controls,0
51,hpd,114,28.0,0.01,1,0.6180060959997631,1,inverted_controls,0
51,hpd,115,28.0,0.01,1,0.6087005251929875,1,inverted_controls,0
51,hpd,116,500.0,0.01,1,0.34555399942398074,1,inverted_controls,0
51,hpd,117,460.0,0.01,1,0.20344396103983337,1,inverted_controls,0
51,hpd,118,251.0,0.01,1,0.19824759355420926,1,inverted_controls,0
51,hpd,119,269.0,0.01,1,0.20900750411339702,1,inverted_controls,0
51,hpd,120,378.0,0.01,1,0.17754027158074487,1,inverted_controls,0
51,hpd,121,500.0,0.01,1,0.3320628391901652,1,inverted_controls,0
51,hpd,122,481.0,0.01,1,0.34519192690000056,1,inverted_controls,0
51,hpd,123,500.0,0.01,1,0.300699251015981,1,inverted_controls,0
51,hpd,124,453.0,0.01,1,0.21788983997656547,1,inverted_controls,0
51,hpd,125,209.0,0.0,0,0.8531242660358191,1,inverted_controls,1
51,hpd,126,214.0,0.0,0,0.8650756409606457,1,inverted_controls,1
51,hpd,127,199.0,0.0,0,0.8558862377051732,1,inverted_controls,1
51,hpd,128,178.0,0.0,0,0.8535073613852597,1,inverted_controls,1
51,hpd,129,176.0,0.0,0,0.8533093484513686,1,inverted_controls,1
51,hpd,130,228.0,0.0,0,0.8623699178124031,1,inverted_controls,1
51,hpd,131,221.0,0.0,0,0.861260266865001,1,inverted_controls,1
51,hpd,132,258.0,0.0,0,0.8696623382950321,1,inverted_controls,1
51,hpd,133,388.0,0.0,0,0.861972263895769,1,inverted_controls,1
51,hpd,134,192.0,0.0,0,0.8584535315425859,1,inverted_controls,1
51,hpd,135,191.0,0.0,0,0.8505667760110026,1,inverted_controls,1
51,hpd,136,207.0,0.0,0,0.8639928879945175,1,inverted_controls,1
51,hpd,137,202.0,0.0,0,0.8732845139975595,1,inverted_controls,1
51,hpd,138,176.0,0.0,0,0.8501244115106988,1,inverted_controls,1
51,hpd,139,210.0,0.0,0,0.8532562895426674,1,inverted_controls,1
51,hpd,140,199.0,0.0,0,0.8701122124590467,1,inverted_controls,1
51,hpd,141,202.0,0.0,0,0.8572660664914071,1,inverted_controls,1
51,hpd,142,223.0,0.0,0,0.8689260607521274,1,inverted_controls,1
51,hpd,143,205.0,0.0,0,0.8755192175144102,1,inverted_controls,1
51,hpd,144,200.0,0.0,0,0.8667641338706017,1,inverted_controls,1
51,hpd,145,209.0,0.0,0,0.8707805926149542,1,inverted_controls,1
51,hpd,146,265.0,0.0,0,0.871759593111914,1,inverted_controls,1
51,hpd,147,245.0,0.0,0,0.8717112417934703,1,inverted_controls,1
51,hpd,148,252.0,0.0,0,0.8592904156477993,1,inverted_controls,1
51,hpd,149,276.0,0.0,0,0.8586107953878993,1,inverted_controls,1
